<?xml version="1.0"?>
<COLLADA xmlns="http://www.collada.org/2005/11/COLLADASchema" version="1.4.1">
	<asset>
		<contributor>
			<author>Assimp</author>
			<authoring_tool>Assimp Exporter</authoring_tool>
		</contributor>
		<created>2021-01-18T13:57:48</created>
		<modified>2021-01-18T13:57:48</modified>
		<unit name="meter" meter="1.000000" />
		<up_axis>Y_UP</up_axis>
	</asset>
	<library_effects>
		<effect id="DefaultMaterial-fx" name="DefaultMaterial">
			<profile_COMMON>
				<technique sid="standard">
					<phong>
						<diffuse>
							<color sid="diffuse">0.600000   0.600000   0.600000   1.000000</color>
						</diffuse>
					</phong>
				</technique>
			</profile_COMMON>
		</effect>
	</library_effects>
	<library_materials>
		<material id="DefaultMaterial" name="DefaultMaterial">
			<instance_effect url="#DefaultMaterial-fx"/>
		</material>
	</library_materials>
	<library_geometries>
		<geometry id="meshId0" name="meshId0_name" >
			<mesh>
				<source id="meshId0-positions" name="meshId0-positions">
					<float_array id="meshId0-positions-array" count="16431"> 
						-10.529516 10.526325 47.636147 -7.119017 10.354297 49.253464 -7.134419 11.941707 48.708870 -10.209855 11.767088 47.259293 -1.865039 12.319122 45.442574 -10.529670 12.319119 44.121895 -10.209855 11.767088 47.259293 -7.134419 11.941707 48.708870 -11.488647 11.080152 46.926521 -3.950084 11.984104 49.462669 -11.876649 10.540469 46.630684 -10.529670 12.319119 44.121895 -11.645542 11.550695 43.811790 -11.488647 11.080152 46.926521 -10.209855 11.767088 47.259293 -10.050745 7.844605 48.141541 -7.096795 8.077610 49.825207 -4.209254 10.671145 50.125053 -3.950084 11.984104 49.462669 -10.529668 12.319777 36.270424 -1.865040 12.319121 36.270416 -11.816938 7.844605 46.632648 -12.210853 10.526086 43.083145 -11.876649 10.540469 46.630684 -5.727803 8.554434 50.967926 -1.889274 12.303367 5.290664 -10.529938 12.216636 5.270086 -1.865040 12.319121 36.270416 -10.529668 12.319777 36.270424 -11.645538 11.550696 36.270416 -1.865039 11.992090 49.607372 -11.816938 7.844605 46.632648 -11.876649 10.540469 46.630684 -12.210853 10.526086 43.083145 -12.063416 7.844606 42.455864 -9.901773 1.129605 48.179337 -7.028123 1.129604 49.567039 -1.874489 11.090593 50.466862 -1.865039 11.992090 49.607372 6.799588 12.319777 36.270416 6.751386 12.216636 5.270085 -10.529938 12.216636 5.270086 -11.333594 12.105586 5.515312 -11.645582 11.550507 5.535141 -12.210849 10.526087 36.270412 3.404341 11.941707 48.708870 0.220005 11.984104 49.462669 6.799586 12.319121 44.121887 -5.603657 7.860614 45.910839 -5.603656 7.860613 47.419724 -10.050745 7.844605 48.141541 -11.816938 7.844605 46.632648 -6.178535 6.021324 51.373062 -4.209254 10.671145 50.125053 -5.727803 8.554434 50.967926 -3.718322 10.521756 51.046055 -10.163021 12.310320 4.355719 -1.889274 12.319586 2.087058 -9.505438 12.319586 2.086692 -10.044253 12.319586 2.264739 -10.162992 12.295753 2.827743 -12.210897 10.525901 5.541047 -12.210849 8.058210 36.270416 -12.219764 7.844606 39.806431 
						-12.210849 10.526087 36.270412 6.479774 11.767088 47.259293 6.799588 12.319777 36.270416 6.799586 12.319121 44.121887 7.915462 11.550695 43.811790 7.915462 11.550696 36.270416 0.460278 10.671145 50.125053 0.220005 11.984104 49.462669 -12.063416 7.844606 42.455864 -5.603656 7.860615 42.455868 -12.219764 7.844606 39.806431 -5.603656 7.860616 39.084618 -5.603656 7.860614 41.739983 -12.105663 7.844605 41.739983 -5.001907 5.049146 57.045315 -4.669351 7.559483 57.343136 -5.727803 8.554434 50.967926 -6.178535 6.021324 51.373062 -1.874489 11.090593 50.466862 -3.379687 9.397177 57.561150 -3.718322 10.521756 51.046055 -10.303846 6.957653 47.859638 -10.559315 5.829477 47.557850 -11.054277 3.852998 47.006306 -11.309357 2.966043 46.724400 -11.520870 1.966478 46.486702 -11.761545 1.129606 46.220718 -10.819251 4.942523 47.270119 -9.795673 -5.808837 46.401222 -7.095012 -5.817071 47.428268 -10.163021 12.310320 4.355719 -10.499973 12.791314 4.072769 -10.749972 12.697529 4.822769 -10.529938 12.216636 5.270086 6.751386 12.216636 5.270085 7.867028 11.550507 5.535140 7.555045 12.105586 5.515313 6.384469 12.310320 4.355720 6.384442 12.295753 2.827745 6.265702 12.319586 2.264738 5.726890 12.319586 2.086691 -10.529938 12.216636 5.270086 -10.749972 12.697529 4.822769 -11.499973 12.435242 5.072771 -11.333594 12.105586 5.515312 -11.984387 11.846278 5.072769 -12.776151 10.781781 5.072769 -12.210897 10.525901 5.541047 -11.645582 11.550507 5.535141 -12.210897 10.525901 5.541047 -12.210897 8.840000 5.541044 -12.210897 8.237989 5.735843 -12.210897 8.058029 6.299304 -12.210896 8.058029 12.882906 3.388939 10.354297 49.253464 3.404341 11.941707 48.708870 6.799434 10.526325 47.636147 6.479774 11.767088 47.259293 7.758567 11.080152 46.926521 6.479774 11.767088 47.259293 8.480769 10.526086 43.083145 8.480771 10.526087 36.270416 -5.603656 6.973659 42.455864 -5.603657 6.973658 45.829868 
						-5.603657 7.860614 45.910839 -5.603656 7.860615 42.455868 -12.228690 7.630615 39.665382 -12.228690 7.630615 39.665382 -5.603656 7.646625 38.943565 -5.603656 7.860616 39.084618 -12.219764 7.844606 39.806431 -5.603656 7.646625 38.943565 -5.603656 7.417136 38.894951 -5.603656 7.187653 38.943569 -5.603656 6.973660 39.084618 -5.603656 6.973659 41.739983 -5.603656 7.860614 41.739983 -5.603656 7.860616 39.084618 -10.050745 7.844605 48.141541 -5.603656 7.860613 47.419724 -5.603656 6.973659 47.137821 -10.303846 6.957653 47.859638 -5.603656 6.973659 47.137821 -5.603656 7.860613 47.419724 -5.727640 1.377314 51.073196 -4.669233 1.854456 56.747490 -1.865040 9.794347 57.608265 -1.874489 11.090593 50.466862 -3.610507 -0.500673 51.195290 -5.727640 1.377314 51.073196 -3.874339 -5.827847 48.046364 -3.744146 -0.985871 50.192165 0.460278 10.671145 50.125053 -0.011759 10.521756 51.046055 -10.162992 12.295753 2.827743 -10.499973 12.806307 2.500447 6.971419 12.697529 4.822768 6.721419 12.791314 4.072766 6.384469 12.310320 4.355720 6.751386 12.216636 5.270085 -11.499973 12.435242 5.072771 -11.333594 12.105586 5.515312 -12.210896 8.058029 12.882906 -12.710658 7.765287 12.819368 -12.589064 7.765287 23.351414 -12.210849 8.058210 36.270416 -12.210897 10.525901 5.541047 -12.776151 10.781781 5.072769 -12.780205 8.765290 5.072769 -12.210897 8.840000 5.541044 -12.781713 8.015288 5.322768 -12.210897 8.237989 5.735843 -12.210897 8.237989 5.735843 -12.781713 8.015288 5.322768 -12.782215 7.765288 6.072771 -12.210897 8.058029 6.299304 7.758567 11.080152 46.926521 8.146565 10.540469 46.630684 8.432343 10.525901 5.541046 8.480769 10.526086 43.083145 8.489682 7.844606 39.806435 8.480771 8.058210 36.270416 8.480771 10.526087 36.270416 1.978825 8.554434 50.967926 3.366714 8.077610 49.825207 -12.238265 7.401131 39.616768 -12.238265 7.401131 39.616768 -5.603656 7.417136 38.894951 
						-5.603656 6.973659 47.137821 -5.603657 6.973658 45.829868 -11.834829 6.957652 46.551685 -10.303846 6.957653 47.859638 -4.374169 1.352043 63.907864 -4.674699 3.839480 64.359314 -4.374277 6.326906 64.810791 -3.209225 8.147820 65.141281 -3.107194 0.016761 56.529488 -3.610507 -0.500673 51.195290 -11.834829 6.957652 46.551685 -11.857592 5.829477 46.448711 -10.559315 5.829477 47.557850 -10.303846 6.957653 47.859638 -10.559315 5.829477 47.557850 -5.603656 5.897045 46.937908 -5.603656 5.010091 46.656006 -10.819251 4.942523 47.270119 -11.875485 4.942522 46.367752 -11.897465 3.852998 46.268303 -11.054277 3.852998 47.006306 -10.819251 4.942523 47.270119 -11.054277 3.852998 47.006306 -5.603656 3.799097 46.502548 -5.603656 2.912140 46.220642 -11.309357 2.966043 46.724400 -11.309357 2.966043 46.724400 -11.915359 2.966043 46.187340 -11.935526 1.966478 46.096100 -11.520870 1.966478 46.486702 -11.520870 1.966478 46.486702 -5.603656 2.038544 46.114799 -5.603657 1.201670 45.848824 -11.761545 1.129606 46.220718 -11.802368 0.144042 45.947872 -11.896545 -0.742912 45.641830 -11.862904 -1.870503 45.414276 -11.745548 -5.804152 44.620441 -7.116396 -8.030815 46.205299 -3.916305 -8.066609 46.688721 -10.527921 -8.273451 45.543152 1.978825 8.554434 50.967926 -0.350394 9.397177 57.561150 -0.011759 10.521756 51.046055 -11.499973 12.435242 5.072771 -10.749972 12.697529 4.822769 -10.499973 12.791314 4.072769 -10.499973 12.806307 2.500447 -10.499972 12.781779 1.500147 -11.984386 11.846276 1.500445 -11.984387 11.846278 5.072769 7.721419 12.435242 5.072768 6.971419 12.697529 4.822768 6.751386 12.216636 5.270085 7.555045 12.105586 5.515313 6.721419 12.806307 2.500448 6.384442 12.295753 2.827745 -12.776151 10.781781 5.072769 -12.776150 10.781779 1.500444 -12.589064 7.765287 23.351414 -12.589064 1.129424 23.351416 -12.499924 1.129612 36.270416 -12.210849 8.058210 36.270416 -12.780205 8.765290 5.072769 
						-12.776151 10.781781 5.072769 -12.776150 10.781779 1.500444 -12.782215 7.765290 5.073143 -12.782214 7.765289 1.500445 6.320662 7.844605 48.141541 8.146565 10.540469 46.630684 8.432343 10.525901 5.541046 8.997598 10.781781 5.072769 8.205836 11.846278 5.072768 7.867028 11.550507 5.535140 8.432343 8.237989 5.735842 8.432343 8.840000 5.541044 8.432343 10.525901 5.541046 8.432343 8.058029 6.299303 8.432347 8.058029 12.882904 -12.247840 7.171643 39.665382 -12.247840 7.171643 39.665382 -5.603656 7.187653 38.943569 -2.963062 -0.468895 63.577366 -1.865040 8.523221 65.208450 -3.744146 -0.985871 50.192165 -1.874489 -0.960886 50.334747 -3.610507 -0.500673 51.195290 -3.610507 -0.500673 51.195290 -1.874489 -0.960886 50.334747 -1.865040 -0.384068 56.481937 -3.107194 0.016761 56.529488 -12.091039 6.957653 42.455864 -12.125843 5.829477 42.455864 -5.603657 5.897045 45.828751 -5.603656 5.897045 46.937908 -10.559315 5.829477 47.557850 -11.857592 5.829477 46.448711 -5.603656 5.897045 46.937908 -5.603657 5.897045 45.828751 -5.603657 5.010091 45.747795 -5.603656 5.010091 46.656006 -5.603656 5.010091 46.656006 -5.603657 5.010091 45.747795 -11.875485 4.942522 46.367752 -10.819251 4.942523 47.270119 -5.603656 2.912140 46.220642 -5.603657 2.912141 45.683578 -11.915359 2.966043 46.187340 -11.309357 2.966043 46.724400 -11.054277 3.852998 47.006306 -11.897465 3.852998 46.268303 -5.603657 3.799097 45.764534 -5.603656 3.799097 46.502548 -5.603657 3.799097 45.764534 -5.603657 2.912141 45.683578 -5.603656 2.912140 46.220642 -5.603656 3.799097 46.502548 -5.603657 2.038543 45.724197 -5.603656 2.038544 46.114799 -11.520870 1.966478 46.486702 -11.935526 1.966478 46.096100 -5.603657 1.201670 45.848824 -5.603657 1.201670 45.647804 -11.952410 1.129606 46.019714 -11.761545 1.129606 46.220718 -5.603657 2.038543 45.724197 -5.603657 1.201670 45.647804 -5.603657 1.201670 45.848824 
						-5.603656 2.038544 46.114799 -11.952410 1.129606 46.019714 -11.923006 0.144042 45.820824 -11.802368 0.144042 45.947872 -11.761545 1.129606 46.220718 -11.802368 0.144042 45.947872 -5.603657 0.168303 45.659508 -5.603657 -0.718652 45.353455 -11.896545 -0.742912 45.641830 -11.862904 -1.870503 45.414276 -11.896545 -0.742912 45.641830 -12.183077 -0.742911 42.455860 -12.132554 -1.870503 42.455860 -11.796071 -5.309362 44.472691 -11.745548 -5.804152 44.620441 -11.862904 -1.870503 45.414276 -11.850198 -2.757457 45.140053 -11.830972 -3.570884 44.940971 -11.819375 -4.457839 44.659073 -1.865039 -5.829814 48.156693 -1.874489 -0.960886 50.334747 -1.865039 -8.073333 46.776161 -11.719203 -8.437714 43.853390 0.939271 7.559483 57.343136 1.978825 8.554434 50.967926 -1.889274 12.319586 2.087058 -1.889274 12.781781 1.500445 -9.499971 12.781779 1.500445 -9.505438 12.319586 2.086692 -10.249971 12.781779 1.750448 -10.044253 12.319586 2.264739 -10.044253 12.319586 2.264739 -10.249971 12.781779 1.750448 7.721419 12.435242 5.072768 7.555045 12.105586 5.515313 6.721419 12.791314 4.072766 6.971419 12.697529 4.822768 7.721419 12.435242 5.072768 6.721419 12.806307 2.500448 8.205836 11.846278 5.072768 8.205838 11.846276 1.500444 6.721421 12.781779 1.500144 -12.776150 10.781780 0.183144 -11.984385 11.846277 0.183144 -12.499924 1.129612 36.270416 -12.395229 3.639008 39.665390 -12.386301 3.852999 39.806435 -12.340844 4.942523 39.806435 -12.331916 5.156515 39.665390 -12.710658 7.765287 12.819368 -12.704305 5.125078 12.804688 -12.781713 8.015288 5.322768 -12.783803 5.125138 4.990607 -12.783805 5.125082 0.249149 -12.782214 7.765291 0.183144 -12.776150 10.781780 0.183144 -12.782215 7.765288 6.072771 -12.778885 5.125132 6.057774 8.086854 7.844605 46.632648 9.003661 7.765288 6.072769 9.003160 8.015288 5.322766 8.432343 8.237989 5.735842 8.432343 8.058029 6.299303 9.003160 8.015288 5.322766 
						9.001653 8.765290 5.072767 8.432343 8.840000 5.541044 8.432343 8.237989 5.735842 8.997598 10.781781 5.072769 8.432343 10.525901 5.541046 8.498609 7.630615 39.665390 8.810515 7.765287 23.351414 8.932111 7.765287 12.819366 8.432347 8.058029 12.882904 8.480771 8.058210 36.270416 2.429560 6.021324 51.373062 -12.091039 6.957653 42.455864 -5.603656 6.973659 42.455864 -12.303839 5.829477 39.806435 -12.256768 6.957652 39.806431 -12.312767 5.615487 39.665390 -12.256768 6.957652 39.806431 -5.603656 6.973660 39.084618 -12.256768 6.957652 39.806431 -12.135818 6.957652 41.739983 -5.603656 6.973659 41.739983 -5.603656 6.973660 39.084618 -4.338937 0.314690 69.990341 -4.635635 2.302700 70.518234 -2.945827 -1.496322 69.603897 -4.339043 4.776562 71.046120 -0.520854 8.147820 65.141281 -3.188851 6.587546 71.432571 -1.865040 -0.857028 63.506916 -2.963062 -0.468895 63.577366 -12.125843 5.829477 42.455864 -5.603656 5.897044 42.455872 -12.185874 3.852998 42.455864 -12.152932 4.942523 42.455864 -12.241974 1.966479 42.455856 -12.212399 2.966043 42.455856 -12.241974 1.966479 42.455856 -5.603656 2.038544 42.455856 -12.222647 0.144043 42.455860 -12.265253 1.100880 42.455856 -5.603657 0.168303 45.532448 -5.603657 0.168303 45.659508 -11.802368 0.144042 45.947872 -11.923006 0.144042 45.820824 -11.896545 -0.742912 45.641830 -5.603657 -0.718652 45.353455 -5.603656 -0.718651 42.455864 -12.183077 -0.742911 42.455860 -5.603657 0.168303 45.532448 -5.603657 -0.718652 45.353455 -5.603657 0.168303 45.659508 -12.021915 -4.457839 42.455864 -11.983513 -5.309362 42.455864 -11.785147 -6.196318 44.190788 -11.850198 -2.757457 45.140053 -11.862904 -1.870503 45.414276 -5.603657 -1.814277 45.147957 -5.603657 -2.701231 44.873726 -12.059286 -3.570884 42.455864 -12.095097 -2.757456 42.455860 -11.830972 -3.570884 44.940971 -5.603657 -3.541890 44.675156 -5.603656 -4.428843 44.393257 -11.819375 -4.457839 44.659073 
						-3.945604 -9.635468 44.750847 -1.865039 -9.640587 44.814480 -7.131528 -9.608060 44.401363 -11.952846 -6.196318 42.455856 -12.022044 -6.196318 41.739975 -12.208943 -8.273108 41.005997 -11.719203 -8.437714 43.853390 -10.639562 -9.595587 43.753090 1.271827 5.049146 57.045315 2.429560 6.021324 51.373062 0.644196 6.326906 64.810791 5.721419 12.781779 1.500444 5.726890 12.319586 2.086691 -10.499972 12.781780 0.183144 -9.499971 12.781779 1.500445 -1.889274 12.781781 1.500445 -1.889274 12.781780 0.183144 -10.249971 12.781779 1.750448 6.265702 12.319586 2.264738 6.471423 12.781779 1.750447 6.471423 12.781779 1.750447 6.265702 12.319586 2.264738 -11.984384 11.846280 -3.465975 -12.776149 10.781783 -3.468161 -12.589064 -5.506439 23.351410 -12.208942 -5.805232 36.270416 -12.322342 5.386001 39.616768 -12.404803 3.409522 39.616768 -12.395229 3.639008 39.665390 -5.603656 3.585106 39.161621 -5.603656 3.799097 39.302662 -12.386301 3.852999 39.806435 -12.240031 3.852998 41.739975 -12.203707 4.942523 41.739983 -12.331916 5.156515 39.665390 -12.340844 4.942523 39.806435 -5.603656 5.010092 39.186478 -5.603656 5.224083 39.045425 -12.702409 1.129426 12.804569 -12.783803 5.125138 4.990607 -12.783805 5.125082 0.249149 -13.009748 4.871641 0.250340 -13.009749 4.871692 5.074396 -12.782250 5.125082 0.182890 -12.776149 10.781783 -3.468161 -12.782037 4.871640 -3.468159 -12.778885 5.125132 6.057774 -13.005145 4.871687 6.073875 -12.935295 4.871637 12.475204 -12.704305 5.125078 12.804688 3.298045 1.129604 49.567039 6.171691 1.129605 48.179337 9.003663 7.765289 1.500441 8.997600 10.781779 1.500445 8.997598 10.781781 5.072769 9.001653 8.765290 5.072767 9.003661 7.765290 5.073143 8.997598 10.781781 5.072769 8.997600 10.781779 1.500445 1.873588 7.818651 45.910835 1.873588 7.818651 42.455864 8.333337 7.844607 42.455864 8.086854 7.844605 46.632648 1.873588 7.818650 41.739983 
						1.873588 7.818652 39.084618 8.489682 7.844606 39.806435 8.375583 7.844606 41.739967 1.873588 7.818652 39.084618 1.873588 7.604662 38.943565 8.498609 7.630615 39.665390 8.489682 7.844606 39.806435 8.508185 7.401131 39.616768 8.769845 1.129612 36.270416 8.810515 1.129424 23.351412 8.810515 7.765287 23.351414 8.480771 8.058210 36.270416 -12.312767 5.615487 39.665390 -5.603656 5.683054 39.045425 -5.603656 5.897047 39.186478 -12.303839 5.829477 39.806435 -12.173938 5.829477 41.739983 -12.135818 6.957652 41.739983 -1.865040 -1.881137 69.521790 -2.945827 -1.496322 69.603897 -4.465979 0.634577 75.706696 -4.232072 3.096361 76.387726 -1.865040 7.016705 71.536110 0.144260 -5.827847 48.046364 0.014066 -0.985871 50.192165 -0.138471 -0.500674 51.195290 -0.622886 0.016761 56.529488 -1.865040 -0.384068 56.481937 -1.874489 -0.960886 50.334747 -0.767018 -0.468895 63.577366 -1.865040 -0.857028 63.506916 -5.603656 5.010091 42.455872 -5.603656 5.897044 42.455872 -12.152932 4.942523 42.455864 -5.603656 5.010091 42.455872 -12.185874 3.852998 42.455864 -5.603656 3.799097 42.455856 -5.603656 2.912142 42.455856 -12.212399 2.966043 42.455856 -5.603656 3.799097 42.455856 -5.603656 2.912142 42.455856 -5.603656 2.038544 42.455856 -5.603656 1.175942 42.455864 -5.603656 1.175942 42.455864 -12.265253 1.100880 42.455856 -12.222647 0.144043 42.455860 -5.603656 0.168303 42.455864 -11.862904 -1.870503 45.414276 -12.132554 -1.870503 42.455860 -5.603656 -1.814276 42.455864 -5.603657 -1.814277 45.147957 -11.819375 -4.457839 44.659073 -5.603656 -4.428843 44.393257 -5.603656 -4.428843 42.455872 -12.021915 -4.457839 42.455864 -11.796071 -5.309362 44.472691 -5.603656 -5.260037 44.199142 -5.603656 -6.146992 43.917236 -11.785147 -6.196318 44.190788 -11.850198 -2.757457 45.140053 -5.603657 -2.701231 44.873726 -5.603656 -2.701230 42.455864 -12.095097 -2.757456 42.455860 -5.603656 -1.814276 42.455864 
						-5.603656 -2.701230 42.455864 -5.603657 -2.701231 44.873726 -5.603657 -1.814277 45.147957 -11.830972 -3.570884 44.940971 -12.059286 -3.570884 42.455864 -5.603656 -3.541888 42.455868 -5.603657 -3.541890 44.675156 -5.603656 -4.428843 44.393257 -5.603657 -3.541890 44.675156 -5.603656 -3.541888 42.455868 -5.603656 -4.428843 42.455872 0.186225 -8.066609 46.688721 0.215526 -9.635468 44.750847 -11.453878 -9.270099 43.715248 0.944619 3.839480 64.359314 5.721419 12.781779 1.500444 6.721421 12.781780 0.183144 -1.889275 12.781779 -3.468161 -10.499971 12.781779 -3.468159 6.471423 12.781779 1.750447 -12.704304 -2.866227 12.804686 -12.710656 -5.506438 12.819363 -12.322342 5.386001 39.616768 -5.603656 5.453570 38.996811 -12.414378 3.180036 39.665390 -12.404803 3.409522 39.616768 -5.603656 3.355620 39.112999 -12.386301 3.852999 39.806435 -5.603656 3.799097 39.302662 -5.603656 3.799097 41.739971 -12.240031 3.852998 41.739975 -5.603656 3.585106 39.161621 -5.603656 3.355620 39.112999 -5.603656 3.126133 39.161621 -5.603656 2.912142 39.302666 -5.603656 3.799097 39.302662 -5.603656 2.912142 41.739971 -5.603656 3.799097 41.739971 -12.340844 4.942523 39.806435 -12.203707 4.942523 41.739983 -5.603656 5.010092 41.739994 -5.603656 5.010092 39.186478 -12.702409 1.129426 12.804569 -12.704305 5.125078 12.804688 -12.935295 4.871637 12.475204 -12.933519 1.129426 12.475094 -12.783805 5.125082 0.249149 -12.782250 5.125082 0.182890 -12.782037 4.871641 0.184544 -13.009748 4.871641 0.250340 -13.009748 4.871641 0.250340 -13.009748 1.129427 0.250338 -13.009749 1.129427 5.074218 -13.009749 4.871692 5.074396 -13.005145 4.871687 6.073875 -13.002214 1.129426 6.073689 -12.933519 1.129426 12.475094 -12.935295 4.871637 12.475204 6.320662 7.844605 48.141541 1.873588 7.818651 47.419724 8.925756 5.125078 12.804686 9.000337 5.125132 6.057774 9.003661 7.765288 6.072769 8.932111 7.765287 12.819366 
						9.003160 8.015288 5.322766 9.005250 5.125138 4.990606 9.005252 5.125082 0.249144 9.003663 7.765291 0.183138 8.997600 10.781780 0.183142 8.997600 10.781780 0.183142 8.205838 11.846277 0.183142 1.873588 7.818651 42.455864 1.873588 7.818651 45.910835 1.873588 6.931696 45.829868 1.873588 6.931697 42.455864 1.873588 7.818652 39.084618 1.873588 7.818650 41.739983 1.873588 6.931698 41.739983 1.873588 7.145690 38.943569 1.873588 7.375175 38.894951 1.873588 7.604662 38.943565 1.873588 6.931699 39.084618 1.873588 7.375175 38.894951 8.508185 7.401131 39.616768 8.517760 7.171643 39.665390 8.601834 5.156515 39.665382 8.610763 4.942523 39.806427 8.656220 3.852999 39.806427 8.665151 3.639008 39.665382 8.769845 1.129612 36.270416 0.939152 1.854456 56.747490 1.978662 1.377313 51.073196 -12.303839 5.829477 39.806435 -5.603656 5.897047 39.186478 -5.603656 5.897047 41.739990 -12.173938 5.829477 41.739983 -4.257274 -0.789240 74.951996 -2.896525 -1.889259 71.945992 -2.791971 -2.464695 74.118279 -3.127044 4.893032 76.829300 -0.541229 6.587546 71.432571 0.014066 -0.985871 50.192165 -0.138471 -0.500674 51.195290 -1.874489 -0.960886 50.334747 -5.603656 0.168303 42.455864 -5.603656 -0.718651 42.455864 -11.796071 -5.309362 44.472691 -11.983513 -5.309362 42.455864 -5.603656 -5.260037 42.455864 -5.603656 -5.260037 44.199142 -11.785147 -6.196318 44.190788 -5.603656 -6.146992 43.917236 -5.603656 -6.146992 42.455864 -11.952846 -6.196318 42.455856 -1.865039 -9.640587 44.814480 -3.945604 -9.635468 44.750847 -1.865039 -10.133159 42.156219 -7.131528 -9.608060 44.401363 -12.208943 -8.273108 41.005997 -11.849607 -9.647438 41.488461 -11.453878 -9.270099 43.715248 -11.719203 -8.437714 43.853390 -10.527762 -10.133157 41.541698 -10.639562 -9.595587 43.753090 0.644089 1.352043 63.907864 0.608963 4.776562 71.046120 0.905554 2.302700 70.518234 6.721421 12.781779 -3.468161 
						-12.208942 -5.805232 36.270416 -12.293715 -3.784874 39.665390 -12.302695 -3.570883 39.806435 -12.336827 -2.757456 39.806435 -12.345803 -2.543465 39.665390 -12.589064 -5.506439 23.351410 -12.710656 -5.506438 12.819363 -12.208987 -5.805420 12.884115 -12.208942 -5.805232 36.270416 -12.778885 -2.866278 6.057772 -12.782215 -5.506435 6.072766 -12.465009 1.966479 39.806427 -12.423306 2.966044 39.806427 -12.473939 1.752488 39.665382 -12.414378 3.180036 39.665390 -5.603656 3.126133 39.161621 -12.423306 2.966044 39.806427 -5.603656 2.912142 39.302666 -5.603656 5.010092 39.186478 -5.603656 5.010092 41.739994 -5.603656 5.897047 41.739990 -5.603656 5.897047 39.186478 -5.603656 5.683054 39.045425 -5.603656 5.453570 38.996811 -5.603656 5.224083 39.045425 -12.935294 -2.612785 12.475204 -12.704304 -2.866227 12.804686 -12.782037 1.129428 0.184538 -13.009748 1.129427 0.250338 -13.009749 -2.612838 5.074396 -13.009748 -2.612785 0.250340 -12.782037 4.871641 0.184544 -12.935294 -2.612785 12.475204 -13.005145 -2.612834 6.073874 3.364932 -5.817071 47.428268 6.065595 -5.808837 46.401222 8.031461 1.129606 46.220718 7.790786 1.966478 46.486702 7.579272 2.966043 46.724400 7.324193 3.852998 47.006298 7.089168 4.942523 47.270111 7.083619 4.942523 47.275955 6.829232 5.829477 47.557850 6.573764 6.957653 47.859638 9.156745 4.871637 12.475204 9.226592 4.871687 6.073873 9.000337 5.125132 6.057774 8.925756 5.125078 12.804686 9.005250 5.125138 4.990606 9.231196 4.871692 5.074394 9.231196 4.871641 0.250340 9.005252 5.125082 0.249144 9.003703 5.125082 0.182890 9.003663 7.765291 -3.468164 8.997600 10.781783 -3.468161 8.997600 10.781783 -3.468161 8.205840 11.846280 -3.465975 1.873588 7.145690 38.943569 8.517760 7.171643 39.665390 8.526687 6.957652 39.806435 8.573758 5.829478 39.806435 8.582686 5.615488 39.665390 8.923862 1.129426 12.804567 8.592261 5.386001 39.616760 
						8.601834 5.156515 39.665382 1.873588 5.144418 39.045418 1.873588 4.930427 39.186466 8.610763 4.942523 39.806427 8.473628 4.942523 41.739967 8.509948 3.852998 41.739967 1.873588 3.799097 39.302662 1.873588 3.585106 39.161621 8.665151 3.639008 39.665382 8.656220 3.852999 39.806427 8.674722 3.409522 39.616760 8.478864 -5.805232 36.270416 8.810515 -5.506439 23.351412 1.978662 1.377313 51.073196 -0.138471 -0.500674 51.195290 -1.865040 -2.023260 71.857300 -2.896525 -1.889259 71.945992 -0.784252 -1.496322 69.603897 -1.865040 -1.881137 69.521790 -4.660936 -0.644779 78.881874 -4.231670 1.946100 79.373901 -1.865041 5.275134 76.922302 -0.622886 0.016761 56.529488 -0.138471 -0.500674 51.195290 -0.767018 -0.468895 63.577366 -5.603656 -6.146992 42.455864 -5.603656 -6.146992 43.917236 -5.603656 -5.260037 44.199142 -5.603656 -5.260037 42.455864 3.386316 -8.030815 46.205299 0.215526 -9.635468 44.750847 3.401449 -9.608060 44.401363 -12.208942 -6.196318 39.806427 -12.208942 -5.982325 39.665382 -12.208942 -8.273106 36.270416 -12.022044 -6.196318 41.739975 -5.603656 -6.146991 41.739986 -5.603656 -6.146992 39.532894 -12.208942 -6.196318 39.806427 0.608857 0.314690 69.990341 0.501990 3.096361 76.387726 0.735898 0.634577 75.706696 -12.355434 -2.313980 39.616768 -12.284085 -4.014361 39.616768 -12.293715 -3.784874 39.665390 -5.603656 -3.755879 39.399582 -5.603656 -3.541888 39.540627 -12.302695 -3.570883 39.806435 -12.125056 -3.570884 41.739975 -12.160415 -2.757456 41.739975 -12.336827 -2.757456 39.806435 -5.603656 -2.701230 39.540108 -5.603656 -2.487238 39.399063 -12.345803 -2.543465 39.665390 -12.208987 -5.805420 12.884115 -12.208989 -5.805419 6.301228 -12.208989 -5.985378 5.737768 -12.208989 -6.587391 5.542971 -12.208989 -8.273292 5.542972 -12.778885 -2.866278 6.057772 -12.704304 -2.866227 12.804686 -12.935294 -2.612785 12.475204 -13.005145 -2.612834 6.073874 -12.783803 -2.866284 4.990606 
						-12.782215 -5.506436 5.073140 -12.208989 -5.805419 6.301228 -12.782215 -5.506435 6.072766 -12.483512 1.523002 39.616760 -12.473939 1.752488 39.665382 -5.603656 1.824552 39.293472 -5.603656 2.038544 39.434525 -12.465009 1.966479 39.806427 -12.302238 1.966479 41.739971 -12.269387 2.966043 41.739967 -12.269387 2.966043 41.739967 -5.603656 2.912142 41.739971 -5.603656 2.912142 39.302666 -12.423306 2.966044 39.806427 -12.782037 1.129427 -3.468161 -12.782037 1.129428 0.184538 -13.009748 -2.612785 0.250340 -12.782037 -2.612785 0.184534 -12.783803 -2.866284 4.990606 -13.009749 -2.612838 5.074396 -13.009748 -2.612785 0.250340 -12.783805 -2.866228 0.249142 1.873588 6.931697 47.137821 1.873588 7.818651 47.419724 6.320662 7.844605 48.141541 6.573764 6.957653 47.859638 1.873588 6.931697 47.137821 1.873588 7.818651 47.419724 8.923862 1.129426 12.804567 9.154971 1.129426 12.475092 9.156745 4.871637 12.475204 8.925756 5.125078 12.804686 9.154971 1.129426 12.475092 9.223662 1.129426 6.073689 9.226592 4.871687 6.073873 9.156745 4.871637 12.475204 9.231198 1.129427 5.074218 9.231196 1.129427 0.250338 9.231196 4.871641 0.250340 9.231196 4.871692 5.074394 9.003533 4.871641 0.184538 9.003703 5.125082 0.182890 9.005252 5.125082 0.249144 9.231196 4.871641 0.250340 9.003533 4.871640 -3.468161 1.873588 6.931699 39.084618 8.526687 6.957652 39.806435 8.443856 5.829477 41.739967 8.405740 6.957652 41.739967 1.873588 5.817382 39.186462 1.873588 5.603391 39.045418 8.582686 5.615488 39.665390 8.573758 5.829478 39.806435 8.925756 -2.866227 12.804686 8.592261 5.386001 39.616760 1.873588 5.373905 38.996803 1.873588 5.817382 39.186462 1.873588 5.817382 41.739990 1.873588 4.930427 41.739967 1.873588 4.930427 39.186466 1.873588 5.144418 39.045418 1.873588 5.373905 38.996803 1.873588 5.603391 39.045418 8.610763 4.942523 39.806427 
						1.873588 4.930427 39.186466 1.873588 4.930427 41.739967 8.473628 4.942523 41.739967 1.873588 3.799097 41.739967 1.873588 3.799097 39.302662 8.656220 3.852999 39.806427 8.509948 3.852998 41.739967 1.873588 3.126133 39.161621 1.873588 3.355620 39.112999 1.873588 3.585106 39.161621 1.873588 3.799097 39.302662 1.873588 2.912142 39.302666 1.873588 3.799097 41.739967 1.873588 2.912142 41.739967 1.873588 3.355620 39.112999 8.674722 3.409522 39.616760 8.684295 3.180036 39.665382 8.932111 -5.506438 12.819363 -4.517016 -2.998616 76.065735 -1.865041 -2.744522 74.010345 -2.791971 -2.464695 74.118279 -2.902841 -4.491417 75.144234 -0.833555 -1.889259 71.945992 -1.865040 -2.023260 71.857300 -3.126702 3.748588 79.800087 -4.500794 -3.475351 78.386765 -0.603038 4.893032 76.829300 -0.784252 -1.496322 69.603897 3.401449 -9.608060 44.401363 -12.211141 -5.752840 39.616768 -11.849607 -9.647431 36.270420 -12.208942 -8.273106 36.270416 -12.208942 -5.982325 39.665382 -12.208942 -6.196318 39.806427 -5.603656 -6.146992 39.532894 -5.603656 -5.932999 39.391838 -10.527761 -10.133150 36.270420 -1.865040 -10.133152 36.270420 0.527193 -0.789240 74.951996 -12.365064 -2.084493 39.665382 -5.603656 -2.257753 39.350441 -12.355434 -2.313980 39.616768 -12.274457 -4.243845 39.665390 -12.284085 -4.014361 39.616768 -5.603656 -3.985366 39.350960 -12.125056 -3.570884 41.739975 -12.302695 -3.570883 39.806435 -5.603656 -3.541888 39.540627 -5.603656 -3.541888 41.739990 -5.603656 -3.755879 39.399582 -5.603656 -3.985366 39.350960 -5.603656 -4.214850 39.399582 -5.603656 -4.428842 39.540627 -5.603656 -3.541888 39.540627 -5.603656 -4.428842 41.739994 -5.603656 -3.541888 41.739990 -12.160415 -2.757456 41.739975 -5.603656 -2.701230 41.739983 -5.603656 -2.701230 39.540108 -12.336827 -2.757456 39.806435 -5.603656 -2.028266 39.399063 -5.603656 -2.257753 39.350441 -5.603656 -2.487238 39.399063 -5.603656 -2.701230 39.540108 
						-5.603656 -1.814276 39.540108 -5.603656 -2.701230 41.739983 -5.603656 -1.814276 41.739983 -12.781713 -5.756435 5.322768 -12.208989 -5.985378 5.737768 -12.781713 -5.756435 5.322768 -12.780205 -6.506436 5.072766 -12.208989 -6.587391 5.542971 -12.208989 -5.985378 5.737768 -12.776151 -8.522927 5.072765 -12.208989 -8.273292 5.542972 -11.849651 -9.647614 5.537064 -12.208989 -8.273292 5.542972 -12.493085 1.293516 39.665382 -12.483512 1.523002 39.616760 -5.603656 1.595066 39.244862 -12.302238 1.966479 41.739971 -12.465009 1.966479 39.806427 -5.603656 2.038544 39.434525 -5.603656 2.038543 41.739983 -12.782037 -2.612786 -3.468161 -12.782037 -2.612785 0.184534 -12.782250 -2.866227 0.182884 -12.783805 -2.866228 0.249142 -12.783805 -2.866228 0.249142 -12.782214 -5.506435 1.500445 6.797839 -8.273451 45.543152 8.015468 -5.804152 44.620441 8.132825 -1.870503 45.414276 8.166467 -0.742912 45.641830 8.072286 0.144042 45.947872 6.829232 5.829477 47.557850 8.127509 5.829477 46.448711 8.104747 6.957652 46.551685 6.573764 6.957653 47.859638 1.873588 1.064695 45.848824 1.873588 1.901569 46.114799 7.790786 1.966478 46.486702 8.031461 1.129606 46.220718 8.205443 1.966478 46.096100 8.185277 2.966043 46.187340 7.579272 2.966043 46.724400 7.790786 1.966478 46.486702 1.873588 2.912140 46.220642 1.873588 3.799097 46.502548 7.324193 3.852998 47.006298 7.579272 2.966043 46.724400 7.324193 3.852998 47.006298 8.167384 3.852998 46.268295 8.145402 4.942522 46.367748 7.089168 4.942523 47.270111 7.089168 4.942523 47.270111 1.873588 4.930427 46.655998 7.083619 4.942523 47.275955 1.873588 4.930427 46.655998 1.873588 5.817381 46.937904 6.829232 5.829477 47.557850 7.083619 4.942523 47.275955 8.104747 6.957652 46.551685 1.873588 6.931696 45.829868 1.873588 6.931697 47.137821 6.573764 6.957653 47.859638 9.156745 -2.612785 12.475204 8.925756 -2.866227 12.804686 
						9.156745 -2.612785 12.475204 9.226592 -2.612834 6.073874 9.231196 -2.612838 5.074397 9.231196 -2.612785 0.250338 9.231196 1.129427 0.250338 9.003533 1.129428 0.184536 9.003533 4.871641 0.184538 8.360957 6.957653 42.455864 1.873588 6.931697 42.455864 8.526687 6.957652 39.806435 1.873588 6.931699 39.084618 1.873588 6.931698 41.739983 8.405740 6.957652 41.739967 1.873588 5.817382 41.739990 1.873588 5.817382 39.186462 8.573758 5.829478 39.806435 8.443856 5.829477 41.739967 8.684295 3.180036 39.665382 1.873588 3.126133 39.161621 1.873588 2.912142 39.302666 8.693225 2.966044 39.806427 8.693225 2.966044 39.806427 8.734929 1.966479 39.806427 8.743857 1.752488 39.665382 8.615724 -2.543465 39.665390 8.606744 -2.757456 39.806435 8.572616 -3.570883 39.806427 8.563636 -3.784874 39.665382 8.478864 -5.805232 36.270416 8.430440 -5.805420 12.884115 8.932111 -5.506438 12.819363 8.810515 -5.506439 23.351412 8.478864 -5.805232 36.270416 9.003661 -5.506435 6.072766 9.000337 -2.866278 6.057773 -1.865041 -2.744522 74.010345 -1.865041 -4.785759 74.934769 -0.938110 -2.464695 74.118279 -1.865041 -2.744522 74.010345 -3.851304 1.252475 80.422043 -1.865040 4.128451 79.889725 -4.216584 -1.136938 80.047592 6.909480 -9.595587 43.753090 -12.220771 -5.523353 39.665390 -12.211141 -5.752840 39.616768 -5.603656 -5.703514 39.343216 -5.603656 -5.703514 39.343216 -5.603656 -5.932999 39.391838 -5.603656 -6.146992 39.532894 -5.603656 -6.146991 41.739986 -5.603656 -5.260036 41.739986 -5.603656 -5.260036 39.532894 -5.603656 -5.474027 39.391838 -7.162453 -10.081735 6.616867 -1.889275 -10.100090 6.621223 -7.827046 -10.081285 6.381872 -8.056749 -10.087188 5.848716 -10.528031 -10.030385 5.272010 -10.088820 -10.124073 4.357642 -10.088792 -10.109502 2.829668 -9.926104 -10.133335 2.298594 -9.381728 -10.133335 2.102267 -8.284065 -10.131284 2.215152 -8.056530 -10.125117 2.758192 
						-0.938110 -2.464695 74.118279 -0.833555 -1.889259 71.945992 0.501589 1.946100 79.373901 0.930856 -0.644779 78.881874 -5.603656 -2.028266 39.399063 -12.365064 -2.084493 39.665382 -12.374042 -1.870502 39.806431 -12.421353 -0.742911 39.806431 -12.430334 -0.528920 39.665382 -12.229751 -5.309362 39.806435 -12.265480 -4.457839 39.806435 -12.274457 -4.243845 39.665390 -5.603656 -4.214850 39.399582 -12.265480 -4.457839 39.806435 -5.603656 -4.428842 39.540627 -5.603656 -1.814276 39.540108 -12.374042 -1.870502 39.806431 -12.776150 -8.522925 1.500444 -12.776151 -8.522927 5.072765 -12.780205 -6.506436 5.072766 -12.190365 -9.937140 5.072762 -11.849651 -9.647614 5.537064 -12.208989 -8.273292 5.542972 -12.776151 -8.522927 5.072765 -11.331688 -9.852975 5.517235 -12.781713 -5.756435 5.322768 -12.497825 1.079525 39.806427 -12.493085 1.293516 39.665382 -5.603656 1.365581 39.293472 -5.603656 1.824552 39.293472 -5.603656 1.595066 39.244862 -5.603656 1.365581 39.293472 -5.603656 2.038544 39.434525 -5.603656 2.038543 41.739983 -5.603656 1.151589 39.434525 -5.603656 1.170172 41.739983 -12.782250 -2.866227 0.182884 -12.782214 -5.506435 0.183147 7.989121 -8.437714 43.853390 6.829232 5.829477 47.557850 1.873588 5.817381 46.937904 1.873588 5.817380 45.828751 8.127509 5.829477 46.448711 8.360957 6.957653 42.455864 8.395759 5.829477 42.455864 8.065989 -5.309362 44.472687 8.089292 -4.457838 44.659065 8.100890 -3.570884 44.940964 8.120116 -2.757457 45.140053 8.132825 -1.870503 45.414276 8.015468 -5.804152 44.620441 8.452996 -0.742911 42.455856 8.166467 -0.742912 45.641830 8.132825 -1.870503 45.414276 8.402472 -1.870502 42.455860 1.873588 -0.611980 45.353455 1.873588 0.283352 45.659508 8.072286 0.144042 45.947872 8.166467 -0.742912 45.641830 8.072286 0.144042 45.947872 8.192925 0.144042 45.820824 8.222327 1.129606 46.019714 8.031461 1.129606 46.220718 8.222327 1.129606 46.019714 
						1.873588 1.064695 45.647804 1.873588 1.064695 45.848824 8.031461 1.129606 46.220718 1.873588 1.064695 45.848824 1.873588 1.064695 45.647804 1.873588 1.901568 45.724197 1.873588 1.901569 46.114799 1.873588 1.901568 45.724197 8.205443 1.966478 46.096100 7.790786 1.966478 46.486702 1.873588 1.901569 46.114799 8.185277 2.966043 46.187340 1.873588 2.912141 45.683578 1.873588 2.912140 46.220642 7.579272 2.966043 46.724400 1.873588 2.912140 46.220642 1.873588 2.912141 45.683578 1.873588 3.799097 45.764534 1.873588 3.799097 46.502548 1.873588 3.799097 45.764534 8.167384 3.852998 46.268295 7.324193 3.852998 47.006298 1.873588 3.799097 46.502548 8.145402 4.942522 46.367748 1.873588 4.930426 45.747795 1.873588 4.930426 45.747795 1.873588 5.817380 45.828751 1.873588 5.817381 46.937904 1.873588 4.930427 46.655998 9.000337 -2.866278 6.057773 9.226592 -2.612834 6.073874 9.156745 -2.612785 12.475204 8.925756 -2.866227 12.804686 9.231196 -2.612785 0.250338 9.231196 -2.612838 5.074397 9.005250 -2.866284 4.990606 9.005252 -2.866228 0.249140 9.231196 -2.612785 0.250338 9.003533 -2.612784 0.184532 9.003533 1.129428 0.184536 9.003533 1.129427 -3.468161 1.873588 2.912142 39.302666 1.873588 2.912142 41.739967 8.539308 2.966043 41.739967 8.693225 2.966044 39.806427 8.753432 1.523002 39.616768 8.539308 2.966043 41.739967 8.572156 1.966479 41.739967 1.873588 1.901569 39.434525 1.873588 1.687577 39.293480 8.743857 1.752488 39.665382 8.734929 1.966479 39.806427 8.625352 -2.313980 39.616768 1.873588 -2.502624 39.399063 1.873588 -2.716616 39.540108 8.606744 -2.757456 39.806435 8.615724 -2.543465 39.665390 8.430333 -2.757456 41.739967 8.394975 -3.570884 41.739964 1.873588 -3.579856 39.540627 1.873588 -3.793847 39.399582 8.563636 -3.784874 39.665382 8.572616 -3.570883 39.806427 8.554004 -4.014360 39.616760 
						8.430440 -6.587391 5.542971 8.430440 -5.985378 5.737768 8.430440 -5.805419 6.301228 8.430440 -8.273292 5.542969 8.478864 -8.273106 36.270416 8.430440 -5.805420 12.884115 8.430440 -5.805419 6.301228 9.003661 -5.506435 6.072766 9.003661 -5.506436 5.073137 9.005250 -2.866284 4.990606 -2.820399 -6.197861 75.977005 -3.085766 0.762177 81.181976 -3.099566 2.523473 80.716751 -1.865040 2.821481 80.954895 -0.603379 3.748588 79.800087 -4.095140 -3.734978 79.599915 -3.021176 -1.650223 81.117783 -3.979870 -6.066683 77.927505 6.797683 -10.133157 41.541698 6.909480 -9.595587 43.753090 6.797683 -10.133150 36.270420 -1.865040 -10.133152 36.270420 -5.603656 -5.474027 39.391838 -12.220771 -5.523353 39.665390 0.770715 -3.475351 78.386765 0.786936 -2.998616 76.065735 -0.827241 -4.491417 75.144234 -12.197805 -1.870502 41.739975 -12.247459 -0.742911 41.739975 -12.430334 -0.528920 39.665382 -12.421353 -0.742911 39.806431 -5.603656 -0.718651 39.518059 -5.603656 -0.504660 39.377010 -12.439963 -0.299434 39.616768 -5.603656 -5.260036 39.532894 -12.229751 -5.309362 39.806435 -12.050048 -5.309362 41.739975 -12.087729 -4.457838 41.739975 -12.087729 -4.457838 41.739975 -5.603656 -4.428842 41.739994 -5.603656 -4.428842 39.540627 -12.265480 -4.457839 39.806435 -12.197805 -1.870502 41.739975 -12.374042 -1.870502 39.806431 -5.603656 -1.814276 39.540108 -5.603656 -1.814276 41.739983 -12.776150 -8.522925 0.183142 -12.190364 -9.937139 1.500444 -12.190365 -9.937140 5.072762 -12.776151 -8.522927 5.072765 -12.776150 -8.522925 1.500444 -11.499973 -10.176389 5.072763 -11.331688 -9.852975 5.517235 -11.849651 -9.647614 5.537064 -12.190365 -9.937140 5.072762 -12.449594 -0.069948 39.665382 -12.458570 0.144043 39.806431 -12.497825 1.079525 39.806427 -5.603656 1.151589 39.434525 -12.782217 -5.506436 -3.468155 8.055066 -6.196318 44.190788 7.989121 -8.437714 43.853390 8.222766 -6.196318 42.455856 1.873588 5.817381 42.455864 
						8.395759 5.829477 42.455864 8.291835 -4.457839 42.455856 8.253434 -5.309362 42.455856 1.873588 -4.466811 44.393250 1.873588 -3.579856 44.675156 8.100890 -3.570884 44.940964 8.089292 -4.457838 44.659065 8.365018 -2.757456 42.455860 8.329206 -3.570884 42.455856 8.120116 -2.757457 45.140053 1.873588 -2.716617 44.873726 1.873588 -1.829663 45.147957 8.132825 -1.870503 45.414276 1.873588 -0.611980 42.455864 1.873588 -0.611980 45.353455 8.166467 -0.742912 45.641830 8.452996 -0.742911 42.455856 1.873588 0.274974 45.532448 1.873588 0.283352 45.659508 1.873588 -0.611980 45.353455 1.873588 0.274974 45.532448 8.192925 0.144042 45.820824 8.072286 0.144042 45.947872 1.873588 0.283352 45.659508 8.535172 1.100880 42.455856 8.492568 0.144043 42.455856 8.482320 2.966043 42.455856 8.511891 1.966479 42.455856 1.873588 1.901569 42.455864 8.511891 1.966479 42.455856 8.422851 4.942523 42.455856 8.455792 3.852998 42.455856 9.003663 -5.506435 1.500444 9.005252 -2.866228 0.249140 9.003703 -2.866227 0.182884 9.005252 -2.866228 0.249140 9.003533 -2.612784 0.184532 9.003703 -2.866228 -3.468161 8.763005 1.293516 39.665382 1.873588 1.458092 39.244862 8.753432 1.523002 39.616768 1.873588 1.901569 39.434525 8.734929 1.966479 39.806427 8.572156 1.966479 41.739967 1.873588 1.901569 41.739967 8.634980 -2.084493 39.665390 1.873588 -2.273139 39.350441 8.625352 -2.313980 39.616768 1.873588 -2.502624 39.399063 1.873588 -2.273139 39.350441 1.873588 -2.043652 39.399063 1.873588 -1.829661 39.540108 1.873588 -2.716616 39.540108 1.873588 -1.829662 41.739975 1.873588 -2.716616 41.739975 1.873588 -2.716616 39.540108 1.873588 -2.716616 41.739975 8.430333 -2.757456 41.739967 8.606744 -2.757456 39.806435 1.873588 -3.579856 39.540627 8.572616 -3.570883 39.806427 8.394975 -3.570884 41.739964 1.873588 -3.579855 41.739975 1.873588 -4.252819 39.399574 
						1.873588 -4.023333 39.350964 1.873588 -3.793847 39.399582 1.873588 -3.579856 39.540627 1.873588 -4.466810 39.540623 1.873588 -3.579855 41.739975 1.873588 -4.466809 41.739967 1.873588 -4.023333 39.350964 8.554004 -4.014360 39.616760 8.544375 -4.243845 39.665382 8.478862 -5.982325 39.665382 8.478862 -6.196317 39.806427 8.478862 -8.273108 41.005997 8.430440 -5.985378 5.737768 9.003160 -5.756435 5.322766 -1.865041 -6.485721 75.805290 -1.865041 -2.744522 74.010345 -1.865041 -4.785759 74.934769 -0.630515 2.523473 80.716751 -2.991006 -4.063206 80.529633 -3.746209 -6.154835 78.966354 7.723798 -9.270099 43.715248 3.383904 -10.081735 6.616867 4.048497 -10.081285 6.381872 4.278201 -10.087188 5.848716 4.277982 -10.125117 2.758193 4.505513 -10.131284 2.215153 5.603177 -10.133335 2.102266 6.147552 -10.133335 2.298595 6.310241 -10.109502 2.829669 6.310267 -10.124073 4.357643 6.749482 -10.030385 5.272009 8.119523 -9.647438 41.488461 8.119529 -9.647431 36.270420 -12.050048 -5.309362 41.739975 -12.229751 -5.309362 39.806435 -5.603656 -5.260036 39.532894 -5.603656 -5.260036 41.739986 -10.749972 -10.438678 4.822763 -10.528031 -10.030385 5.272010 -10.749972 -10.438678 4.822763 -10.499973 -10.532463 4.072766 -10.088820 -10.124073 4.357642 -10.528031 -10.030385 5.272010 -8.056749 -10.087188 5.848716 -7.640254 -10.502208 5.250860 -7.371182 -10.500813 5.820552 -7.827046 -10.081285 6.381872 0.121222 1.252475 80.422043 0.486505 -1.136938 80.047592 -5.603656 -0.275173 39.328400 -12.439963 -0.299434 39.616768 -12.247459 -0.742911 41.739975 -5.603656 -0.718651 41.739983 -5.603656 -0.718651 39.518059 -12.421353 -0.742911 39.806431 -12.776149 -8.522927 -3.468157 -12.776150 -8.522925 0.183142 -12.190364 -9.937138 0.183144 -10.499972 -10.522927 1.500140 -10.499973 -10.547453 2.500441 -10.499973 -10.532463 4.072766 -10.749972 -10.438678 4.822763 -11.499973 -10.176389 5.072763 -12.449594 -0.069948 39.665382 
						-5.603656 -0.045688 39.377010 -5.603656 0.168304 39.518055 -12.458570 0.144043 39.806431 -12.286393 0.144043 41.739975 -12.328093 1.095110 41.739971 -12.328093 1.095110 41.739971 -5.603656 1.170172 41.739983 -5.603656 1.151589 39.434525 -12.497825 1.079525 39.806427 1.873588 5.817381 42.455864 1.873588 4.930426 42.455864 1.873588 -6.098368 43.917236 1.873588 -5.211413 44.199139 8.065989 -5.309362 44.472687 8.055066 -6.196318 44.190788 1.873588 -4.466811 42.455856 1.873588 -4.466811 44.393250 8.089292 -4.457838 44.659065 8.291835 -4.457839 42.455856 1.873588 -4.466811 44.393250 1.873588 -4.466811 42.455856 1.873588 -3.579856 42.455864 1.873588 -3.579856 44.675156 8.100890 -3.570884 44.940964 1.873588 -3.579856 44.675156 1.873588 -3.579856 42.455864 8.329206 -3.570884 42.455856 1.873588 -2.716616 42.455864 1.873588 -2.716617 44.873726 8.120116 -2.757457 45.140053 8.365018 -2.757456 42.455860 1.873588 -2.716617 44.873726 1.873588 -2.716616 42.455864 1.873588 -1.829662 42.455860 1.873588 -1.829663 45.147957 8.132825 -1.870503 45.414276 1.873588 -1.829663 45.147957 1.873588 -1.829662 42.455860 8.402472 -1.870502 42.455860 1.873588 -0.611980 42.455864 1.873588 0.274974 42.455864 1.873588 0.274974 42.455864 8.492568 0.144043 42.455856 1.873588 1.038967 42.455864 8.535172 1.100880 42.455856 8.482320 2.966043 42.455856 1.873588 2.912142 42.455856 1.873588 2.912142 42.455856 1.873588 3.799097 42.455856 1.873588 3.799097 42.455856 8.455792 3.852998 42.455856 8.422851 4.942523 42.455856 1.873588 4.930426 42.455864 9.001653 -6.506436 5.072765 8.997598 -8.522927 5.072762 8.997600 -8.522925 1.500445 9.003663 -5.506435 0.183142 9.003703 -2.866227 0.182884 8.767741 1.079525 39.806427 1.873588 1.228605 39.293480 8.763005 1.293516 39.665382 1.873588 1.033197 41.739967 1.873588 1.014614 39.434525 1.873588 1.228605 39.293480 
						1.873588 1.458092 39.244862 1.873588 1.687577 39.293480 1.873588 1.901569 39.434525 1.873588 1.901569 41.739967 1.873588 -2.043652 39.399063 8.634980 -2.084493 39.665390 8.700253 -0.528920 39.665390 8.691272 -0.742911 39.806435 8.643962 -1.870502 39.806435 1.873588 -1.829661 39.540108 8.643962 -1.870502 39.806435 8.544375 -4.243845 39.665382 1.873588 -4.252819 39.399574 1.873588 -4.466810 39.540623 8.535398 -4.457837 39.806427 8.535398 -4.457837 39.806427 8.499671 -5.309362 39.806427 8.490687 -5.523352 39.665382 8.481059 -5.752839 39.616764 8.478862 -5.982325 39.665382 1.873588 -5.884375 39.391830 1.873588 -6.098367 39.532879 8.478862 -6.196317 39.806427 8.478862 -8.273108 41.005997 8.478864 -8.273106 36.270416 9.003160 -5.756435 5.322766 -2.938764 -7.171961 77.133881 -0.909681 -6.197861 75.977005 -1.865041 -6.485721 75.805290 -1.865040 0.926602 81.508026 -1.865040 -1.624317 81.484879 -3.067347 -7.082768 78.564148 -3.078862 -6.324349 79.519440 7.723798 -9.270099 43.715248 7.553138 -9.852975 5.517233 8.071095 -9.647614 5.537064 -9.381728 -10.133335 2.102267 -8.847117 -10.522927 1.500445 -7.941779 -10.521977 1.672328 -8.284065 -10.131284 2.215152 -7.640032 -10.519127 2.187979 -8.056530 -10.125117 2.758192 -6.563857 -10.505013 6.011083 -7.162453 -10.081735 6.616867 -1.889274 -10.535443 6.015207 -1.889275 -10.100090 6.621223 -0.644315 0.762177 81.181976 -0.708905 -1.650223 81.117783 0.365061 -3.734978 79.599915 0.249790 -6.066683 77.927505 -5.603656 0.168303 41.739983 -5.603656 0.168304 39.518055 -5.603656 -0.045688 39.377010 -5.603656 -0.275173 39.328400 -5.603656 -0.504660 39.377010 -5.603656 -0.718651 39.518059 -5.603656 -0.718651 41.739983 -12.776149 -8.522927 -3.468157 -12.190366 -9.937144 -3.465973 -10.499972 -10.522926 0.183144 -10.088792 -10.109502 2.829668 -10.499973 -10.547453 2.500441 -12.286393 0.144043 41.739975 -12.458570 0.144043 39.806431 
						-5.603656 0.168304 39.518055 -5.603656 0.168303 41.739983 7.989121 -8.437714 43.853390 1.873588 -6.098368 42.455856 1.873588 -6.098368 43.917236 8.055066 -6.196318 44.190788 8.222766 -6.196318 42.455856 1.873588 -6.098368 43.917236 1.873588 -6.098368 42.455856 1.873588 -5.211413 42.455856 1.873588 -5.211413 44.199139 8.065989 -5.309362 44.472687 1.873588 -5.211413 44.199139 1.873588 -5.211413 42.455856 8.253434 -5.309362 42.455856 1.873588 1.038967 42.455864 1.873588 1.901569 42.455864 8.430440 -8.273292 5.542969 8.997598 -8.522927 5.072762 9.001653 -6.506436 5.072765 8.430440 -6.587391 5.542971 8.997598 -8.522927 5.072762 8.411811 -9.937140 5.072762 8.411813 -9.937139 1.500443 8.997600 -8.522925 1.500445 8.997600 -8.522925 0.183142 9.003663 -5.506436 -3.468157 8.728490 0.144043 39.806431 8.719510 -0.069948 39.665390 1.873588 1.014614 39.434525 8.767741 1.079525 39.806427 8.709884 -0.299434 39.616768 8.700253 -0.528920 39.665390 1.873588 -0.397988 39.377010 1.873588 -0.611979 39.518059 8.691272 -0.742911 39.806435 8.467725 -1.870502 41.739967 8.517381 -0.742911 41.739967 1.873588 -1.829661 39.540108 8.643962 -1.870502 39.806435 8.467725 -1.870502 41.739967 1.873588 -1.829662 41.739975 1.873588 -4.466810 39.540623 1.873588 -4.466809 41.739967 8.357646 -4.457837 41.739967 8.535398 -4.457837 39.806427 8.319968 -5.309362 41.739967 8.357646 -4.457837 41.739967 1.873588 -5.211412 39.532879 1.873588 -5.425403 39.391830 8.490687 -5.523352 39.665382 8.499671 -5.309362 39.806427 8.481059 -5.752839 39.616764 1.873588 -5.654890 39.343212 1.873588 -5.654890 39.343212 1.873588 -5.425403 39.391830 1.873588 -5.211412 39.532879 1.873588 -5.211412 41.739967 1.873588 -6.098367 41.739967 1.873588 -6.098367 39.532879 1.873588 -5.884375 39.391830 1.873588 -6.098367 39.532879 1.873588 -6.098367 41.739967 8.291965 -6.196317 41.739967 
						8.478862 -6.196317 39.806427 8.430440 -8.273292 5.542969 9.003160 -5.756435 5.322766 8.430440 -5.985378 5.737768 -1.865041 -7.544089 77.139313 -1.865040 -4.180843 80.883331 3.592637 -10.500813 5.820551 3.861707 -10.502208 5.250861 4.278201 -10.087188 5.848716 4.048497 -10.081285 6.381872 2.785310 -10.505013 6.011083 3.383904 -10.081735 6.616867 -0.739076 -4.063206 80.529633 0.016128 -6.154835 78.966354 -10.499971 -10.522927 -3.468155 -8.847117 -10.522927 1.500445 -9.499971 -10.522927 1.500445 -1.889274 -10.522927 1.500441 -1.889274 -10.522926 0.183142 -10.249971 -10.522927 1.750441 -10.249971 -10.522927 1.750441 -9.926104 -10.133335 2.298594 8.430440 -8.273292 5.542969 8.071095 -9.647614 5.537064 8.411811 -9.937140 5.072762 8.997598 -8.522927 5.072762 8.997600 -8.522925 0.183142 8.411813 -9.937138 0.183142 7.721419 -10.176389 5.072763 6.971419 -10.438678 4.822764 6.721419 -10.532463 4.072767 6.721419 -10.547453 2.500441 6.721421 -10.522927 1.500139 8.997600 -8.522927 -3.468157 8.598012 1.095110 41.739967 8.556314 0.144043 41.739967 1.873588 0.274975 39.518059 1.873588 0.060984 39.377010 8.719510 -0.069948 39.665390 8.728490 0.144043 39.806431 1.873588 1.014614 39.434525 1.873588 1.033197 41.739967 8.598012 1.095110 41.739967 8.767741 1.079525 39.806427 1.873588 -0.168502 39.328392 8.709884 -0.299434 39.616768 1.873588 -0.611979 39.518059 1.873588 -0.611979 41.739975 8.517381 -0.742911 41.739967 8.691272 -0.742911 39.806435 1.873588 -5.211412 39.532879 8.499671 -5.309362 39.806427 8.319968 -5.309362 41.739967 1.873588 -5.211412 41.739967 -0.791316 -7.171961 77.133881 -1.865041 -7.544089 77.139313 -1.865040 -7.527400 78.557541 -1.865040 -1.624317 81.484879 -1.865040 -6.547673 79.793106 -1.865040 -4.180843 80.883331 4.163230 -10.521977 1.672328 5.068566 -10.522927 1.500442 5.603177 -10.133335 2.102266 4.505513 -10.131284 2.215153 
						3.861484 -10.519127 2.187980 4.277982 -10.125117 2.758193 6.749482 -10.030385 5.272009 6.971419 -10.438678 4.822764 7.721419 -10.176389 5.072763 7.553138 -9.852975 5.517233 6.310267 -10.124073 4.357643 6.721419 -10.532463 4.072767 6.971419 -10.438678 4.822764 6.749482 -10.030385 5.272009 -10.249971 -10.522927 1.750441 -9.499971 -10.522927 1.500445 -9.926104 -10.133335 2.298594 -7.941779 -10.521977 1.672328 -1.889274 -10.535443 6.015207 -6.563857 -10.505013 6.011083 -7.371182 -10.500813 5.820552 -7.640254 -10.502208 5.250860 -7.640032 -10.519127 2.187979 -0.651218 -6.324349 79.519440 -0.662735 -7.082768 78.564148 -1.889275 -10.522927 -3.468161 6.721421 -10.522926 0.183138 5.721419 -10.522927 1.500442 5.068566 -10.522927 1.500442 8.411815 -9.937144 -3.465973 8.997600 -8.522927 -3.468157 1.873588 0.274975 39.518059 8.728490 0.144043 39.806431 8.556314 0.144043 41.739967 1.873588 0.274974 41.739967 1.873588 0.274975 39.518059 1.873588 0.274974 41.739967 1.873588 -0.611979 41.739975 1.873588 0.060984 39.377010 1.873588 -0.611979 39.518059 1.873588 -0.397988 39.377010 1.873588 -0.168502 39.328392 8.071095 -9.647614 5.537064 8.411811 -9.937140 5.072762 -1.865040 -6.547673 79.793106 -1.865040 -7.527400 78.557541 6.310241 -10.109502 2.829669 6.721419 -10.547453 2.500441 6.721421 -10.522927 -3.468161 3.861707 -10.502208 5.250861 3.592637 -10.500813 5.820551 2.785310 -10.505013 6.011083 3.861484 -10.519127 2.187980 4.163230 -10.521977 1.672328 6.471423 -10.522927 1.750442 5.721419 -10.522927 1.500442 6.471423 -10.522927 1.750442 6.147552 -10.133335 2.298595 6.147552 -10.133335 2.298595 6.471423 -10.522927 1.750442 -5.603656 -5.260036 41.739986 -5.603656 -6.146991 41.739986 -12.022044 -6.196318 41.739975 -12.050048 -5.309362 41.739975 -11.983513 -5.309362 42.455864 -11.952846 -6.196318 42.455856 -5.603656 -6.146992 42.455864 -5.603656 -5.260037 42.455864 
						-12.059286 -3.570884 42.455864 -12.021915 -4.457839 42.455864 -5.603656 -4.428843 42.455872 -5.603656 -3.541888 42.455868 -12.125056 -3.570884 41.739975 -5.603656 -3.541888 41.739990 -5.603656 -4.428842 41.739994 -12.087729 -4.457838 41.739975 -5.603656 -1.814276 41.739983 -5.603656 -2.701230 41.739983 -12.160415 -2.757456 41.739975 -12.197805 -1.870502 41.739975 -5.603656 -1.814276 42.455864 -12.132554 -1.870503 42.455860 -12.095097 -2.757456 42.455860 -5.603656 -2.701230 42.455864 -12.286393 0.144043 41.739975 -5.603656 0.168303 41.739983 -5.603656 -0.718651 41.739983 -12.247459 -0.742911 41.739975 -12.222647 0.144043 42.455860 -12.183077 -0.742911 42.455860 -5.603656 -0.718651 42.455864 -5.603656 0.168303 42.455864 -5.603656 2.038543 41.739983 -5.603656 1.170172 41.739983 -12.328093 1.095110 41.739971 -12.302238 1.966479 41.739971 -12.241974 1.966479 42.455856 -12.265253 1.100880 42.455856 -5.603656 1.175942 42.455864 -5.603656 2.038544 42.455856 -12.240031 3.852998 41.739975 -5.603656 3.799097 41.739971 -5.603656 2.912142 41.739971 -12.269387 2.966043 41.739967 -12.185874 3.852998 42.455864 -12.212399 2.966043 42.455856 -5.603656 2.912142 42.455856 -5.603656 3.799097 42.455856 -12.173938 5.829477 41.739983 -5.603656 5.897047 41.739990 -5.603656 5.010092 41.739994 -12.203707 4.942523 41.739983 -12.125843 5.829477 42.455864 -12.152932 4.942523 42.455864 -5.603656 5.010091 42.455872 -5.603656 5.897044 42.455872 -12.105663 7.844605 41.739983 -5.603656 7.860614 41.739983 -5.603656 6.973659 41.739983 -12.135818 6.957652 41.739983 -12.063416 7.844606 42.455864 -12.091039 6.957653 42.455864 -5.603656 6.973659 42.455864 -5.603656 7.860615 42.455868 -12.105663 7.844605 41.739983 8.333337 7.844607 42.455864 8.146565 10.540469 46.630684 8.086854 7.844605 46.632648 8.375583 7.844606 41.739967 8.405740 6.957652 41.739967 1.873588 6.931698 41.739983 1.873588 7.818650 41.739983 
						8.333337 7.844607 42.455864 1.873588 7.818651 42.455864 1.873588 6.931697 42.455864 8.360957 6.957653 42.455864 8.375583 7.844606 41.739967 8.395759 5.829477 42.455864 1.873588 5.817381 42.455864 1.873588 4.930426 42.455864 8.422851 4.942523 42.455856 8.443856 5.829477 41.739967 8.473628 4.942523 41.739967 1.873588 4.930427 41.739967 1.873588 5.817382 41.739990 8.509948 3.852998 41.739967 8.539308 2.966043 41.739967 1.873588 2.912142 41.739967 1.873588 3.799097 41.739967 8.455792 3.852998 42.455856 1.873588 3.799097 42.455856 1.873588 2.912142 42.455856 8.482320 2.966043 42.455856 8.572156 1.966479 41.739967 8.598012 1.095110 41.739967 1.873588 1.033197 41.739967 1.873588 1.901569 41.739967 1.873588 1.901569 42.455864 1.873588 1.038967 42.455864 8.535172 1.100880 42.455856 8.511891 1.966479 42.455856 8.556314 0.144043 41.739967 8.517381 -0.742911 41.739967 1.873588 -0.611979 41.739975 1.873588 0.274974 41.739967 8.492568 0.144043 42.455856 1.873588 0.274974 42.455864 1.873588 -0.611980 42.455864 8.452996 -0.742911 42.455856 1.873588 -1.829662 41.739975 8.467725 -1.870502 41.739967 8.430333 -2.757456 41.739967 1.873588 -2.716616 41.739975 1.873588 -1.829662 42.455860 1.873588 -2.716616 42.455864 8.365018 -2.757456 42.455860 8.402472 -1.870502 42.455860 8.357646 -4.457837 41.739967 1.873588 -4.466809 41.739967 1.873588 -3.579855 41.739975 8.394975 -3.570884 41.739964 1.873588 -3.579856 42.455864 1.873588 -4.466811 42.455856 8.291835 -4.457839 42.455856 8.329206 -3.570884 42.455856 8.319968 -5.309362 41.739967 8.291965 -6.196317 41.739967 1.873588 -6.098367 41.739967 1.873588 -5.211412 41.739967 1.873588 -5.211413 42.455856 1.873588 -6.098368 42.455856 8.222766 -6.196318 42.455856 8.253434 -5.309362 42.455856 8.291965 -6.196317 41.739967 -12.776149 10.781783 -3.468161 -11.984384 11.846280 -3.465975 
						-12.486277 10.782010 -3.465975 -12.782037 4.871640 -3.468159 -12.776149 10.781783 -3.468161 -12.486277 10.782010 -3.465975 -12.492322 4.466663 -3.465969 -10.499971 12.781779 -3.468159 -1.889275 12.781779 -3.468161 -1.889212 12.387520 -3.465975 -10.499871 12.387515 -3.465975 -11.984384 11.846280 -3.465975 6.721421 12.781779 -3.468161 6.721446 12.387520 -3.465975 8.997600 10.781783 -3.468161 9.003663 7.765291 -3.468164 8.707854 10.782010 -3.465975 8.205840 11.846280 -3.465975 8.997600 10.781783 -3.468161 8.707854 10.782010 -3.465975 8.205840 11.846280 -3.465975 -12.782037 1.129427 -3.468161 -12.492054 1.129659 -3.465973 9.003533 4.871640 -3.468161 8.713515 4.403552 -3.465973 -12.782037 -2.612786 -3.468161 -12.492322 -2.122506 -3.465973 9.003533 1.129427 -3.468161 8.713677 1.129659 -3.465975 -12.782217 -5.506436 -3.468155 -12.248713 -7.793165 -3.465973 9.003703 -2.866228 -3.468161 8.713515 -2.178666 -3.465979 -12.776149 -8.522927 -3.468157 -12.190366 -9.937144 -3.465973 -12.776149 -8.522927 -3.468157 -12.248713 -7.793165 -3.465973 9.003663 -5.506436 -3.468157 8.470298 -7.793165 -3.465975 -10.499971 -10.522927 -3.468155 -12.190366 -9.937144 -3.465973 -10.778216 -10.003275 -3.465973 8.997600 -8.522927 -3.468157 -1.889275 -10.522927 -3.468161 -1.889213 -10.128208 -3.465973 8.997600 -8.522927 -3.468157 8.411815 -9.937144 -3.465973 8.470298 -7.793165 -3.465975 6.721421 -10.522927 -3.468161 6.714692 -10.016678 -3.465973 8.411815 -9.937144 -3.465973 -2.709505 -4.816295 47.905853 -2.709505 -4.552577 51.706711 -2.709505 -3.557019 52.026260 -2.709503 2.276315 48.990105 -2.709504 -4.962884 51.636822 -2.709505 -4.552577 51.706711 -1.068760 -4.552577 51.706711 -1.068760 -3.557019 52.026260 -2.709505 -3.557019 52.026260 -2.709504 -2.902647 52.587677 -2.709504 -5.357021 51.080883 -2.709504 -5.298939 51.457397 -2.709504 -4.962884 51.636822 -1.068760 -4.962884 51.636822 -1.068760 -2.902650 52.587677 
						-2.709504 -2.902647 52.587677 -1.068759 -4.816295 47.905853 -1.068759 2.276315 48.990105 -1.068760 -3.557019 52.026260 -1.068760 -4.552577 51.706711 -2.709504 -2.589463 53.391014 -2.709505 -4.816295 47.905853 -1.068759 -4.816295 47.905853 -1.068760 -5.357021 51.080883 -2.709504 -5.357021 51.080883 -1.068760 -5.298939 51.457397 -2.709504 -5.298939 51.457397 -2.709504 -5.298939 51.457397 -1.068760 -5.298939 51.457397 -1.068760 -4.962884 51.636822 -1.068760 -2.589465 53.391014 -2.709504 -2.589463 53.391014 -1.068760 -2.902650 52.587677 -2.709503 -2.617474 54.436226 -1.068760 -5.298939 51.457397 -1.068760 -5.357021 51.080883 -1.068760 -2.617474 54.436226 -2.709503 -2.617474 54.436226 -1.068760 -2.589465 53.391014 -2.709504 -3.421891 60.931740 -2.709504 0.206604 61.143040 -1.068760 -3.421891 60.931740 -2.709504 -3.421891 60.931740 -1.068760 -2.617474 54.436226 -2.709504 -3.371838 61.335487 -1.068760 -3.371838 61.335487 -2.709504 -3.371838 61.335487 -1.068760 0.206604 61.143040 -1.068760 -3.421891 60.931740 -2.709503 -3.062246 61.610474 -2.709504 -3.371838 61.335487 -1.068760 -3.371838 61.335487 -1.068760 -3.062246 61.610474 -2.709503 -3.062246 61.610474 -1.068760 -3.371838 61.335487 -2.709504 -2.558025 61.871433 -1.068760 -2.558025 61.871433 -2.709504 -2.558025 61.871433 -1.068760 -3.062246 61.610474 -2.709504 -2.234859 62.126534 -1.068760 -2.234859 62.126534 -2.709504 -2.234859 62.126534 -1.068760 -2.558025 61.871433 -2.709504 -2.176775 62.503036 -2.709504 -2.234859 62.126534 -1.068760 -2.234859 62.126534 -1.068760 -2.176775 62.503036 -2.709504 -2.176775 62.503036 -1.068760 -2.234859 62.126534 -2.709504 -3.405766 72.711960 -2.709504 -1.786788 72.847839 -1.068761 -3.405766 72.711960 -2.709504 -3.405766 72.711960 -1.068760 -2.176775 62.503036 -2.709504 -3.405766 72.711960 -1.068761 -3.405766 72.711960 -1.068761 -1.786788 72.847832 -2.709504 -1.786788 72.847839 -1.068761 -1.786788 72.847832 
						-1.068761 -3.405766 72.711960 -7.097964 3.209784 -34.415955 -7.000051 2.043449 -35.068573 -9.096395 2.117892 -34.521061 -8.431677 3.203958 -34.043629 -10.300891 2.260292 -33.815903 -9.640162 3.309904 -33.322357 -7.674983 3.972978 -33.326015 -7.086755 3.972853 -33.445236 -8.880467 4.087145 -32.688976 -4.483950 3.208767 -34.877754 -4.430182 2.039944 -35.591518 -7.021470 1.126314 -35.085766 -9.314631 1.128086 -34.522968 -9.096395 2.117892 -34.521061 -7.000051 2.043449 -35.068573 -10.517497 1.129004 -33.821281 -10.300891 2.260292 -33.815903 -10.793860 2.576681 -32.515450 -10.156671 3.641317 -32.026459 -9.336261 4.428979 -31.418468 -9.416254 4.879256 -29.849998 -7.228318 4.923852 -29.864311 -4.473947 3.971595 -33.888451 -4.430182 2.039944 -35.591518 -4.443830 1.125703 -35.623585 -1.888081 3.208364 -35.023235 -1.903095 2.035633 -35.764816 -7.056479 -5.710648 -35.086117 -9.043799 -5.603378 -34.554638 -4.463639 -5.710647 -35.623699 -10.240991 -5.540347 -33.829231 -10.992633 1.129337 -32.485268 -10.793860 2.576681 -32.515450 -11.021269 3.245263 -29.866703 -10.391706 4.253527 -29.844223 -4.550054 4.962565 -30.341461 -1.889212 3.971163 -34.021275 -1.903095 2.035633 -35.764816 -1.891667 1.124964 -35.812183 -4.463639 -5.710647 -35.623699 -4.518731 -7.174166 -35.403996 -7.285641 -7.174166 -34.849045 -7.056479 -5.710648 -35.086117 -1.889213 -5.710646 -35.811882 -11.163679 1.129397 -29.943844 -11.021269 3.245263 -29.866703 -7.315274 5.780301 -27.740410 -4.593289 5.814765 -27.770485 -9.524689 5.746669 -27.715073 -1.889390 4.755402 -31.350464 0.706904 3.208767 -34.877548 0.640262 2.039918 -35.593342 -9.043799 -5.603378 -34.554638 -8.982487 -7.174164 -34.382710 -1.889213 -5.710646 -35.811882 -1.875334 -7.174166 -35.544441 0.685216 -5.710647 -35.623699 -1.889213 -5.710646 -35.811882 -1.891667 1.124964 -35.812183 0.663337 1.125698 -35.623913 -10.174941 -7.174166 -33.716648 -10.240991 -5.540347 -33.829231 -10.719028 -5.519311 -32.485653 
						-11.192173 4.026168 -27.693573 -10.621067 5.086314 -27.696232 -11.315500 1.129451 -27.589916 -11.192173 4.026168 -27.693573 -1.889477 5.815199 -27.770157 0.672704 3.971549 -33.891533 -1.903095 2.035633 -35.764816 0.640262 2.039918 -35.593342 -7.646756 -7.174167 -31.650177 -8.730099 -7.174167 -31.263645 -10.703063 -7.174167 -31.263653 -10.630403 -7.174165 -32.398125 -10.174941 -7.174166 -33.716648 -8.982487 -7.174164 -34.382710 -7.285641 -7.174166 -34.849045 -7.285642 -7.174166 -32.809776 -4.518731 -8.684426 -35.403996 -7.285641 -8.684424 -34.849045 3.278058 -5.710648 -35.086117 3.242009 1.126310 -35.085995 0.768067 -7.174166 -35.403996 -1.875334 -7.174166 -35.544441 -1.889213 -5.710646 -35.811882 0.685216 -5.710647 -35.623699 -10.630403 -7.174165 -32.398125 -10.719028 -5.519311 -32.485653 -10.901265 -5.519253 -29.943096 -7.396354 7.141838 -25.916615 -4.636263 7.242064 -26.024837 -1.889554 7.242532 -26.024391 -9.619514 7.051512 -25.829586 -0.905223 4.509895 -32.193974 3.320569 3.209787 -34.415710 3.216057 2.043430 -35.069782 3.216057 2.043430 -35.069782 -7.285641 -7.174166 -34.849045 -7.285641 -8.684424 -34.849045 -7.285642 -8.684425 -32.809776 -7.285642 -7.174166 -32.809776 -7.646755 -8.684425 -31.650173 -7.646756 -7.174167 -31.650177 -8.730099 -7.174167 -31.263645 -7.646756 -7.174167 -31.650177 -7.646755 -8.684425 -31.650173 -8.730099 -8.684426 -31.263653 -10.703063 -8.684426 -31.263653 -10.703063 -7.174167 -31.263653 -10.703063 -7.174167 -31.263653 -10.901265 -5.519253 -29.943096 -1.875334 -8.684426 -35.544441 -4.108705 -8.684426 -31.115097 -7.646755 -8.684425 -31.650173 -7.285642 -8.684425 -32.809776 -7.285641 -8.684424 -34.849045 -4.518731 -8.684426 -35.403996 5.536206 1.128085 -34.522945 5.265378 -5.603377 -34.554638 3.534977 -7.174166 -34.849045 3.278058 -5.710648 -35.086117 -11.062902 -5.519201 -27.589867 -11.348448 5.218641 -25.726883 -10.823652 6.320072 -25.759987 -11.454174 1.129500 -25.235138 -11.348448 5.218641 -25.726883 
						-0.863731 5.814915 -27.770397 -4.683552 8.812094 -24.296967 -2.497112 8.812094 -24.503345 3.297036 3.972853 -33.447346 -10.962006 -8.684427 -28.695023 -10.703063 -8.684426 -31.263653 -8.730099 -8.684426 -31.263653 -7.247681 -8.684425 -27.976124 -10.703063 -8.684426 -31.263653 -10.962006 -8.684427 -28.695023 -10.962006 -7.174168 -28.695019 0.768066 -8.684426 -35.403996 -1.875334 -8.684426 -35.544441 -1.875333 -8.684425 -31.556587 -1.875334 -8.684426 -35.544441 -5.990383 -8.684426 -29.857800 5.208348 2.127558 -34.496750 5.265378 -5.603377 -34.554638 5.231822 -7.174164 -34.382702 3.534977 -8.684424 -34.849045 -11.062902 -5.519201 -27.589867 -7.492835 8.812095 -23.850029 -0.488954 5.874382 -27.697632 -9.739868 8.812098 -23.421982 -0.539232 4.601261 -31.717407 3.351665 4.329897 -32.102436 4.569823 3.204328 -34.066887 5.208348 2.127558 -34.496750 -7.689178 -8.684426 -25.751839 -11.115785 -8.684429 -25.751839 -11.115785 -8.684429 -25.751839 -11.115782 -7.174168 -25.751839 0.768066 -8.684426 -35.403996 0.358040 -8.684426 -31.115097 -1.875333 -8.684425 -31.556587 -1.875333 -12.307213 -31.556595 -4.108706 -12.307209 -31.115105 -4.108705 -8.684426 -31.115097 -5.990383 -12.307210 -29.857800 -5.990383 -8.684426 -29.857800 6.739072 1.129005 -33.821270 6.462569 -5.540346 -33.829231 6.462569 -5.540346 -33.829231 6.424272 -7.174166 -33.716648 3.534977 -7.174166 -34.849045 5.231822 -7.174164 -34.382702 6.424272 -7.174166 -33.716648 6.879735 -7.174165 -32.398125 6.952395 -7.174167 -31.263653 4.979434 -7.174167 -31.263645 3.896092 -7.174167 -31.650177 3.534979 -7.174166 -32.809776 3.534977 -8.684425 -32.809776 3.534977 -8.684424 -34.849045 3.534977 -7.174166 -34.849045 3.534979 -7.174166 -32.809776 3.534977 -8.684424 -34.849045 3.534977 -8.684425 -32.809776 3.896091 -8.684425 -31.650173 -11.210545 -5.519153 -25.235664 -11.594595 7.206581 -22.647507 -11.123577 8.271075 -22.858356 -11.654578 1.129571 -21.661980 -11.594595 7.206581 -22.647507 
						-4.683552 8.812094 -24.296967 -5.045524 8.992478 -19.638599 -2.804599 8.992477 -19.845039 -2.497112 8.812094 -24.503345 -1.889614 8.812094 -24.503345 -0.220659 6.053015 -27.479137 3.367977 4.499616 -31.717590 3.896537 3.972978 -33.325901 -7.247681 -8.684425 -27.976124 -7.247680 -12.307211 -27.976128 -7.689176 -12.307211 -25.751842 -7.689178 -8.684426 -25.751839 -10.962006 -8.684429 -22.808659 -7.247680 -8.684426 -23.527561 -10.962006 -8.684429 -22.808659 -10.962006 -7.174169 -22.808655 -11.210545 -5.519153 -25.235664 0.358040 -12.307209 -31.115112 0.358040 -8.684426 -31.115097 -1.875333 -12.307213 -31.556595 -1.875333 -12.307213 -27.665359 -2.619601 -12.307210 -27.520061 -4.108706 -12.307209 -31.115105 -3.238864 -12.307214 -27.106274 -5.990383 -12.307210 -29.857800 6.416944 2.276843 -33.763958 3.896092 -7.174167 -31.650177 3.896091 -8.684425 -31.650173 6.940598 -5.519310 -32.485661 6.879735 -7.174165 -32.398125 7.122838 -5.519252 -29.943092 6.952395 -7.174167 -31.263653 6.952394 -8.684426 -31.263645 4.979434 -8.684426 -31.263645 4.979434 -7.174167 -31.263645 6.952395 -7.174167 -31.263653 3.896091 -8.684425 -31.650173 3.896092 -7.174167 -31.650177 2.239717 -8.684426 -29.857800 -11.423985 -5.519087 -21.662273 -7.492835 8.812095 -23.850029 -7.922791 8.992479 -19.191673 -2.804599 8.992477 -19.845039 -2.804598 9.763331 -19.845039 -2.500539 9.484907 -23.562119 -2.497112 8.812094 -24.503345 -2.804599 8.992477 -19.845039 -5.045524 8.992478 -19.638599 -5.045525 9.763332 -19.638893 -2.804598 9.763331 -19.845039 -1.281311 8.812094 -24.503345 -2.500539 9.484907 -23.562119 -1.889615 9.484907 -23.562119 0.637632 7.003761 -26.316273 -0.161932 5.135349 -30.656677 -9.784781 9.525435 -22.438999 -7.525250 9.484906 -22.867043 0.142239 4.843990 -31.422241 3.382435 4.783403 -31.411964 5.702004 4.233340 -31.622948 5.102038 4.087141 -32.688961 5.781220 3.309774 -33.345749 6.416944 2.276843 -33.763958 -7.247678 -12.307211 -23.527561 
						-7.247680 -8.684426 -23.527561 -7.247680 -12.307211 -27.976128 -3.652642 -12.307211 -26.487015 -3.797939 -12.307213 -25.751842 -7.689176 -12.307211 -25.751842 -7.646756 -8.684426 -19.853508 -8.730098 -8.684427 -20.240036 -10.703062 -8.684427 -20.240032 -11.101956 -5.519022 -22.808582 -10.703062 -8.684427 -20.240032 -10.703062 -7.174169 -20.240032 2.239717 -12.307210 -29.857803 2.239717 -8.684426 -29.857800 -1.131064 -12.307210 -27.520061 0.358040 -12.307209 -31.115112 -1.875333 -12.307213 -27.665359 -1.875333 -15.240520 -27.665356 -2.619600 -15.240520 -27.520058 -2.619601 -12.307210 -27.520061 -3.238864 -15.240521 -27.106274 -3.238864 -12.307214 -27.106274 7.214208 1.129337 -32.485268 6.940598 -5.519310 -32.485661 7.211337 -8.684427 -28.695023 6.952394 -8.684426 -31.263645 7.211339 -7.174168 -28.695023 7.211337 -8.684427 -28.695023 3.497015 -8.684425 -27.976124 4.979434 -8.684426 -31.263645 6.952394 -8.684426 -31.263645 -11.649003 7.919923 -21.664524 -11.649003 7.919923 -21.664524 -11.175633 8.984414 -21.875374 -7.492835 8.812095 -23.850029 -7.525250 9.484906 -22.867043 -7.922791 9.763333 -19.191803 -7.922791 8.992479 -19.191673 -7.922791 8.992479 -19.191673 -7.922791 9.763333 -19.191803 -4.699904 9.484906 -23.313980 -2.500539 9.484907 -23.562119 -2.804598 9.763331 -19.845039 -5.045525 9.763332 -19.638893 0.905125 8.812094 -24.296967 0.905780 7.178550 -26.093555 -1.277885 9.484907 -23.562119 -2.504965 10.351334 -22.318722 -1.889617 10.351334 -22.318722 0.481581 6.454656 -29.659054 -0.172198 4.927916 -31.224514 5.550630 4.447998 -31.379620 5.040750 4.770032 -31.207726 -3.652642 -12.307213 -25.016670 -7.247678 -12.307211 -23.527561 -5.990381 -12.307211 -21.645889 -5.990382 -8.684426 -21.645882 -3.652642 -12.307211 -26.487015 -3.652642 -15.240524 -26.487011 -3.797938 -15.240522 -25.751842 -3.797939 -12.307213 -25.751842 -5.990382 -8.684426 -21.645882 -7.646756 -8.684426 -19.853508 -7.646757 -7.174168 -19.853504 -8.730098 -7.174169 -20.240036 
						-8.730098 -8.684427 -20.240036 -10.703062 -8.684427 -20.240032 -10.703062 -7.174169 -20.240032 -10.837866 -5.519022 -20.239952 3.497015 -12.307211 -27.976131 3.497015 -8.684425 -27.976124 -0.511801 -12.307214 -27.106277 2.239717 -12.307210 -29.857803 -1.131065 -15.240520 -27.520058 -1.131064 -12.307210 -27.520061 -2.533597 -15.600454 -27.283340 -2.619600 -15.240520 -27.520058 -1.875333 -15.240520 -27.665356 -1.875333 -15.600456 -27.411522 -3.076152 -15.600456 -26.920815 -3.238864 -15.240521 -27.106274 6.942851 2.593801 -32.457207 7.385257 1.129398 -29.943848 7.122838 -5.519252 -29.943092 7.284476 -5.519200 -27.589867 7.365117 -8.684429 -25.751839 7.365115 -7.174168 -25.751839 7.365117 -8.684429 -25.751839 3.938514 -8.684426 -25.751839 -11.716250 8.756492 -20.421135 -11.716250 8.756492 -20.421135 -11.239977 9.820987 -20.631985 -9.840313 10.362004 -21.195606 -11.423985 -5.519087 -21.662273 -11.210545 -5.519153 -25.235664 -11.101956 -5.519022 -22.808582 -11.780667 -0.533197 -20.008633 -11.855031 1.112275 -20.446819 -7.525250 9.484906 -22.867043 -7.922791 9.763333 -19.191803 -4.699904 9.484906 -23.313980 -4.720131 10.351334 -22.070587 0.905125 8.812094 -24.296967 -1.281311 8.812094 -24.503345 -0.973819 8.992390 -19.844982 1.267099 8.992390 -19.638599 -1.273457 10.351334 -22.318722 -0.973819 9.763244 -19.845097 -0.973819 8.992390 -19.844982 -1.281311 8.812094 -24.503345 -1.277885 9.484907 -23.562119 -2.508674 11.037589 -21.252987 -1.889621 11.037589 -21.252983 0.743196 6.695679 -29.512012 0.617367 6.408699 -30.041420 -7.565339 10.351335 -21.623642 1.049020 6.393347 -30.167015 2.821313 6.178962 -30.155514 4.652383 5.934976 -30.152576 6.306510 3.639704 -32.050434 6.942851 2.593801 -32.457207 -3.652642 -15.240522 -25.016678 -3.652642 -12.307213 -25.016670 -3.238864 -12.307214 -24.397411 -5.990381 -12.307211 -21.645889 -4.108705 -12.307212 -20.388584 -4.108705 -8.684427 -20.388584 -3.434733 -15.600458 -26.384159 -3.559574 -15.600460 -25.751842 
						-3.797938 -15.240522 -25.751842 -3.652642 -15.240524 -26.487011 -4.108705 -8.684427 -20.388584 -7.646757 -7.174168 -19.853504 -7.646756 -8.684426 -19.853508 -7.285643 -8.684426 -18.693913 -7.285643 -7.174168 -18.693909 -7.285642 -7.174167 -16.654640 -8.982488 -7.174165 -17.120972 -10.174941 -7.174167 -17.787029 -10.630402 -7.174166 -19.105553 -10.703062 -7.174169 -20.240032 -8.730098 -7.174169 -20.240036 -7.646757 -7.174168 -19.853504 -7.285643 -7.174168 -18.693909 -10.837866 -5.519022 -20.239952 -10.630402 -7.174166 -19.105553 -10.630344 -5.519022 -19.105465 3.938514 -12.307211 -25.751846 3.938514 -8.684426 -25.751839 -0.098022 -12.307211 -26.487019 3.497015 -12.307211 -27.976131 -0.511801 -15.240521 -27.106274 -0.511801 -12.307214 -27.106277 -1.131065 -15.240520 -27.520058 -1.217069 -15.600454 -27.283340 -3.559574 -15.600460 -25.751842 -3.434733 -15.600458 -26.384159 -1.875332 -15.600460 -25.751842 7.242846 3.245264 -29.866703 7.537078 1.129451 -27.589924 7.284476 -5.519200 -27.589867 7.432120 -5.519153 -25.235664 7.211339 -7.174169 -22.808659 7.211339 -8.684429 -22.808655 7.211339 -8.684429 -22.808655 3.497015 -8.684426 -23.527561 -11.770314 9.432073 -19.397144 -11.859967 2.757747 -20.005337 -11.770314 9.432073 -19.397144 -11.228591 10.781831 -19.607994 -11.735680 -1.681606 -18.804897 -4.720131 10.351334 -22.070587 -5.090992 10.371597 -17.410740 -2.824520 10.371599 -17.658878 -2.504965 10.351334 -22.318722 1.280115 7.226478 -26.008160 3.714412 8.812095 -23.850018 4.144372 8.992391 -19.191658 1.267099 8.992390 -19.638599 -0.973819 8.992390 -19.844982 -0.973819 9.763244 -19.845097 1.267099 9.763243 -19.638893 -1.269750 11.037589 -21.252987 0.921479 9.484906 -23.313980 0.941707 10.351334 -22.070583 0.921479 9.484906 -23.313980 1.267099 9.763243 -19.638893 -0.973819 9.763244 -19.845097 -1.277885 9.484907 -23.562119 -2.824520 10.371599 -17.658878 -2.824521 11.115800 -17.659241 -2.508674 11.037589 -21.252987 -2.504965 10.351334 -22.318722 
						-1.889259 12.790160 -19.105717 1.211104 6.776430 -29.461403 0.707395 6.593218 -29.817142 5.811210 5.751693 -27.627445 6.109603 5.520498 -27.708591 5.323688 4.761231 -31.004910 5.052737 5.874343 -30.057846 2.835742 6.445808 -29.846600 4.596032 6.205114 -29.863331 -3.434733 -15.600455 -25.119522 -3.652642 -15.240522 -25.016678 -3.238863 -15.240528 -24.397415 -3.238864 -12.307214 -24.397411 -2.619601 -12.307211 -23.983635 -4.108705 -12.307212 -20.388584 -1.875332 -12.307212 -19.947090 -1.875333 -8.684427 -19.947090 -4.518732 -8.684426 -16.099686 -7.285642 -8.684426 -16.654644 -7.285643 -8.684426 -18.693913 -7.285642 -8.684426 -16.654644 -7.285642 -7.174167 -16.654640 -6.315217 -5.519022 -16.459927 -8.982429 -5.519021 -17.120892 -8.982488 -7.174165 -17.120972 -7.285642 -7.174167 -16.654640 -10.174879 -5.519021 -17.786945 -10.174941 -7.174167 -17.787029 -10.174941 -7.174167 -17.787029 -10.174879 -5.519021 -17.786945 -10.630344 -5.519022 -19.105465 3.497015 -8.684426 -23.527561 3.497017 -12.307211 -23.527561 0.047276 -12.307213 -25.751846 3.938514 -12.307211 -25.751846 -0.098022 -15.240524 -26.487011 -0.098022 -12.307211 -26.487019 -0.511801 -15.240521 -27.106274 -0.674513 -15.600456 -26.920815 -0.191092 -15.600460 -25.751846 -0.315931 -15.600458 -26.384159 -3.434733 -15.600455 -25.119522 7.351403 -5.519022 -22.808582 6.952395 -7.174169 -20.240036 6.952394 -8.684427 -20.240032 6.952394 -8.684427 -20.240032 4.979434 -8.684427 -20.240036 3.896092 -8.684426 -19.853508 -10.838630 10.781832 -19.783680 -10.192854 10.820901 -19.881142 -7.038171 11.037588 -20.686882 -11.855031 1.112275 -20.446819 -11.780667 -0.533197 -20.008633 -12.727321 -0.531149 -19.921921 -12.790518 1.056813 -20.343643 -11.644397 -5.568865 -15.687561 -12.111135 -2.385878 -17.056194 -11.735680 -1.681606 -18.804897 -12.689024 -1.695115 -18.761124 -7.565339 10.351335 -21.623642 -7.992684 10.371598 -16.963799 -2.824520 10.371599 -17.658878 -5.090992 10.371597 -17.410740 -5.090992 11.115800 -17.410633 
						-2.824521 11.115800 -17.659241 3.714412 8.812095 -23.850018 2.990198 7.012966 -25.916668 4.144372 8.992391 -19.191658 4.144372 9.763245 -19.191795 3.746829 9.484906 -22.867039 3.714412 8.812095 -23.850018 4.144372 8.992391 -19.191658 4.144372 9.763245 -19.191795 -0.940548 11.132327 -17.658688 -0.957856 10.388644 -17.658333 -1.273457 10.351334 -22.318722 -1.269750 11.037589 -21.252987 3.746829 9.484906 -22.867039 3.786918 10.351335 -21.623646 0.941707 10.351334 -22.070583 -1.273457 10.351334 -22.318722 -0.957856 10.388644 -17.658333 1.317265 10.388643 -17.410191 3.746829 9.484906 -22.867039 4.144372 9.763245 -19.191795 -4.736408 11.037588 -21.046600 -4.770275 12.713778 -18.841862 1.179282 6.642452 -29.866394 5.436229 4.924170 -30.732132 5.642694 5.992944 -27.371037 4.918466 6.109732 -29.910645 6.560714 4.256502 -29.843090 7.242846 3.245264 -29.866703 -3.076152 -15.600453 -24.582870 -3.238863 -15.240528 -24.397415 -2.619600 -15.240525 -23.983631 -2.619601 -12.307211 -23.983635 -1.875333 -12.307212 -23.838337 -1.875332 -12.307212 -19.947090 -1.875333 -8.684427 -19.947090 -1.875332 -8.684426 -15.959240 -1.875333 -8.684427 -19.947090 -1.875332 -12.307212 -19.947090 0.358041 -12.307212 -20.388588 0.358040 -8.684427 -20.388584 -7.285642 -8.684426 -16.654644 -4.518732 -8.684426 -16.099686 -4.518732 -7.174167 -16.099686 -4.518674 -5.519022 -16.099598 -11.644397 -5.568865 -15.687561 -10.174879 -5.519021 -17.786945 -8.982429 -5.519021 -17.120892 2.239718 -8.684426 -21.645882 2.239718 -12.307211 -21.645889 3.497017 -12.307211 -23.527561 -0.098022 -12.307213 -25.016678 0.047276 -15.240522 -25.751842 0.047276 -12.307213 -25.751846 -0.098022 -15.240524 -26.487011 -0.315931 -15.600458 -26.384159 0.047276 -15.240522 -25.751842 -0.191092 -15.600460 -25.751846 -0.315931 -15.600455 -25.119522 -1.875333 -15.240523 -23.838337 -2.619600 -15.240525 -23.983631 -2.533596 -15.600455 -24.220348 -1.875333 -15.600454 -24.092163 7.413751 4.026169 -27.693573 
						7.675750 1.129500 -25.235138 7.432120 -5.519153 -25.235664 7.087314 -5.519022 -20.239952 4.979434 -7.174169 -20.240040 4.979434 -8.684427 -20.240036 6.952394 -8.684427 -20.240032 6.952395 -7.174169 -20.240036 3.896092 -7.174168 -19.853508 3.896092 -8.684426 -19.853508 2.239718 -8.684426 -21.645882 -11.872707 4.025425 -18.799198 -11.882682 10.782011 -17.192406 -7.440376 11.115801 -17.062744 -7.992684 10.371598 -16.963799 -7.565339 10.351335 -21.623642 -7.038171 11.037588 -20.686882 -12.794905 2.644704 -19.918636 -11.859967 2.757747 -20.005337 -12.492321 -2.178670 -17.158146 -12.685960 -2.121523 -17.171078 -7.992684 10.371598 -16.963799 -7.440376 11.115801 -17.062744 -4.736408 11.037588 -21.046600 -2.508674 11.037589 -21.252987 -2.824521 11.115800 -17.659241 -5.090992 11.115800 -17.410633 2.851957 6.564701 -29.451920 6.006358 9.525433 -22.438992 5.961450 8.812092 -23.421982 4.758969 6.719447 -25.871925 0.991847 12.713773 -18.841862 0.957981 11.037588 -21.046608 0.957981 11.037588 -21.046608 1.317265 11.132327 -17.410091 -0.940548 11.132327 -17.658688 -1.269750 11.037589 -21.252987 3.786918 10.351335 -21.623646 4.218961 10.388644 -16.963261 5.837375 10.250317 -21.237850 1.317265 10.388643 -17.410191 -0.957856 10.388644 -17.658333 -0.940548 11.132327 -17.658688 1.317265 11.132327 -17.410091 7.023122 6.319450 -25.760902 6.806033 5.086981 -27.696178 5.196786 5.906884 -29.635292 4.592278 6.323189 -29.444805 5.016416 6.204887 -29.463867 -1.875333 -15.240523 -23.838337 -1.875333 -12.307212 -23.838337 -1.875332 -12.307212 -19.947090 -1.875333 -12.307212 -23.838337 -1.131064 -12.307211 -23.983635 0.358041 -12.307212 -20.388588 0.358040 -8.684427 -20.388584 0.768067 -8.684426 -16.099686 -1.875332 -8.684426 -15.959240 -1.875332 -7.174167 -15.959240 -6.315217 -5.519022 -16.459927 -4.591975 -5.690929 -15.681942 -7.076285 -5.677494 -15.683525 -4.518674 -5.519022 -16.099598 -1.875276 -5.519022 -15.959156 2.239718 -12.307211 -21.645889 
						-0.511801 -12.307214 -24.397415 -0.098022 -12.307213 -25.016678 -0.098022 -15.240522 -25.016670 -0.315931 -15.600455 -25.119522 -0.098022 -15.240522 -25.016670 -0.674513 -15.600453 -24.582870 -0.511801 -15.240528 -24.397415 -1.217068 -15.600455 -24.220348 -1.131065 -15.240525 -23.983631 -1.875333 -15.240523 -23.838337 -1.875333 -15.600454 -24.092163 7.645562 -5.519086 -21.662273 7.087314 -5.519022 -20.239952 7.351403 -5.519022 -22.808582 7.432120 -5.519153 -25.235664 6.879792 -5.519022 -19.105473 6.879737 -7.174166 -19.105556 3.896092 -7.174168 -19.853508 4.979434 -7.174169 -20.240040 6.952395 -7.174169 -20.240036 6.879737 -7.174166 -19.105556 6.424272 -7.174167 -17.787037 5.231822 -7.174165 -17.120975 3.534977 -7.174167 -16.654640 3.534979 -7.174168 -18.693913 3.534979 -8.684426 -18.693913 3.896092 -8.684426 -19.853508 3.896092 -7.174168 -19.853508 3.534979 -7.174168 -18.693913 -12.492322 4.403219 -17.151669 -11.882617 4.600311 -17.171490 -11.872707 4.025425 -18.799198 -12.805872 3.808592 -18.755550 -10.900498 10.781919 -17.387661 -10.838630 10.781832 -19.783680 -11.228591 10.781831 -19.607994 -11.882682 10.782011 -17.192406 -10.332739 11.021949 -17.586868 -10.192854 10.820901 -19.881142 -9.977663 11.489489 -18.876831 -9.915772 12.387523 -17.966873 -7.664675 12.526809 -18.394928 -7.038171 11.037588 -20.686882 -7.440376 11.115801 -17.062744 -12.492321 -1.737769 -15.510395 -12.703560 -1.694963 -15.580147 5.105382 6.644878 -25.945396 3.259748 11.037588 -20.686882 3.666825 11.132328 -17.044601 4.218961 10.388644 -16.963261 3.666825 11.132328 -17.044601 3.259748 11.037588 -20.686882 3.786918 10.351335 -21.623646 3.666825 11.132328 -17.044601 4.218961 10.388644 -16.963261 5.289908 6.455836 -26.199245 7.413751 4.026169 -27.693573 -1.875333 -12.307212 -23.838337 -1.875333 -15.240523 -23.838337 -1.131065 -15.240525 -23.983631 -1.131064 -12.307211 -23.983635 -1.875332 -7.174167 -15.959240 -1.875332 -8.684426 -15.959240 0.768067 -8.684426 -16.099686 
						0.768068 -7.174167 -16.099686 3.534979 -8.684426 -18.693913 3.534977 -8.684426 -16.654644 -1.875276 -5.519022 -15.959156 -1.877736 -5.643346 -15.681915 -1.875276 -5.519022 -15.959156 0.768125 -5.519022 -16.099602 -0.511801 -12.307214 -24.397415 -0.511801 -15.240528 -24.397415 7.570027 5.218643 -25.726883 7.876153 1.129571 -21.661980 7.645562 -5.519086 -21.662273 6.879792 -5.519022 -19.105473 3.534977 -7.174167 -16.654640 3.534977 -8.684426 -16.654644 6.424331 -5.519022 -17.786945 6.424272 -7.174167 -17.787037 5.231822 -7.174165 -17.120975 6.424272 -7.174167 -17.787037 6.424331 -5.519022 -17.786945 5.231877 -5.519022 -17.120892 3.535034 -5.519021 -16.654556 3.534977 -7.174167 -16.654640 -12.818996 4.235096 -17.164818 -12.111080 10.782011 -11.473675 -11.882617 4.600311 -17.171490 -12.111136 4.600310 -11.473671 -12.111080 10.782011 -11.473675 -11.134853 10.781919 -11.473675 -9.977729 11.489543 -17.796444 -9.977663 11.489489 -18.876831 -12.830279 -0.438313 -19.756897 -12.889852 1.054149 -20.151859 -12.893806 2.546467 -19.753658 -12.492322 -0.533202 -14.302818 -12.743982 -0.531095 -14.415644 -12.791202 -1.936931 -17.171478 -12.794107 -1.534591 -18.667248 7.345153 8.271074 -22.858356 7.397204 8.984419 -21.875374 3.886249 12.526809 -18.394920 3.259748 11.037588 -20.686882 6.333625 10.821169 -19.891773 7.461555 9.820991 -20.631985 -4.888260 12.892337 -11.473673 -4.944588 12.892337 -9.309126 -1.889210 12.991481 -9.309122 -1.889258 12.991483 -11.473673 7.570027 5.218643 -25.726883 3.534977 -8.684426 -16.654644 -8.340365 -6.399454 -14.402330 -11.682598 -6.299469 -14.404985 -1.876073 -6.404508 -14.396315 -4.701129 -6.440253 -14.399277 0.768125 -5.519022 -16.099602 0.834620 -5.690931 -15.681942 7.865970 -5.568865 -15.687561 6.424331 -5.519022 -17.786945 5.231877 -5.519022 -17.120892 3.535034 -5.519021 -16.654556 -12.492321 3.962315 -15.505131 -12.811675 3.808673 -15.575001 -10.545653 11.017094 -11.473673 -11.626691 11.846506 -11.473673 
						-10.545653 11.017094 -11.473673 -11.134853 10.781919 -11.473675 -12.111080 10.782011 -11.473675 -12.904042 3.642587 -18.661900 -12.492322 1.112272 -13.858572 -12.804588 1.056810 -13.987833 -12.807825 -1.534285 -15.674976 7.870578 7.919922 -21.664520 7.816173 7.206581 -22.647511 1.109833 12.892336 -11.473673 1.166163 12.892335 -9.309122 -9.915772 12.387523 -17.966873 -10.102687 12.387522 -11.473673 -7.886811 12.711348 -11.473673 -7.664675 12.526809 -18.394928 -7.999963 12.711346 -9.309126 -1.889210 12.991481 -9.309122 -4.944588 12.892337 -9.309126 -4.944588 13.500360 -9.311052 -1.889210 13.562526 -9.311050 0.945615 -6.440987 -14.399609 4.185962 -5.681856 -15.684002 7.816173 7.206581 -22.647511 8.079644 1.129596 -20.442928 8.026433 -0.533196 -20.008518 7.991405 -1.737766 -18.804352 8.103808 -2.317934 -17.196682 7.865970 -5.568865 -15.687561 -12.806642 2.644769 -14.412586 -12.492322 2.757745 -14.299761 -12.916408 4.045163 -17.165596 -12.111080 10.782011 -11.473675 -12.312930 10.782010 -8.486067 -11.789481 11.846507 -9.309059 -11.626691 11.846506 -11.473673 -10.102687 12.387522 -11.473673 -10.194634 11.515408 -11.473673 -9.915772 12.387523 -17.966873 -10.194634 11.515408 -11.473673 -12.845951 -0.438185 -14.581884 7.937825 8.756494 -20.421131 7.870578 7.919922 -21.664520 1.166163 13.500358 -9.311050 1.166163 12.892335 -9.309122 4.108390 12.711348 -11.473673 4.221541 12.711346 -9.309126 6.306357 12.387519 -11.473675 6.119443 12.387522 -17.966873 3.886249 12.526809 -18.394920 6.119443 12.387522 -17.966873 6.138925 11.432358 -18.958065 6.891261 10.781773 -19.820671 -10.333716 12.387522 -9.309122 -7.999963 12.711346 -9.309126 -7.999963 13.424112 -9.311054 -4.944588 13.500360 -9.311052 -4.953742 13.500360 -8.487988 -1.889211 13.562527 -8.487986 -1.889210 13.562526 -9.311050 -9.006330 -7.019696 -13.698980 -11.708013 -6.925655 -13.700396 -4.691013 -7.070525 -13.697351 -1.877608 -7.038454 -13.696787 7.937825 8.756494 -20.421131 
						7.991895 9.432075 -19.397144 8.083467 2.757749 -20.006115 7.904174 -6.299468 -14.404989 5.025321 -6.406523 -14.403059 -12.909492 3.642768 -15.670086 -11.626691 11.846506 -11.473673 -11.789481 11.846507 -9.309059 -10.102687 12.387522 -11.473673 7.513289 10.781773 -19.608002 7.991895 9.432075 -19.397144 4.221541 13.424112 -9.311052 4.221541 12.711346 -9.309126 1.175318 13.500360 -8.487988 1.166163 13.500358 -9.311050 6.555295 12.387520 -9.309124 6.248923 11.432560 -17.699352 6.647677 10.982307 -17.501041 6.333625 10.821169 -19.891773 6.138925 11.432358 -18.958065 7.247533 10.781835 -17.382610 6.891261 10.781773 -19.820671 -10.333716 12.387522 -9.309122 -9.694016 13.338713 -9.330021 -7.999963 13.424112 -9.311054 -8.018270 13.424112 -8.487991 -1.889211 13.562527 -7.664925 -4.962895 13.500360 -7.664927 -4.671897 -7.939535 -13.360382 -10.319346 -8.065069 -13.322260 0.931780 -7.070763 -13.697399 8.079644 1.129596 -20.442928 9.015700 1.079476 -20.333694 8.970443 -0.525174 -19.915665 8.026433 -0.533196 -20.008518 8.083467 2.757749 -20.006115 9.019116 2.650675 -19.913296 8.940598 -1.689074 -18.754452 7.991405 -1.737766 -18.804352 8.916482 -2.115640 -17.165421 8.713513 -2.178669 -17.158627 -12.904829 2.546620 -14.578863 -12.312930 10.782010 -8.486067 -12.486277 10.782010 -3.465975 -12.492322 4.466663 -3.465969 -11.819139 11.846507 -8.486065 -11.158234 12.781967 -9.310703 -11.789481 11.846507 -9.309059 -12.903058 1.054146 -14.180861 5.915593 13.338713 -9.330021 6.555295 12.387520 -9.309124 4.221541 13.424112 -9.311052 4.239848 13.424112 -8.487991 1.184472 13.500358 -7.664927 6.306357 12.387519 -11.473675 6.369805 11.484274 -11.473675 6.119443 12.387522 -17.966873 7.513289 10.781773 -19.608002 8.104253 10.781919 -17.382610 -9.694016 13.338713 -9.330021 -9.694016 13.338713 -8.487751 -8.036579 13.424110 -7.664930 -1.889211 12.991481 -7.663000 -1.889211 13.562527 -7.664925 -4.962895 13.500360 -7.664927 
						-4.962894 12.892335 -7.663004 -11.069346 -7.815069 -13.360979 -11.731400 -7.815069 -13.361265 -1.870870 -7.908911 -13.361115 0.919913 -7.939741 -13.360235 5.744956 -7.027075 -13.699181 8.095258 3.962317 -18.799980 9.029246 3.814524 -18.750175 8.713513 -1.737768 -15.511253 8.925338 -1.689089 -15.574802 7.929595 -6.925730 -13.700388 -11.158234 12.785519 -8.487028 -11.158234 12.781967 -9.310703 -11.848798 11.846506 -7.663069 8.104253 10.781919 -17.382610 8.095258 3.962317 -18.799980 5.915593 13.338713 -8.487751 5.915593 13.338713 -9.330021 4.258155 13.424110 -7.664928 1.184471 12.892334 -7.663000 1.184472 13.500358 -7.664927 8.011056 11.846505 -9.309061 7.848268 11.846506 -11.473673 6.696034 10.991755 -11.473675 7.247531 10.781822 -11.473675 8.332662 10.781919 -11.473675 -11.158234 12.781967 -9.310703 -11.158234 12.785519 -8.487028 -9.694016 13.338712 -7.664259 -8.036579 13.424110 -7.664930 -8.036579 12.711343 -7.663004 -4.962894 12.892335 -7.663004 -1.889212 12.387520 -3.465975 -1.889211 12.991481 -7.663000 -1.885711 -9.784759 -13.070763 -4.797929 -9.799268 -13.070763 -10.069346 -9.701999 -13.070763 -10.069346 -8.815069 -13.206972 -11.069781 -7.815068 -11.473843 -11.069346 -7.815069 -13.360979 -10.319346 -8.065069 -13.322260 -10.319727 -8.065069 -11.473949 6.720490 -8.092971 -13.321821 1.025929 -9.799276 -13.070763 8.713513 4.403219 -17.152435 9.041581 4.240983 -17.159447 8.965095 -0.525156 -14.410295 8.713513 -0.533200 -14.303637 -12.492322 -2.122506 -3.465973 -12.111135 -2.385751 -11.473677 -11.880076 -7.815068 -11.473675 -12.248713 -7.793165 -3.465973 -11.158234 12.781816 -7.664621 -12.486277 10.782010 -3.465975 -11.984384 11.846280 -3.465975 8.104253 10.781919 -17.382610 8.103805 4.631656 -17.196606 7.379809 12.783099 -9.310701 8.011056 11.846505 -9.309061 7.379809 12.783099 -9.310701 7.379809 12.783099 -8.487028 5.915593 13.338712 -7.664259 4.258155 12.711343 -7.663004 4.258155 13.424110 -7.664928 
						1.184471 12.892334 -7.663000 6.696034 10.991755 -11.473675 6.369805 11.484274 -11.473675 6.306357 12.387519 -11.473675 7.848268 11.846506 -11.473673 7.247531 10.781822 -11.473675 8.332662 10.781919 -11.473675 8.713513 3.962317 -15.505905 8.713513 4.403219 -17.152435 8.713513 4.403550 -11.473671 8.713513 1.129659 -11.473675 8.713513 1.112274 -13.859346 8.713513 2.757746 -14.300533 -11.158234 12.781816 -7.664621 -9.694016 13.338712 -7.664259 -10.384315 12.387520 -7.663000 -8.036579 12.711343 -7.663004 -10.499871 12.387515 -3.465975 -11.731400 -7.815069 -13.361265 -11.880076 -7.815068 -11.473675 -1.889210 -9.895964 -11.473673 -4.888291 -9.895960 -11.473673 -4.797929 -9.799268 -13.070763 -1.885711 -9.784759 -13.070763 -10.069347 -9.767087 -11.473673 -10.069346 -9.701999 -13.070763 -10.069346 -9.701999 -13.070763 -10.069347 -9.767087 -11.473673 -10.069559 -8.815069 -11.473856 -10.069346 -8.815069 -13.206972 -10.319727 -8.065069 -11.473949 -10.319346 -8.065069 -13.322260 -11.829367 -9.704723 -11.473673 -11.880076 -7.815068 -11.473675 -11.069781 -7.815068 -11.473843 -10.319727 -8.065069 -11.473949 -10.069559 -8.815069 -11.473856 -10.069347 -9.767087 -11.473673 6.470490 -8.842971 -13.205658 6.470490 -9.714981 -13.070763 1.025929 -9.799276 -13.070763 1.109866 -9.895974 -11.473673 7.470490 -7.842971 -13.360935 7.952987 -7.842971 -13.361223 9.115111 1.076167 -20.141563 9.072486 -0.432000 -19.750412 9.044330 -1.528280 -18.660370 8.713513 3.962317 -15.505905 9.033378 3.814556 -15.569672 9.118178 2.552778 -19.747948 9.021514 -1.930735 -17.165512 9.025447 1.062766 -13.982502 8.713513 1.112274 -13.859346 9.029891 -1.528055 -15.669304 -11.829367 -9.704723 -11.473673 -12.190366 -9.937144 -3.465973 -10.384315 12.387520 -7.663000 -11.848798 11.846506 -7.663069 -11.984384 11.846280 -3.465975 -11.158234 12.781816 -7.664621 -11.848798 11.846506 -7.663069 8.040715 11.846505 -8.486067 8.011056 11.846505 -9.309061 7.379809 12.783099 -9.310701 
						7.379809 12.783099 -8.487028 7.379809 12.783098 -7.664621 6.605893 12.387519 -7.663000 5.915593 13.338712 -7.664259 6.721446 12.387520 -3.465975 4.258155 12.711343 -7.663004 8.534507 10.782010 -8.486067 8.332662 10.781919 -11.473675 7.848268 11.846506 -11.473673 -10.778216 -10.003275 -3.465973 -12.190366 -9.937144 -3.465973 -11.829367 -9.704723 -11.473673 6.470490 -8.842971 -13.205658 6.720490 -8.092971 -13.321821 6.720441 -8.092970 -11.473946 6.470292 -8.842970 -11.473856 6.470490 -9.714981 -13.070763 6.470103 -9.781367 -11.473673 6.470490 -9.714981 -13.070763 6.470103 -9.781367 -11.473673 7.470490 -7.842971 -11.473822 6.720441 -8.092970 -11.473946 6.720490 -8.092971 -13.321821 7.470490 -7.842971 -13.360935 8.713513 2.757746 -14.300533 9.027717 2.650689 -14.407284 9.139287 4.051340 -17.159889 9.127648 3.648827 -18.656162 8.611556 1.080357 -19.121323 8.613572 2.051241 -18.862011 8.609664 1.625938 -18.124451 8.608521 1.076179 -18.271912 8.573743 -0.040959 -17.162964 8.550052 -0.895417 -17.164032 8.565034 -0.631309 -18.146454 8.582204 0.107945 -17.718685 8.555543 -0.631205 -16.180683 8.576835 0.107947 -16.606686 9.067424 -0.431876 -14.576212 7.379809 12.783098 -7.664621 8.070374 11.846504 -7.663069 8.070374 11.846504 -7.663069 7.379809 12.783098 -7.664621 6.605893 12.387519 -7.663000 -1.889213 -10.128208 -3.465973 6.720441 -8.092970 -11.473946 7.470490 -7.842971 -11.473822 8.101657 -7.842971 -11.473675 8.050950 -9.704723 -11.473673 6.470103 -9.781367 -11.473673 6.470292 -8.842970 -11.473856 7.952987 -7.842971 -13.361223 8.101657 -7.842971 -11.473675 8.592652 0.514722 -18.125259 8.583529 0.088751 -18.863575 9.131551 3.648955 -15.664471 8.619796 2.771195 -18.143742 8.627439 3.035330 -17.160336 8.617501 2.181617 -17.160873 8.613183 2.032712 -17.717209 8.609664 1.625938 -18.124451 4.563388 1.741785 -18.107140 4.562100 1.192025 -18.254604 8.608521 1.076179 -18.271912 
						8.582204 0.107945 -17.718685 4.532302 0.223791 -17.701382 4.522725 0.074887 -17.145657 8.573743 -0.040959 -17.162964 9.124309 1.060470 -14.175238 4.526225 0.223793 -16.589390 8.576835 0.107947 -16.606686 8.580199 0.088808 -15.461552 8.590768 0.514721 -16.198956 8.205840 11.846280 -3.465975 8.070374 11.846504 -7.663069 8.713515 4.403552 -3.465973 8.713677 1.129659 -3.465975 8.470298 -7.793165 -3.465975 8.411815 -9.937144 -3.465973 8.050950 -9.704723 -11.473673 8.101657 -7.842971 -11.473675 6.714692 -10.016678 -3.465973 8.050950 -9.704723 -11.473673 8.411815 -9.937144 -3.465973 4.544131 0.630568 -18.107960 8.592652 0.514722 -18.125259 8.622357 2.771254 -16.177502 8.614633 2.032713 -16.604885 9.126298 2.552878 -14.573282 8.617501 2.181617 -17.160873 4.572261 2.297464 -17.143566 4.567372 2.148558 -17.699898 8.613183 2.032712 -17.717209 4.562100 1.192025 -18.254604 4.563388 1.741785 -18.107140 4.552857 1.186666 -17.144257 4.522725 0.074887 -17.145657 4.532302 0.223791 -17.701382 8.617604 1.070033 -15.197517 8.611949 1.070330 -16.048954 4.541997 0.630568 -16.181648 8.590768 0.514721 -16.198956 4.526225 0.223793 -16.589390 8.332326 -2.397425 -11.473673 8.713515 -2.178666 -3.465979 8.205840 11.846280 -3.465975 8.707854 10.782010 -3.465975 4.544131 0.630568 -18.107960 8.614633 2.032713 -16.604885 4.569016 2.148561 -16.587574 8.618909 2.051287 -15.459644 8.612685 1.625939 -16.197906 4.567372 2.148558 -17.699898 4.572261 2.297464 -17.143566 4.565978 1.186177 -16.031651 8.611949 1.070330 -16.048954 4.541997 0.630568 -16.181648 8.612685 1.625939 -16.197906 4.566812 1.741786 -16.180599 4.569016 2.148561 -16.587574 8.611949 1.070330 -16.048954 4.565978 1.186177 -16.031651 4.565978 1.186177 -16.031651 4.566812 1.741786 -16.180599 8.103805 4.631656 -17.196606 8.332330 4.631656 -11.473671 8.713513 4.403550 -11.473671 8.713515 4.403552 -3.465973 
						8.713513 -0.533200 -14.303637 8.713513 -1.737768 -15.511253 8.713513 -2.178669 -11.473673 8.713513 -2.178669 -17.158627 8.713515 -2.178666 -3.465979 8.713513 -2.178669 -11.473673 8.332326 -2.397425 -11.473673 8.103808 -2.317934 -17.196682 8.332662 10.781919 -11.473675 8.332330 4.631656 -11.473671 8.534507 10.782010 -8.486067 8.707854 10.782010 -3.465975 8.713515 4.403552 -3.465973 8.713515 -2.178666 -3.465979 7.952987 -7.842971 -13.361223 7.929595 -6.925730 -13.700388 7.904174 -6.299468 -14.404989 -12.492323 4.403550 -11.473671 -12.111136 4.600310 -11.473671 -12.492322 4.466663 -3.465969 -12.492323 -2.178669 -11.473673 -12.492323 1.129659 -11.473671 -12.492322 1.112272 -13.858572 -12.492322 -0.533202 -14.302818 -12.492321 -1.737769 -15.510395 -12.492321 -2.178670 -17.158146 -12.492322 -2.122506 -3.465973 -12.492054 1.129659 -3.465973 -12.492322 2.757745 -14.299761 -12.492321 3.962315 -15.505131 -12.492323 4.403550 -11.473671 -12.492322 4.403219 -17.151669 -12.492322 4.466663 -3.465969 -11.882682 10.782011 -17.192406 -11.682598 -6.299469 -14.404985 -11.708013 -6.925655 -13.700396 -11.731400 -7.815069 -13.361265 -12.492323 -2.178669 -11.473673 -12.111135 -2.385751 -11.473677 -12.492322 -2.122506 -3.465973 -12.111135 -2.385878 -17.056194 -2.398639 12.821966 -14.897976 -1.889307 12.848835 -15.545044 -4.352879 12.861481 -15.990627 -2.776526 12.786790 -14.520092 -1.889259 12.790160 -19.105717 -4.840934 12.820715 -14.429125 -4.530298 12.651957 -14.428791 0.589778 12.861165 -15.990654 -4.770275 12.713778 -18.841862 -4.352883 12.932979 -13.000580 -4.175448 12.696210 -13.024696 -0.454730 12.991949 -11.902603 0.589777 12.933597 -13.000513 -3.308378 12.991735 -11.902630 -1.892734 12.805707 -11.684820 -3.205979 12.750748 -12.044350 1.062506 12.820713 -14.429125 0.766982 12.652352 -14.428791 -0.557337 12.750943 -12.044327 -1.366231 12.782154 -13.109795 -1.887762 12.811900 -12.972908 0.991847 12.713773 -18.841862 0.412133 12.696785 -13.024635 
						-2.914737 10.752031 -14.043339 -2.776421 10.760917 -13.527136 -1.889202 10.834736 -14.094366 -0.988239 10.760995 -13.527136 -0.849922 10.752048 -14.043339 -2.914843 12.751662 -14.003889 -1.366232 12.822222 -14.897976 -0.988345 12.786981 -14.520092 -0.850029 12.751679 -14.003889 -2.776526 12.760550 -13.487682 -0.988344 12.760627 -13.487682 -2.398640 12.782250 -13.109795 -1.887762 12.831918 -15.034870 -0.988239 10.787348 -14.559544 -2.776421 10.787157 -14.559544 -2.398639 12.821966 -14.897976 -2.776526 12.786790 -14.520092 -2.776421 10.787157 -14.559544 -2.398533 10.822333 -14.937431 -2.776526 12.786790 -14.520092 -2.914843 12.751662 -14.003889 -2.914737 10.752031 -14.043339 -2.776421 10.787157 -14.559544 -2.776526 12.760550 -13.487682 -2.776421 10.760917 -13.527136 -2.398640 12.782250 -13.109795 -2.398533 10.782619 -13.149250 -1.887762 12.811900 -12.972908 -1.887656 10.812269 -13.012360 -1.366231 12.782154 -13.109795 -1.366125 10.782521 -13.149250 -0.988344 12.760627 -13.487682 -0.988239 10.760995 -13.527136 -0.850029 12.751679 -14.003889 -0.849922 10.752048 -14.043339 -0.988345 12.786981 -14.520092 -0.988239 10.787348 -14.559544 -1.366232 12.822222 -14.897976 -1.366126 10.822591 -14.937431 -1.887762 12.831918 -15.034870 -1.887656 10.832288 -15.074314 -2.398533 10.782619 -13.149250 -1.887656 10.812269 -13.012360 -1.366125 10.782521 -13.149250 -1.366126 10.822591 -14.937431 -1.887656 10.832288 -15.074314 -2.398533 10.822333 -14.937431 9.113486 2.042034 -18.862209 9.111470 1.071150 -19.121517 9.049966 -0.904624 -17.164230 9.064950 -0.640516 -18.146660 9.055457 -0.640412 -16.180885 9.083444 0.079544 -18.863773 9.127353 3.026123 -17.160538 9.119710 2.761988 -18.143944 9.080113 0.079601 -15.461750 9.122272 2.762047 -16.177704 9.117518 1.060826 -15.197720 9.118823 2.042080 -15.459850 9.111470 1.071150 -19.121517 9.113486 2.042034 -18.862209 8.613572 2.051241 -18.862011 8.611556 1.080357 -19.121323 9.119710 2.761988 -18.143944 
						8.619796 2.771195 -18.143742 9.127353 3.026123 -17.160538 8.627439 3.035330 -17.160336 9.122272 2.762047 -16.177704 8.622357 2.771254 -16.177502 9.118823 2.042080 -15.459850 8.618909 2.051287 -15.459644 9.117518 1.060826 -15.197720 8.617604 1.070033 -15.197517 9.080113 0.079601 -15.461750 8.580199 0.088808 -15.461552 9.055457 -0.640412 -16.180885 8.555543 -0.631205 -16.180683 9.049966 -0.904624 -17.164230 8.550052 -0.895417 -17.164032 9.064950 -0.640516 -18.146660 8.565034 -0.631309 -18.146454 9.083444 0.079544 -18.863773 8.583529 0.088751 -18.863575 -12.388890 1.080357 -19.121315 -12.385858 1.076179 -18.271908 -12.386998 1.625938 -18.124447 -12.390906 2.051241 -18.862011 -12.351079 -0.040959 -17.162964 -12.359540 0.107945 -17.718685 -12.342369 -0.631308 -18.146454 -12.327386 -0.895416 -17.164032 -12.332878 -0.631205 -16.180683 -12.354170 0.107948 -16.606686 -12.369988 0.514722 -18.125256 -12.360864 0.088752 -18.863571 -12.397130 2.771195 -18.143734 -12.390516 2.032712 -17.717205 -12.394835 2.181617 -17.160870 -12.404773 3.035330 -17.160332 -12.386998 1.625938 -18.124447 -12.385858 1.076179 -18.271908 -8.339435 1.192025 -18.254601 -8.340725 1.741785 -18.107136 -12.359540 0.107945 -17.718685 -12.351079 -0.040959 -17.162964 -8.300060 0.074887 -17.145657 -8.309638 0.223791 -17.701382 -12.354170 0.107948 -16.606686 -8.303559 0.223793 -16.589386 -12.357533 0.088808 -15.461552 -12.368102 0.514722 -16.198956 -12.385858 1.076179 -18.271908 -12.369988 0.514722 -18.125256 -8.321466 0.630568 -18.107960 -8.339435 1.192025 -18.254601 -12.391968 2.032713 -16.604877 -12.399693 2.771254 -16.177502 -12.394835 2.181617 -17.160870 -12.390516 2.032712 -17.717205 -8.344707 2.148558 -17.699894 -8.349596 2.297464 -17.143562 -8.339435 1.192025 -18.254601 -8.330194 1.186666 -17.144257 -8.340725 1.741785 -18.107136 -8.300060 0.074887 -17.145657 -8.309638 0.223791 -17.701382 -12.394938 1.070033 -15.197514 -12.389285 1.070330 -16.048954 
						-12.368102 0.514722 -16.198956 -8.319330 0.630568 -16.181648 -8.303559 0.223793 -16.589386 -8.321466 0.630568 -18.107960 -12.391968 2.032713 -16.604877 -8.346350 2.148560 -16.587570 -12.390021 1.625939 -16.197903 -12.396243 2.051287 -15.459644 -8.344707 2.148558 -17.699894 -8.349596 2.297464 -17.143562 -12.389285 1.070330 -16.048954 -8.343312 1.186176 -16.031651 -8.319330 0.630568 -16.181648 -12.390021 1.625939 -16.197903 -8.344145 1.741785 -16.180595 -8.346350 2.148560 -16.587570 -8.343312 1.186176 -16.031651 -8.344145 1.741785 -16.180595 -12.888803 1.071150 -19.121513 -12.890820 2.042035 -18.862206 -12.827299 -0.904623 -17.164230 -12.842284 -0.640515 -18.146660 -12.832793 -0.640412 -16.180885 -12.860778 0.079545 -18.863773 -12.897043 2.761988 -18.143940 -12.904687 3.026124 -17.160538 -12.857449 0.079601 -15.461750 -12.899607 2.762047 -16.177704 -12.894853 1.060826 -15.197716 -12.896156 2.042080 -15.459850 -12.888803 1.071150 -19.121513 -12.388890 1.080357 -19.121315 -12.390906 2.051241 -18.862011 -12.890820 2.042035 -18.862206 -12.397130 2.771195 -18.143734 -12.897043 2.761988 -18.143940 -12.404773 3.035330 -17.160332 -12.904687 3.026124 -17.160538 -12.399693 2.771254 -16.177502 -12.899607 2.762047 -16.177704 -12.396243 2.051287 -15.459644 -12.896156 2.042080 -15.459850 -12.394938 1.070033 -15.197514 -12.894853 1.060826 -15.197716 -12.357533 0.088808 -15.461552 -12.857449 0.079601 -15.461750 -12.332878 -0.631205 -16.180683 -12.832793 -0.640412 -16.180885 -12.327386 -0.895416 -17.164032 -12.827299 -0.904623 -17.164230 -12.342369 -0.631308 -18.146454 -12.842284 -0.640515 -18.146660 -12.360864 0.088752 -18.863571 -12.860778 0.079545 -18.863773 -3.076152 -15.600456 -26.920815 -0.674513 -15.600456 -26.920815 -3.076152 -15.600453 -24.582870 -1.217068 -15.600455 -24.220348 -1.875333 -15.600454 -24.092163 -0.674513 -15.600453 -24.582870 -2.533597 -15.600454 -27.283340 -1.217069 -15.600454 -27.283340 -2.533596 -15.600455 -24.220348 -1.875333 -15.600456 -27.411522 
						-1.888468 -14.779449 -16.991013 0.390260 -14.779450 -17.291008 3.278134 -14.847121 -6.513311 -1.888469 -14.847121 -5.833117 2.513696 -14.779450 -18.170563 8.092643 -14.847122 -8.507542 4.337131 -14.779450 -19.569736 12.226953 -14.847123 -11.679913 5.736304 -14.779450 -21.393173 15.399325 -14.847125 -15.814232 6.615859 -14.779451 -23.516609 17.393555 -14.847126 -20.628731 6.915858 -14.779452 -25.795334 18.073753 -14.847127 -25.795334 6.615859 -14.779452 -28.074062 17.393555 -14.847129 -30.961933 5.736304 -14.779453 -30.197498 15.399325 -14.847131 -35.776447 4.337134 -14.779455 -32.020935 12.226956 -14.847132 -39.910755 2.513699 -14.779454 -33.420113 8.092647 -14.847134 -43.083126 0.390264 -14.779456 -34.299667 3.278141 -14.847135 -45.077358 -1.888465 -14.779455 -34.599674 -1.888459 -14.847135 -45.757557 -4.167192 -14.779456 -34.299667 -7.055061 -14.847135 -45.077358 -6.290627 -14.779454 -33.420113 -11.869568 -14.847134 -43.083126 -8.114063 -14.779455 -32.020943 -16.003880 -14.847132 -39.910759 -9.513239 -14.779453 -30.197506 -19.176258 -14.847131 -35.776455 -10.392795 -14.779452 -28.074070 -21.170488 -14.847129 -30.961941 -10.692797 -14.779452 -25.795341 -21.850685 -14.847127 -25.795349 -10.392797 -14.779451 -23.516617 -21.170494 -14.847126 -20.628746 -9.513241 -14.779450 -21.393181 -19.176264 -14.847125 -15.814236 -8.114072 -14.779450 -19.569740 -16.003899 -14.847123 -11.679920 -6.290638 -14.779450 -18.170570 -11.869591 -14.847122 -8.507549 -4.167201 -14.779450 -17.291008 -7.055086 -14.847121 -6.513313 -1.888469 -14.847121 -5.833117 3.278134 -14.847121 -6.513311 3.278134 -14.193633 -6.513311 -1.888469 -14.193633 -5.833117 8.092643 -14.847122 -8.507542 8.092643 -14.193635 -8.507542 12.226953 -14.847123 -11.679913 12.226953 -14.193636 -11.679913 15.399325 -14.847125 -15.814232 15.399325 -14.193637 -15.814232 17.393555 -14.847126 -20.628731 17.393551 -14.193639 -20.628731 18.073753 -14.847127 -25.795334 18.073746 -14.193640 -25.795334 17.393555 -14.847129 -30.961933 17.393555 -14.193642 -30.961933 
						15.399325 -14.847131 -35.776447 15.399325 -14.193644 -35.776447 12.226956 -14.847132 -39.910755 12.226956 -14.193645 -39.910755 8.092647 -14.847134 -43.083126 8.092647 -14.193645 -43.083118 3.278141 -14.847135 -45.077358 3.278141 -14.193646 -45.077358 -1.888459 -14.847135 -45.757557 -1.888459 -14.193646 -45.757557 -1.888459 -14.847135 -45.757557 -7.055061 -14.847135 -45.077358 -7.055060 -14.193646 -45.077358 -1.888459 -14.193646 -45.757557 -11.869568 -14.847134 -43.083126 -11.869568 -14.193645 -43.083126 -16.003880 -14.847132 -39.910759 -16.003880 -14.193645 -39.910759 -19.176258 -14.847131 -35.776455 -19.176254 -14.193644 -35.776455 -21.170488 -14.847129 -30.961941 -21.170488 -14.193642 -30.961941 -21.850685 -14.847127 -25.795349 -21.850689 -14.193640 -25.795349 -21.170494 -14.847126 -20.628746 -21.170494 -14.193639 -20.628746 -19.176264 -14.847125 -15.814236 -19.176264 -14.193637 -15.814236 -16.003899 -14.847123 -11.679920 -16.003899 -14.193636 -11.679920 -11.869591 -14.847122 -8.507549 -11.869589 -14.193635 -8.507549 -7.055086 -14.847121 -6.513313 -7.055085 -14.193633 -6.513315 -1.888469 -14.847121 -5.833117 -1.888469 -14.193633 -5.833117 -1.888469 -14.193633 -5.833117 3.278134 -14.193633 -6.513311 0.390261 -14.261312 -17.291008 -1.888467 -14.261312 -16.991013 8.092643 -14.193635 -8.507542 2.513696 -14.261312 -18.170567 12.226953 -14.193636 -11.679913 4.337131 -14.261313 -19.569736 15.399325 -14.193637 -15.814232 5.736304 -14.261313 -21.393173 17.393551 -14.193639 -20.628731 6.615861 -14.261314 -23.516609 18.073746 -14.193640 -25.795334 6.915860 -14.261315 -25.795334 17.393555 -14.193642 -30.961933 6.615859 -14.261316 -28.074062 15.399325 -14.193644 -35.776447 5.736304 -14.261317 -30.197498 12.226956 -14.193645 -39.910755 4.337134 -14.261318 -32.020935 8.092647 -14.193645 -43.083118 2.513699 -14.261318 -33.420113 3.278141 -14.193646 -45.077358 0.390264 -14.261319 -34.299667 -1.888459 -14.193646 -45.757557 -1.888465 -14.261318 -34.599674 -7.055060 -14.193646 -45.077358 -4.167191 -14.261319 -34.299667 
						-11.869568 -14.193645 -43.083126 -6.290627 -14.261318 -33.420113 -16.003880 -14.193645 -39.910759 -8.114063 -14.261318 -32.020943 -19.176254 -14.193644 -35.776455 -9.513237 -14.261317 -30.197498 -21.170488 -14.193642 -30.961941 -10.392795 -14.261316 -28.074070 -21.850689 -14.193640 -25.795349 -10.692795 -14.261315 -25.795341 -21.170494 -14.193639 -20.628746 -10.392797 -14.261314 -23.516617 -19.176264 -14.193637 -15.814236 -9.513241 -14.261313 -21.393181 -16.003899 -14.193636 -11.679920 -8.114072 -14.261313 -19.569740 -11.869589 -14.193635 -8.507549 -6.290637 -14.261312 -18.170570 -7.055085 -14.193633 -6.513315 -4.167201 -14.261312 -17.291008 -1.888468 -14.779449 -16.991013 -1.888575 -12.919132 -20.743057 0.390260 -14.779450 -17.291008 6.915858 -14.779452 -25.795334 3.163834 -12.919132 -25.795467 6.615859 -14.779452 -28.074062 -1.888465 -14.779455 -34.599674 -1.888574 -12.919134 -30.847870 -4.167192 -14.779456 -34.299667 -10.692797 -14.779452 -25.795341 -6.940984 -12.919132 -25.795471 -10.392797 -14.779451 -23.516617 4.535615 -13.121174 -25.794842 -1.888551 -13.121177 -32.219002 -8.311087 -13.125706 -25.804329 -1.888553 -13.121172 -19.370670 -1.888468 -12.402257 -23.679081 -1.888476 -12.913124 -23.556244 -3.008029 -12.913124 -23.856232 -2.946596 -12.402257 -23.962608 -3.827596 -12.913126 -24.675797 -3.721197 -12.402258 -24.737209 -4.127580 -12.913125 -25.795349 -4.004723 -12.402257 -25.795341 -3.827596 -12.913128 -26.914898 -3.721197 -12.402259 -26.853462 -3.008026 -12.913128 -27.734467 -2.946593 -12.402259 -27.628067 -1.888475 -12.913127 -28.034451 -1.888467 -12.402258 -27.911594 -0.768924 -12.913128 -27.734467 -0.830340 -12.402259 -27.628067 -0.830340 -12.402259 -27.628067 -0.768924 -12.913128 -27.734467 0.050644 -12.913128 -26.914898 -0.055737 -12.402259 -26.853462 0.350626 -12.913125 -25.795349 0.227787 -12.402257 -25.795338 0.050644 -12.913126 -24.675797 -0.055738 -12.402258 -24.737209 -0.830341 -12.402257 -23.962608 -0.768925 -12.913124 -23.856232 0.637630 -12.912590 -21.419952 2.513696 -14.779450 -18.170563 
						-4.167201 -14.779450 -17.291008 -5.101144 -13.125859 -20.230480 2.486939 -12.912593 -28.321674 5.736304 -14.779453 -30.197498 3.667258 -13.125745 -22.572212 6.615859 -14.779451 -23.516609 -4.414777 -12.912594 -30.170982 -6.290627 -14.779454 -33.420113 1.324036 -13.125863 -31.359203 0.390264 -14.779456 -34.299667 -6.259230 -12.912591 -23.263424 -8.114072 -14.779450 -19.569740 -9.513241 -14.779450 -21.393181 -7.444366 -13.125748 -29.017467 -10.392795 -14.779452 -28.074070 -6.264089 -12.912593 -28.321674 -9.513239 -14.779453 -30.197506 -8.114063 -14.779455 -32.020943 -5.101137 -13.125863 -31.359203 0.637630 -12.912594 -30.170982 2.513699 -14.779454 -33.420113 4.337134 -14.779455 -32.020935 3.673415 -13.125747 -29.010067 2.486939 -12.912591 -23.269260 5.736304 -14.779450 -21.393173 4.337131 -14.779450 -19.569736 -7.450522 -13.125745 -22.579617 1.324034 -13.125859 -20.230480 -4.414783 -12.912590 -21.419952 -6.290638 -14.779450 -18.170570 -1.888476 -12.913124 -23.556244 -0.768925 -12.913124 -23.856232 0.050644 -12.913126 -24.675797 0.350626 -12.913125 -25.795349 0.050644 -12.913128 -26.914898 -0.768924 -12.913128 -27.734467 -1.888475 -12.913127 -28.034451 -3.008026 -12.913128 -27.734467 -3.827596 -12.913128 -26.914898 -4.127580 -12.913125 -25.795349 -3.827596 -12.913126 -24.675797 -3.008029 -12.913124 -23.856232 -0.090232 -12.402258 -22.680706 -0.830341 -12.402257 -23.962608 -1.888468 -12.402257 -23.679081 -1.888467 -12.399719 -22.198872 1.222714 -12.402257 -23.992958 -0.055738 -12.402258 -24.737209 1.708003 -12.399719 -25.795338 0.227787 -12.402257 -25.795338 1.226167 -12.402259 -27.593571 -0.055737 -12.402259 -26.853462 -0.090231 -12.402259 -28.909973 -0.830340 -12.402259 -27.628067 -1.888466 -12.399721 -29.391808 -1.888467 -12.402258 -27.911594 -3.686701 -12.402259 -28.909973 -2.946593 -12.402259 -27.628067 -4.999649 -12.402259 -27.597713 -3.721197 -12.402259 -26.853462 -5.484017 -12.402257 -25.800652 -4.004723 -12.402257 -25.795341 -5.003102 -12.402257 -23.997105 -3.721197 -12.402258 -24.737209 
						-3.686705 -12.402258 -22.680706 -2.946596 -12.402257 -23.962608 -0.090232 -12.402258 -22.680706 -1.888467 -12.399719 -22.198872 1.222714 -12.402257 -23.992958 1.708003 -12.399719 -25.795338 1.226167 -12.402259 -27.593571 -0.090231 -12.402259 -28.909973 -1.888466 -12.399721 -29.391808 -3.686701 -12.402259 -28.909973 -4.999649 -12.402259 -27.597713 -5.484017 -12.402257 -25.800652 -5.003102 -12.402257 -23.997105 -3.686705 -12.402258 -22.680706 -1.873572 -12.246393 -19.943825 -3.945046 -12.246395 -20.382713 -3.482636 -11.340006 -20.663853 -1.794219 -11.340000 -20.300541 -5.971983 -12.246600 -21.774433 -5.502563 -11.340004 -22.013535 -9.461908 -12.217469 -6.869404 -14.275604 -12.125888 -9.807991 -6.461370 -12.660940 -21.104271 -6.852229 -11.340001 -24.033463 -7.355473 -12.245166 -23.787350 -7.781072 -12.245977 -25.816727 -7.204840 -11.339999 -25.816727 -19.465752 -17.166861 -13.918772 -19.407146 -12.519261 -13.960999 -22.137888 -12.519275 -19.688946 -22.204002 -17.166857 -19.667320 -14.837038 -17.166862 -9.087267 -14.793601 -12.519257 -9.149292 -9.777851 -17.166862 -6.052439 -9.751788 -12.592675 -6.123125 -4.366142 -17.166862 -4.863361 -4.358120 -12.688940 -4.937492 -1.884387 -17.166862 -4.990610 -1.894539 -12.688858 -5.050652 -1.884387 -17.166862 -4.990610 -1.883942 -17.166864 -5.628057 -1.895384 -12.298720 -5.628056 -1.894539 -12.688858 -5.050652 -1.896603 -11.938664 -5.203466 -1.897053 -11.684855 -5.627985 -21.033939 -11.395253 -19.995392 -18.407883 -11.395309 -14.548546 -7.913900 -12.183385 -23.213669 -8.411970 -12.182707 -25.816727 -13.995746 -11.395306 -9.999088 -6.457885 -12.183584 -21.103390 -9.188713 -11.520597 -7.085106 -4.066917 -11.684905 -5.955824 -4.433372 -12.184252 -19.581306 -1.897053 -11.684855 -5.627985 -2.070534 -12.184754 -18.996906 -4.080470 -11.388840 -20.318924 -1.932912 -11.388837 -19.856819 -1.794219 -11.340000 -20.300541 -3.482636 -11.340006 -20.663853 -6.007192 -11.388838 -21.606327 -5.502563 -11.340004 -22.013535 -6.852229 -11.340001 -24.033463 -7.294587 -11.388839 -23.533043 
						-7.204840 -11.339999 -25.816727 -7.746526 -11.388835 -25.816727 -1.883942 -17.166864 -5.628057 -1.884387 -17.166862 -4.990610 -4.366142 -17.166862 -4.863361 -4.196898 -17.166864 -5.672062 -9.777851 -17.166862 -6.052439 -9.446259 -17.166861 -6.869408 -14.837038 -17.166862 -9.087267 -14.259201 -17.166862 -9.807989 -18.723473 -17.166861 -14.437101 -19.465752 -17.166861 -13.918772 -22.204002 -17.166857 -19.667320 -21.352207 -17.166857 -19.939041 -23.159225 -17.166855 -25.816723 -22.269547 -17.166855 -25.816723 -2.070456 -12.662043 -18.997147 -2.070534 -12.184754 -18.996906 -21.368608 -12.125885 -19.939045 -18.739872 -12.125880 -14.437107 -18.723473 -17.166861 -14.437101 -21.352207 -17.166857 -19.939041 -14.275604 -12.125888 -9.807991 -14.259201 -17.166862 -9.807989 -9.461908 -12.217469 -6.869404 -9.446259 -17.166861 -6.869408 -4.211554 -12.337557 -5.672058 -4.196898 -17.166864 -5.672062 -1.895384 -12.298720 -5.628056 -1.883942 -17.166864 -5.628057 -19.149244 -11.679437 -14.114201 -21.852669 -11.679422 -19.769054 -14.587922 -11.679435 -9.370430 -9.606713 -11.791612 -6.373224 -4.284066 -11.938714 -5.202515 -1.896603 -11.938664 -5.203466 -21.938126 -11.395293 -25.816723 -22.792145 -11.679433 -25.816723 -2.070456 -12.662043 -18.997147 -1.895384 -12.298720 -5.628056 -4.211554 -12.337557 -5.672058 -4.436148 -12.661337 -19.580910 -4.194523 -12.003897 -20.107548 -6.221461 -12.003735 -21.499279 -1.979506 -12.003956 -19.638256 -1.873572 -12.246393 -19.943825 -1.979506 -12.003956 -19.638256 -7.914837 -12.657994 -23.214821 -18.739872 -12.125880 -14.437107 -21.368608 -12.125885 -19.939045 -8.438997 -12.660077 -25.816727 -7.604952 -12.003748 -23.512180 -22.285934 -12.125884 -25.816723 -1.794219 -11.340000 -20.300541 -1.932912 -11.388837 -19.856819 -8.088456 -12.003723 -25.816727 -23.090088 -12.519271 -25.816723 -23.159225 -17.166855 -25.816723 -22.269547 -17.166855 -25.816723 -22.285934 -12.125884 -25.816723 -1.873576 -12.246388 -31.689644 -1.794221 -11.339996 -31.332920 -3.482640 -11.340002 -30.969604 -3.945049 -12.246392 -31.250748 
						-5.502565 -11.340001 -29.619923 -5.971986 -12.246599 -29.859020 -9.461918 -12.217456 -44.764050 -6.461373 -12.660936 -30.529182 -14.275612 -12.125877 -41.825462 -6.852231 -11.340002 -27.599987 -7.355474 -12.245164 -27.846111 -19.465755 -17.166855 -37.714684 -22.204014 -17.166857 -31.966133 -22.137894 -12.519272 -31.944504 -19.407146 -12.519255 -37.672451 -14.837046 -17.166853 -42.546185 -14.793609 -12.519245 -42.484165 -9.777859 -17.166857 -45.581017 -9.751797 -12.592662 -45.510330 -4.366153 -17.166853 -46.770100 -4.358131 -12.688929 -46.695957 -1.884397 -17.166855 -46.642849 -1.894548 -12.688867 -46.582809 -1.896612 -11.938674 -46.429996 -1.897062 -11.684864 -46.005466 -1.895394 -12.298726 -46.005402 -1.883950 -17.166857 -46.005405 -1.884397 -17.166855 -46.642849 -1.894548 -12.688867 -46.582809 -21.033939 -11.395250 -31.638058 -7.913901 -12.183382 -28.419785 -18.407883 -11.395304 -37.084908 -6.457889 -12.183580 -30.530064 -13.995754 -11.395294 -41.634365 -9.188724 -11.520585 -44.548347 -4.433375 -12.184246 -32.052155 -4.066925 -11.684893 -45.677639 -2.070538 -12.184751 -32.636555 -1.897062 -11.684864 -46.005466 -4.080473 -11.388836 -31.314529 -3.482640 -11.340002 -30.969604 -1.794221 -11.339996 -31.332920 -1.932916 -11.388834 -31.776646 -6.007197 -11.388836 -30.027130 -5.502565 -11.340001 -29.619923 -7.294588 -11.388836 -28.100410 -6.852231 -11.340002 -27.599987 -1.883950 -17.166857 -46.005405 -4.196906 -17.166857 -45.961395 -4.366153 -17.166853 -46.770100 -1.884397 -17.166855 -46.642849 -9.446268 -17.166857 -44.764046 -9.777859 -17.166857 -45.581017 -14.259209 -17.166855 -41.825474 -14.837046 -17.166853 -42.546185 -18.723476 -17.166855 -37.196346 -21.352219 -17.166857 -31.694416 -22.204014 -17.166857 -31.966133 -19.465755 -17.166855 -37.714684 -2.070458 -12.662039 -32.636318 -2.070538 -12.184751 -32.636555 -21.368610 -12.125881 -31.694405 -21.352219 -17.166857 -31.694416 -18.723476 -17.166855 -37.196346 -18.739876 -12.125875 -37.196342 -14.259209 -17.166855 -41.825474 -14.275612 -12.125877 -41.825462 -9.446268 -17.166857 -44.764046 
						-9.461918 -12.217456 -44.764050 -4.196906 -17.166857 -45.961395 -4.211563 -12.337543 -45.961391 -1.883950 -17.166857 -46.005405 -1.895394 -12.298726 -46.005402 -21.852673 -11.679419 -31.864395 -19.149246 -11.679431 -37.519253 -14.587930 -11.679425 -42.263027 -9.606724 -11.791600 -45.260231 -4.284077 -11.938702 -46.430943 -1.896612 -11.938674 -46.429996 -2.070458 -12.662039 -32.636318 -4.436152 -12.661332 -32.052555 -4.211563 -12.337543 -45.961391 -1.895394 -12.298726 -46.005402 -4.194526 -12.003894 -31.525913 -6.221464 -12.003732 -30.134186 -1.979510 -12.003953 -31.995216 -1.873576 -12.246388 -31.689644 -1.979510 -12.003953 -31.995216 -7.914838 -12.657990 -28.418640 -21.368610 -12.125881 -31.694405 -18.739876 -12.125875 -37.196342 -7.604953 -12.003745 -28.121277 -1.932916 -11.388834 -31.776646 -1.794221 -11.339996 -31.332920 -8.893808 -7.106622 -32.116779 -8.893808 -7.569911 -32.353096 -8.526241 -7.569912 -32.505341 -8.359137 -7.106623 -32.338249 -8.359137 -7.106623 -32.338249 -8.526241 -7.569912 -32.505341 -8.373991 -7.569911 -32.872910 -8.137672 -7.106622 -32.872906 -8.359137 -7.106622 -33.407578 -8.137672 -7.106622 -32.872906 -8.373991 -7.569911 -32.872910 -8.526241 -7.569914 -33.240475 -8.893808 -7.106623 -33.629044 -8.359137 -7.106622 -33.407578 -8.526241 -7.569914 -33.240475 -8.893808 -7.569915 -33.392731 -8.893808 -7.106623 -33.629044 -8.893808 -7.569915 -33.392731 -9.261372 -7.569914 -33.240475 -9.428478 -7.106622 -33.407578 -9.428478 -7.106622 -33.407578 -9.261372 -7.569914 -33.240475 -9.413623 -7.569911 -32.872910 -9.649941 -7.106622 -32.872906 -9.428478 -7.106622 -32.338249 -9.649941 -7.106622 -32.872906 -9.413623 -7.569911 -32.872910 -9.261372 -7.569912 -32.505341 -8.893808 -7.106622 -32.116779 -9.428478 -7.106622 -32.338249 -9.261372 -7.569912 -32.505341 -8.893808 -7.569911 -32.353096 -8.526241 -7.569912 -32.505341 -8.893808 -7.569911 -32.353096 -8.893808 -7.688007 -32.872910 -8.373991 -7.569911 -32.872910 -8.526241 -7.569914 -33.240475 -8.893808 -7.569915 -33.392731 
						-9.261372 -7.569914 -33.240475 -9.413623 -7.569911 -32.872910 -9.261372 -7.569912 -32.505341 -8.373992 -7.569911 -18.630783 -8.526242 -7.569911 -18.998348 -8.359138 -7.106622 -19.165443 -8.137672 -7.106622 -18.630779 -8.526242 -7.569911 -18.998348 -8.893808 -7.569911 -19.150600 -8.893808 -7.106623 -19.386909 -8.359138 -7.106622 -19.165443 -8.893808 -7.106623 -19.386909 -8.893808 -7.569911 -19.150600 -9.261373 -7.569911 -18.998348 -9.428477 -7.106622 -19.165443 -9.428477 -7.106622 -19.165443 -9.261373 -7.569911 -18.998348 -9.413623 -7.569911 -18.630783 -9.649940 -7.106622 -18.630779 -9.413623 -7.569911 -18.630783 -9.261373 -7.569912 -18.263210 -9.428477 -7.106623 -18.096107 -9.649940 -7.106622 -18.630779 -9.261373 -7.569912 -18.263210 -8.893808 -7.569914 -18.110958 -8.893808 -7.106623 -17.874641 -9.428477 -7.106623 -18.096107 -8.893808 -7.106623 -17.874641 -8.893808 -7.569914 -18.110958 -8.526242 -7.569912 -18.263210 -8.359138 -7.106623 -18.096107 -8.359138 -7.106623 -18.096107 -8.526242 -7.569912 -18.263210 -8.373992 -7.569911 -18.630783 -8.137672 -7.106622 -18.630779 -8.373992 -7.569911 -18.630783 -8.893808 -7.688006 -18.630783 -8.526242 -7.569911 -18.998348 -8.893808 -7.569911 -19.150600 -9.261373 -7.569911 -18.998348 -9.413623 -7.569911 -18.630783 -9.261373 -7.569912 -18.263210 -8.893808 -7.569914 -18.110958 -8.526242 -7.569912 -18.263210 5.143142 -7.106623 -19.386917 5.143144 -7.569911 -19.150597 4.775575 -7.569911 -18.998352 4.608472 -7.106622 -19.165447 4.608472 -7.106622 -19.165447 4.775575 -7.569911 -18.998352 4.623326 -7.569911 -18.630783 4.387010 -7.106622 -18.630775 4.608472 -7.106623 -18.096107 4.387010 -7.106622 -18.630775 4.623326 -7.569911 -18.630783 4.775575 -7.569912 -18.263214 5.143144 -7.106623 -17.874641 4.608472 -7.106623 -18.096107 4.775575 -7.569912 -18.263214 5.143144 -7.569914 -18.110962 5.143144 -7.106623 -17.874641 5.143144 -7.569914 -18.110962 5.510707 -7.569912 -18.263214 5.677812 -7.106623 -18.096107 
						5.677812 -7.106623 -18.096107 5.510707 -7.569912 -18.263214 5.662959 -7.569911 -18.630783 5.899280 -7.106622 -18.630783 5.677812 -7.106622 -19.165447 5.899280 -7.106622 -18.630783 5.662959 -7.569911 -18.630783 5.510707 -7.569911 -18.998352 5.143142 -7.106623 -19.386917 5.677812 -7.106622 -19.165447 5.510707 -7.569911 -18.998352 5.143144 -7.569911 -19.150597 4.775575 -7.569911 -18.998352 5.143144 -7.569911 -19.150597 5.143144 -7.688006 -18.630783 4.623326 -7.569911 -18.630783 4.775575 -7.569912 -18.263214 5.143144 -7.569914 -18.110962 5.510707 -7.569912 -18.263214 5.662959 -7.569911 -18.630783 5.510707 -7.569911 -18.998352 3.426818 6.183440 -26.590527 3.564414 7.155489 -26.675564 2.874398 7.268696 -26.498032 2.736802 6.296644 -26.412998 2.184381 7.349352 -26.692528 2.046785 6.377301 -26.607479 3.931945 6.068019 -27.092503 4.069541 7.040070 -27.177540 2.874398 7.268696 -26.498032 3.564414 7.155489 -26.675564 3.512605 7.291677 -26.812515 2.893797 7.393199 -26.653305 1.679254 7.375850 -27.206913 1.541658 6.403800 -27.121876 2.274988 7.465535 -26.827724 2.184381 7.349352 -26.692528 4.116836 5.981314 -27.784416 4.254430 6.953363 -27.869457 4.069541 7.040070 -27.177540 3.965604 7.188169 -27.262684 2.893797 7.393199 -26.653305 3.512605 7.291677 -26.812515 3.965604 7.188169 -27.262684 4.131410 7.110412 -27.883198 3.965604 7.079236 -28.507793 3.512603 7.103001 -28.969097 2.893797 7.175335 -29.143517 2.274989 7.276856 -28.984306 1.821990 7.380367 -28.534134 1.656181 7.458125 -27.913624 1.821990 7.489299 -27.289032 2.274988 7.465535 -26.827724 1.494365 7.341088 -27.903385 1.356769 6.369040 -27.818340 1.821990 7.489299 -27.289032 1.679254 7.375850 -27.206913 3.931943 5.946552 -28.480881 4.069541 6.918602 -28.565922 4.254430 6.953363 -27.869457 4.131410 7.110412 -27.883198 4.069541 6.918602 -28.565922 3.965604 7.079236 -28.507793 3.564414 6.945098 -29.080322 
						3.512603 7.103001 -28.969097 2.874398 7.025757 -29.274796 2.893797 7.175335 -29.143517 2.184381 7.138963 -29.097275 2.274989 7.276856 -28.984306 1.679255 7.254383 -28.595299 1.821990 7.380367 -28.534134 1.494365 7.341088 -27.903385 1.656181 7.458125 -27.913624 1.821990 7.380367 -28.534134 1.679255 7.254383 -28.595299 1.679255 7.254383 -28.595299 1.541658 6.282332 -28.510254 3.426818 5.973050 -28.995274 3.564414 6.945098 -29.080322 2.736802 6.053708 -29.189758 2.874398 7.025757 -29.274796 2.046785 6.166913 -29.012230 2.184381 7.138963 -29.097275 1.541658 6.282332 -28.510254 1.679255 7.254383 -28.595299 4.623324 -7.569910 -32.872910 4.775571 -7.569911 -32.505341 4.608468 -7.106621 -32.338253 4.387004 -7.106621 -32.872910 4.775571 -7.569911 -32.505341 5.143140 -7.569910 -32.353096 5.143140 -7.106621 -32.116779 4.608468 -7.106621 -32.338253 5.143140 -7.106621 -32.116779 5.143140 -7.569910 -32.353096 5.510705 -7.569911 -32.505341 5.677810 -7.106621 -32.338253 5.677810 -7.106621 -32.338253 5.510705 -7.569911 -32.505341 5.662955 -7.569910 -32.872910 5.899274 -7.106621 -32.872910 5.662955 -7.569910 -32.872910 5.510705 -7.569910 -33.240482 5.677810 -7.106620 -33.407585 5.899274 -7.106621 -32.872910 5.510705 -7.569910 -33.240482 5.143140 -7.569910 -33.392731 5.143140 -7.106621 -33.629051 5.677810 -7.106620 -33.407585 5.143140 -7.106621 -33.629051 5.143140 -7.569910 -33.392731 4.775571 -7.569910 -33.240482 4.608468 -7.106621 -33.407585 4.608468 -7.106621 -33.407585 4.775571 -7.569910 -33.240482 4.623324 -7.569910 -32.872910 4.387004 -7.106621 -32.872910 4.623324 -7.569910 -32.872910 5.143140 -7.688004 -32.872910 4.775571 -7.569911 -32.505341 5.143140 -7.569910 -32.353096 5.510705 -7.569911 -32.505341 5.662955 -7.569910 -32.872910 5.510705 -7.569910 -33.240482 5.143140 -7.569910 -33.392731 4.775571 -7.569910 -33.240482 -11.407025 -8.801800 -11.774607 -11.303882 -9.075430 -11.774605 
						-11.430596 -9.194228 -11.378721 -11.580634 -8.796206 -11.378719 -11.303882 -9.075430 -11.774605 -11.037459 -9.195982 -11.774605 -11.043055 -9.369582 -11.378717 -11.430596 -9.194228 -11.378721 -11.037459 -9.195982 -11.774605 -10.763831 -9.092834 -11.774605 -10.645026 -9.219544 -11.378721 -11.043055 -9.369582 -11.378717 -10.763831 -9.092834 -11.774605 -10.643281 -8.826414 -11.774607 -10.469673 -8.832009 -11.378719 -10.645026 -9.219544 -11.378721 -10.643281 -8.826414 -11.774607 -10.746428 -8.552784 -11.774607 -10.619710 -8.433978 -11.378719 -10.469673 -8.832009 -11.378719 -10.746428 -8.552784 -11.774607 -11.012847 -8.432232 -11.774607 -11.007252 -8.258622 -11.378723 -10.619710 -8.433978 -11.378719 -11.012847 -8.432232 -11.774607 -11.286477 -8.535379 -11.774607 -11.405280 -8.408662 -11.378723 -11.007252 -8.258622 -11.378723 -11.286477 -8.535379 -11.774607 -11.407025 -8.801800 -11.774607 -11.580634 -8.796206 -11.378719 -11.405280 -8.408662 -11.378723 -11.407025 -8.801800 -11.774607 -11.025153 -8.814106 -11.875523 -11.303882 -9.075430 -11.774605 -11.037459 -9.195982 -11.774605 -10.763831 -9.092834 -11.774605 -10.643281 -8.826414 -11.774607 -10.746428 -8.552784 -11.774607 -11.012847 -8.432232 -11.774607 -11.286477 -8.535379 -11.774607 6.832021 -8.801802 -11.774607 6.935164 -9.075433 -11.774605 6.808450 -9.194232 -11.378717 6.658412 -8.796208 -11.378719 6.935164 -9.075433 -11.774605 7.201587 -9.195984 -11.774605 7.195991 -9.369584 -11.378721 6.808450 -9.194232 -11.378717 7.201587 -9.195984 -11.774605 7.475213 -9.092837 -11.774605 7.594018 -9.219548 -11.378721 7.195991 -9.369584 -11.378721 7.475213 -9.092837 -11.774605 7.595765 -8.826414 -11.774607 7.769374 -8.832011 -11.378719 7.594018 -9.219548 -11.378721 7.595765 -8.826414 -11.774607 7.492616 -8.552786 -11.774607 7.619338 -8.433980 -11.378719 7.769374 -8.832011 -11.378719 7.492616 -8.552786 -11.774607 7.226199 -8.432234 -11.774607 7.231793 -8.258624 -11.378723 7.619338 -8.433980 -11.378719 7.226199 -8.432234 -11.774607 
						6.952569 -8.535381 -11.774607 6.833768 -8.408663 -11.378723 7.231793 -8.258624 -11.378723 6.952569 -8.535381 -11.774607 6.832021 -8.801802 -11.774607 6.658412 -8.796208 -11.378719 6.833768 -8.408663 -11.378723 6.832021 -8.801802 -11.774607 7.213893 -8.814108 -11.875523 6.935164 -9.075433 -11.774605 7.201587 -9.195984 -11.774605 7.475213 -9.092837 -11.774605 7.595765 -8.826414 -11.774607 7.492616 -8.552786 -11.774607 7.226199 -8.432234 -11.774607 6.952569 -8.535381 -11.774607 -11.407025 11.464340 -11.774614 -11.303882 11.190709 -11.774618 -11.430596 11.071911 -11.378731 -11.580634 11.469933 -11.378731 -11.303882 11.190709 -11.774618 -11.037459 11.070158 -11.774614 -11.043055 10.896558 -11.378731 -11.430596 11.071911 -11.378731 -11.037459 11.070158 -11.774614 -10.763831 11.173305 -11.774618 -10.645026 11.046596 -11.378731 -11.043055 10.896558 -11.378731 -10.763831 11.173305 -11.774618 -10.643281 11.439726 -11.774614 -10.469673 11.434131 -11.378731 -10.645026 11.046596 -11.378731 -10.643281 11.439726 -11.774614 -10.746428 11.713356 -11.774614 -10.619710 11.832162 -11.378731 -10.469673 11.434131 -11.378731 -10.746428 11.713356 -11.774614 -11.012847 11.833908 -11.774618 -11.007252 12.007515 -11.378731 -10.619710 11.832162 -11.378731 -11.012847 11.833908 -11.774618 -11.286477 11.730760 -11.774614 -11.405280 11.857477 -11.378731 -11.007252 12.007515 -11.378731 -11.286477 11.730760 -11.774614 -11.407025 11.464340 -11.774614 -11.580634 11.469933 -11.378731 -11.405280 11.857477 -11.378731 -11.407025 11.464340 -11.774614 -11.025153 11.452034 -11.875530 -11.303882 11.190709 -11.774618 -11.037459 11.070158 -11.774614 -10.763831 11.173305 -11.774618 -10.643281 11.439726 -11.774614 -10.746428 11.713356 -11.774614 -11.012847 11.833908 -11.774618 -11.286477 11.730760 -11.774614 6.832021 11.464338 -11.774614 6.935164 11.190707 -11.774614 6.808450 11.071907 -11.378731 6.658412 11.469931 -11.378731 6.935164 11.190707 -11.774614 7.201587 11.070155 -11.774614 7.195991 10.896556 -11.378731 
						6.808450 11.071907 -11.378731 7.201587 11.070155 -11.774614 7.475213 11.173303 -11.774614 7.594018 11.046592 -11.378731 7.195991 10.896556 -11.378731 7.475213 11.173303 -11.774614 7.595765 11.439726 -11.774614 7.769374 11.434129 -11.378731 7.594018 11.046592 -11.378731 7.595765 11.439726 -11.774614 7.492616 11.713354 -11.774614 7.619338 11.832160 -11.378731 7.769374 11.434129 -11.378731 7.492616 11.713354 -11.774614 7.226199 11.833906 -11.774614 7.231793 12.007514 -11.378731 7.619338 11.832160 -11.378731 7.226199 11.833906 -11.774614 6.952569 11.730758 -11.774614 6.833768 11.857476 -11.378731 7.231793 12.007514 -11.378731 6.952569 11.730758 -11.774614 6.832021 11.464338 -11.774614 6.658412 11.469931 -11.378731 6.833768 11.857476 -11.378731 6.832021 11.464338 -11.774614 7.213893 11.452032 -11.875530 6.935164 11.190707 -11.774614 7.201587 11.070155 -11.774614 7.475213 11.173303 -11.774614 7.595765 11.439726 -11.774614 7.492616 11.713354 -11.774614 7.226199 11.833906 -11.774614 6.952569 11.730758 -11.774614 -1.875335 -14.575044 -30.496044 -1.875335 -14.575045 -27.665359 -2.619603 -14.575045 -27.520065 -3.700658 -14.575044 -30.135212 -3.238866 -14.575044 -27.106277 -5.238544 -14.575045 -29.107620 -6.266124 -14.575045 -27.569736 -3.652643 -14.575044 -26.487019 -3.797941 -14.575045 -25.751846 -6.626957 -14.575045 -25.751839 -1.131066 -14.575045 -27.520065 -0.050011 -14.575043 -30.135212 -3.652643 -14.575046 -25.016670 -6.266124 -14.575045 -23.933952 -0.511803 -14.575044 -27.106277 1.487873 -14.575044 -29.107616 -3.238865 -14.575046 -24.397415 -5.238541 -14.575046 -22.396072 -0.098023 -14.575044 -26.487022 2.515457 -14.575044 -27.569736 -2.619602 -14.575045 -23.983635 -3.700656 -14.575044 -21.368481 0.047275 -14.575044 -25.751846 2.876292 -14.575044 -25.751842 -1.875334 -14.575046 -23.838341 -1.875333 -14.575046 -21.007648 2.515458 -14.575043 -23.933949 -0.098022 -14.575046 -25.016678 -1.131065 -14.575045 -23.983635 -0.050010 -14.575042 -21.368481 
						1.487876 -14.575046 -22.396069 -0.511803 -14.575046 -24.397415 -3.238866 -14.575044 -27.106277 -2.619603 -14.575045 -27.520065 -2.619603 -12.994740 -27.520065 -3.238866 -12.994740 -27.106277 -3.652643 -14.575044 -26.487019 -3.652643 -12.994739 -26.487015 -3.797941 -14.575045 -25.751846 -3.797941 -12.994740 -25.751846 -3.652643 -14.575046 -25.016670 -3.652643 -12.994740 -25.016670 -3.238865 -12.994740 -24.397415 -3.238865 -14.575046 -24.397415 -2.619602 -14.575045 -23.983635 -2.619602 -12.994740 -23.983635 -1.131065 -14.575045 -23.983635 -1.131065 -12.994740 -23.983635 -0.511802 -12.994740 -24.397415 -0.511803 -14.575046 -24.397415 -0.098022 -14.575046 -25.016678 -0.098022 -12.994740 -25.016678 0.047275 -14.575044 -25.751846 0.047275 -12.994740 -25.751846 -0.098023 -14.575044 -26.487022 -0.098023 -12.994739 -26.487022 -0.511803 -14.575044 -27.106277 -0.511803 -12.994740 -27.106277 2.876292 -14.575044 -25.751842 2.876294 -12.994740 -25.751850 2.515458 -12.994740 -23.933956 2.515458 -14.575043 -23.933949 -3.700656 -14.575044 -21.368481 -1.875333 -14.575046 -21.007648 -1.875333 -12.994740 -21.007652 -3.700657 -12.994740 -21.368481 -6.266124 -14.575045 -23.933952 -5.238541 -14.575046 -22.396072 -5.238540 -12.994740 -22.396072 -6.266124 -12.994740 -23.933952 -1.875334 -12.994739 -30.496044 -3.700659 -12.994740 -30.135212 -2.619603 -12.994740 -27.520065 -1.875335 -12.994740 -27.665359 -5.238544 -12.994740 -29.107620 -3.238866 -12.994740 -27.106277 -6.266125 -12.994740 -27.569736 -6.626957 -12.994740 -25.751842 -3.797941 -12.994740 -25.751846 -3.652643 -12.994739 -26.487015 -1.131066 -12.994740 -27.520065 -0.050011 -12.994739 -30.135220 -6.266124 -12.994740 -23.933952 -3.652643 -12.994740 -25.016670 -0.511803 -12.994740 -27.106277 1.487873 -12.994740 -29.107620 -5.238540 -12.994740 -22.396072 -3.238865 -12.994740 -24.397415 -0.098023 -12.994739 -26.487022 2.515457 -12.994740 -27.569744 -3.700657 -12.994740 -21.368481 -2.619602 -12.994740 -23.983635 0.047275 -12.994740 -25.751846 2.876294 -12.994740 -25.751850 
						-1.875333 -12.994740 -21.007652 -1.875334 -12.994740 -23.838341 2.515458 -12.994740 -23.933956 -0.098022 -12.994740 -25.016678 -0.050010 -12.994739 -21.368484 -1.131065 -12.994740 -23.983635 1.487875 -12.994740 -22.396072 -0.511802 -12.994740 -24.397415 -1.875335 -14.575045 -27.665359 -1.875335 -12.994740 -27.665359 -1.875334 -14.575046 -23.838341 -1.875334 -12.994740 -23.838341 -1.131065 -12.994740 -23.983635 -1.131065 -14.575045 -23.983635 -1.131066 -12.994740 -27.520065 -1.131066 -14.575045 -27.520065 -3.700658 -14.575044 -30.135212 -3.700659 -12.994740 -30.135212 -1.875334 -12.994739 -30.496044 -1.875335 -14.575044 -30.496044 -1.875335 -14.575044 -30.496044 -1.875334 -12.994739 -30.496044 -0.050011 -12.994739 -30.135220 -0.050011 -14.575043 -30.135212 1.487873 -12.994740 -29.107620 1.487873 -14.575044 -29.107616 2.515457 -12.994740 -27.569744 2.515457 -14.575044 -27.569736 1.487876 -14.575046 -22.396069 1.487875 -12.994740 -22.396072 -0.050010 -12.994739 -21.368484 -0.050010 -14.575042 -21.368481 -1.875333 -12.994740 -21.007652 -1.875333 -14.575046 -21.007648 -6.626957 -12.994740 -25.751842 -6.626957 -14.575045 -25.751839 -6.266125 -12.994740 -27.569736 -6.266124 -14.575045 -27.569736 -5.238544 -12.994740 -29.107620 -5.238544 -14.575045 -29.107620 -27.980030 -2.629199 -17.175468 -27.980030 -2.503585 -16.221340 -31.145737 -2.457342 -16.233730 -31.145737 -2.581324 -17.175468 -27.980030 -2.135306 -15.332237 -31.145737 -2.093846 -15.356174 -27.980030 -1.549460 -14.568747 -31.145737 -1.515608 -14.602600 -27.980030 -0.785970 -13.982901 -31.145737 -0.762032 -14.024363 -27.980030 0.103133 -13.614624 -31.145737 0.115524 -13.660866 -27.980030 1.057258 -13.489012 -31.145737 1.057258 -13.536886 -27.980030 1.057258 -13.489012 -27.980030 2.011382 -13.614626 -31.145737 1.998992 -13.660868 -31.145737 1.057258 -13.536886 -27.980030 2.900486 -13.982903 -31.145737 2.876548 -14.024364 -27.980030 3.663975 -14.568748 -31.145737 3.630122 -14.602602 -27.980030 4.249822 -15.332241 -31.145737 4.208360 -15.356178 
						-27.980030 4.618100 -16.221344 -31.145737 4.571856 -16.233734 -27.980030 4.743712 -17.175468 -31.145737 4.695838 -17.175468 -27.980030 4.618100 -18.129593 -31.145737 4.571856 -18.117203 -27.980030 4.249822 -19.018692 -31.145737 4.208360 -18.994759 -27.980030 3.663976 -19.782188 -31.145737 3.630123 -19.748333 -27.980030 2.900485 -20.368027 -31.145737 2.876548 -20.326569 -27.980030 2.011382 -20.736305 -31.145737 1.998991 -20.690063 -27.980030 1.057258 -20.861923 -31.145737 1.057258 -20.814049 -27.980030 0.103133 -20.736305 -31.145737 0.115524 -20.690063 -27.980030 -0.785970 -20.368027 -31.145737 -0.762033 -20.326569 -27.980030 -1.549460 -19.782185 -31.145737 -1.515607 -19.748337 -27.980030 -2.135306 -19.018696 -31.145737 -2.093846 -18.994762 -27.980030 -2.503585 -18.129593 -31.145737 -2.457342 -18.117203 -42.973270 4.494124 -17.175468 -42.973270 4.377015 -18.064995 -42.973270 4.033671 -18.893898 -42.973270 3.487489 -19.605701 -42.973270 2.775691 -20.151878 -42.973270 1.946783 -20.495220 -42.973270 1.057258 -20.612335 -42.973270 1.057257 -17.175468 -34.458641 -2.387147 -16.252541 -34.458641 -2.508653 -17.175468 -34.458641 -2.030911 -15.392509 -34.458641 -1.464222 -14.653988 -34.458641 -0.725697 -14.087297 -34.458641 0.134332 -13.731060 -34.458641 1.057258 -13.609562 -34.458641 1.980183 -13.731062 -34.458641 1.057258 -13.609562 -34.458641 2.840213 -14.087299 -34.458641 3.578736 -14.653992 -34.458641 4.145426 -15.392509 -34.458641 4.501662 -16.252541 -34.458641 4.623167 -17.175468 -34.458641 4.501662 -18.098392 -34.458641 4.145426 -18.958424 -34.458641 3.578736 -19.696945 -34.458641 2.840212 -20.263634 -34.458641 1.980183 -20.619865 -34.458641 1.057258 -20.741375 -34.458641 0.134332 -20.619869 -34.458641 -0.725697 -20.263634 -34.458641 -1.464221 -19.696945 -34.458641 -2.030911 -18.958427 -34.458641 -2.387147 -18.098396 -37.082390 -2.208030 -16.300533 -37.082390 -2.323218 -17.175468 -37.082390 -1.870319 -15.485229 -37.082390 -1.333099 -14.785107 -37.082390 -0.632979 -14.247892 
						-37.082390 0.182327 -13.910181 -37.082390 1.057258 -13.794994 -37.082390 1.932188 -13.910183 -37.082390 1.057258 -13.794994 -37.082390 2.747495 -14.247894 -37.082390 3.447613 -14.785110 -37.082390 3.984833 -15.485233 -37.082390 4.322545 -16.300537 -37.082390 4.437731 -17.175468 -37.082390 4.322544 -18.050400 -37.082390 3.984834 -18.865700 -37.082390 3.447614 -19.565823 -37.082390 2.747495 -20.103043 -37.082390 1.932188 -20.440750 -37.082390 1.057258 -20.555943 -37.082390 0.182327 -20.440750 -37.082390 -0.632979 -20.103046 -37.082390 -1.333099 -19.565823 -37.082390 -1.870319 -18.865704 -37.082390 -2.208030 -18.050400 -25.000568 -2.554680 -17.175468 -25.000568 -2.431606 -16.240623 -25.000568 -2.431606 -18.110310 -25.000568 -2.070771 -18.981434 -25.000568 -1.496768 -19.729492 -25.000568 -0.748711 -20.303493 -25.000568 0.122420 -20.664330 -25.000568 1.057258 -20.787403 -25.000568 1.992096 -20.664330 -25.000568 2.863225 -20.303493 -25.000568 3.611283 -19.729496 -25.000568 4.185287 -18.981434 -25.000568 4.546121 -18.110306 -25.000568 4.669194 -17.175468 -25.000568 4.546121 -16.240627 -25.000568 4.185286 -15.369495 -25.000568 3.611282 -14.621439 -25.000568 2.863226 -14.047438 -25.000568 1.992096 -13.686602 -25.000568 1.057258 -13.563526 -25.000568 0.122420 -13.686602 -25.000568 1.057258 -13.563526 -25.000568 -0.748711 -14.047436 -25.000568 -1.496767 -14.621441 -25.000568 -2.070771 -15.369495 -22.585331 -2.388015 -17.175468 -22.585331 -2.270620 -16.283764 -22.585331 -2.270620 -18.067169 -22.585331 -1.926435 -18.898106 -22.585331 -1.378917 -19.611641 -22.585331 -0.665378 -20.159161 -22.585335 0.165556 -20.503342 -22.585335 1.057258 -20.620739 -22.585335 1.948959 -20.503342 -22.585331 2.779893 -20.159157 -22.585331 3.493433 -19.611641 -22.585331 4.040950 -18.898106 -22.585331 4.385134 -18.067165 -22.585331 4.502529 -17.175468 -22.585331 4.385135 -16.283768 -22.585331 4.040951 -15.452835 -22.585333 3.493432 -14.739292 -22.585333 2.779893 -14.191772 -22.585333 1.948960 -13.847588 
						-22.585333 1.057258 -13.730196 -22.585333 0.165556 -13.847586 -22.585333 1.057258 -13.730196 -22.585333 -0.665378 -14.191771 -22.585333 -1.378917 -14.739292 -22.585331 -1.926435 -15.452831 -20.072063 -2.112048 -17.175468 -20.072063 -2.004056 -16.355186 -20.072063 -2.004056 -17.995747 -20.072063 -1.687441 -18.760120 -20.072063 -1.183779 -19.416504 -20.072063 -0.527395 -19.920166 -20.072063 0.236982 -20.236778 -20.072063 1.057258 -20.344769 -20.072063 1.877534 -20.236778 -20.072063 2.641910 -19.920166 -20.072063 3.298295 -19.416504 -20.072063 3.801956 -18.760120 -20.072063 4.118571 -17.995747 -20.072063 4.226562 -17.175468 -20.072063 4.118571 -16.355190 -20.072063 3.801956 -15.590816 -20.072063 3.298295 -14.934429 -20.072063 2.641910 -14.430765 -20.072063 1.877534 -14.114149 -20.072063 1.057258 -14.006163 -20.072063 0.236981 -14.114151 -20.072063 1.057258 -14.006163 -20.072063 -0.527394 -14.430763 -20.072063 -1.183779 -14.934425 -20.072063 -1.687441 -15.590813 -18.267818 -2.723735 -17.175468 -18.267818 -2.594901 -16.196873 -18.267818 -2.594901 -18.154060 -18.267818 -2.217177 -19.065964 -18.267818 -1.616307 -19.849030 -18.267818 -0.833238 -20.449902 -18.267818 0.078665 -20.827621 -18.267818 1.057257 -20.956459 -18.267818 2.035850 -20.827621 -18.267818 2.947753 -20.449902 -18.267818 3.730824 -19.849033 -18.267818 4.331693 -19.065960 -18.267818 4.709414 -18.154057 -18.267818 4.838249 -17.175465 -18.267818 4.709415 -16.196873 -18.267818 4.331693 -15.284973 -18.267818 3.730823 -14.501900 -18.267818 2.947754 -13.901030 -18.267818 2.035851 -13.523310 -18.267818 1.057258 -13.394472 -18.267818 0.078665 -13.523308 -18.267818 1.057258 -13.394472 -18.267818 -0.833238 -13.901028 -18.267818 -1.616307 -14.501902 -18.267818 -2.217178 -15.284969 -16.533752 -3.982450 -17.175468 -16.533752 -3.810725 -15.871090 -16.533752 -3.810726 -18.479839 -16.533752 -3.307257 -19.695320 -16.533752 -2.506353 -20.739075 -16.533752 -1.462596 -21.539982 -16.533752 -0.247115 -22.043449 -16.533752 1.057258 -22.215172 
						-16.533752 2.361629 -22.043446 -16.533752 3.577111 -21.539978 -16.533752 4.620870 -20.739079 -16.533752 5.421773 -19.695320 -16.533752 5.925241 -18.479839 -16.533752 6.096964 -17.175465 -16.533752 5.925241 -15.871094 -16.533752 5.421773 -14.655613 -16.533752 4.620869 -13.611853 -16.533752 3.577112 -12.810953 -16.533752 2.361630 -12.307484 -16.533752 1.057258 -12.135761 -16.533752 -0.247114 -12.307482 -16.533752 1.057258 -12.135761 -16.533752 -1.462596 -12.810951 -16.533752 -2.506353 -13.611853 -16.533752 -3.307256 -14.655609 -14.756098 -5.854484 -17.175468 -14.756098 -5.618971 -15.386578 -14.756098 -5.618971 -18.964363 -14.756098 -4.928484 -20.631340 -14.756098 -3.830080 -22.062801 -14.756096 -2.398612 -23.161213 -14.756096 -0.731632 -23.851696 -14.756096 1.057258 -24.087208 -14.756096 2.846147 -23.851692 -14.756096 4.513128 -23.161213 -14.756098 5.944597 -22.062801 -14.756098 7.043001 -20.631332 -14.756098 7.733486 -18.964355 -14.756098 7.968997 -17.175465 -14.756098 7.733486 -15.386574 -14.756098 7.043000 -13.719595 -14.756098 5.944596 -12.288128 -14.756099 4.513128 -11.189722 -14.756099 2.846148 -10.499237 -14.756099 1.057258 -10.263727 -14.756099 -0.731632 -10.499235 -14.756099 1.057258 -10.263727 -14.756099 -2.398612 -11.189722 -14.756098 -3.830080 -12.288128 -14.756098 -4.928485 -13.719591 -14.756098 -5.618971 -15.386578 -14.756098 -5.854484 -17.175468 -12.990868 -5.854484 -17.175468 -12.990869 -5.618971 -15.386578 -14.756098 -5.618971 -18.964363 -12.990868 -5.618971 -18.964363 -14.756098 -4.928484 -20.631340 -12.990868 -4.928484 -20.631340 -14.756098 -3.830080 -22.062801 -12.990868 -3.830080 -22.062805 -14.756096 -2.398612 -23.161213 -12.990867 -2.398612 -23.161213 -14.756096 -0.731632 -23.851696 -12.990867 -0.731632 -23.851692 -14.756096 1.057258 -24.087208 -12.990867 1.057258 -24.087208 -14.756096 2.846147 -23.851692 -12.990867 2.846147 -23.851692 -14.756096 4.513128 -23.161213 -12.990867 4.513128 -23.161209 -14.756098 5.944597 -22.062801 -12.990868 5.944597 -22.062801 
						-14.756098 7.043001 -20.631332 -12.990868 7.043001 -20.631332 -14.756098 7.733486 -18.964355 -12.990868 7.733486 -18.964352 -14.756098 7.968997 -17.175465 -12.990868 7.968997 -17.175465 -14.756098 7.733486 -15.386574 -12.990869 7.733486 -15.386574 -14.756098 7.043000 -13.719595 -12.990869 7.043000 -13.719595 -14.756098 5.944596 -12.288128 -12.990869 5.944596 -12.288128 -14.756099 4.513128 -11.189722 -12.990870 4.513128 -11.189722 -14.756099 2.846148 -10.499237 -12.990870 2.846148 -10.499237 -14.756099 1.057258 -10.263727 -12.990870 1.057258 -10.263727 -14.756099 1.057258 -10.263727 -14.756099 -0.731632 -10.499235 -12.990870 -0.731632 -10.499235 -12.990870 1.057258 -10.263727 -14.756099 -2.398612 -11.189722 -12.990870 -2.398612 -11.189720 -14.756098 -3.830080 -12.288128 -12.990869 -3.830080 -12.288124 -14.756098 -4.928485 -13.719591 -12.990869 -4.928485 -13.719595 -39.063564 -2.000145 -16.356236 -39.063564 -2.107999 -17.175468 -39.063564 -1.683935 -15.592838 -39.063564 -1.180917 -14.937294 -39.063564 -0.525370 -14.434275 -39.063564 0.238029 -14.118067 -39.063564 1.057258 -14.010214 -39.063564 1.876486 -14.118069 -39.063564 1.057258 -14.010214 -39.063564 2.639885 -14.434277 -39.063564 3.295431 -14.937298 -39.063564 3.798449 -15.592838 -39.063564 4.114660 -16.356239 -39.063564 4.222512 -17.175468 -39.063564 4.114659 -17.994698 -39.063564 3.798449 -18.758095 -39.063564 3.295431 -19.413643 -39.063564 2.639885 -19.916656 -39.063564 1.876486 -20.232868 -39.063564 1.057258 -20.340725 -39.063564 0.238029 -20.232868 -39.063564 -0.525370 -19.916660 -39.063564 -1.180917 -19.413643 -39.063564 -1.683935 -18.758095 -39.063564 -2.000145 -17.994694 -40.366802 -2.118467 -16.324532 -40.366802 -2.230495 -17.175468 -40.366802 -1.790019 -15.531586 -40.366802 -1.267534 -14.850674 -40.366802 -0.586617 -14.328194 -40.366802 0.206325 -13.999744 -40.366802 1.057258 -13.887720 -40.366802 1.908190 -13.999746 -40.366802 1.057258 -13.887720 -40.366802 2.701133 -14.328196 -40.366802 3.382048 -14.850677 
						-40.366802 3.904533 -15.531590 -40.366802 4.232981 -16.324539 -40.366802 4.345008 -17.175468 -40.366802 4.232980 -18.026398 -40.366802 3.904534 -18.819344 -40.366802 3.382049 -19.500259 -40.366802 2.701134 -20.022739 -40.366802 1.908190 -20.351192 -40.366802 1.057258 -20.463219 -40.366802 0.206325 -20.351192 -40.366802 -0.586618 -20.022743 -40.366802 -1.267534 -19.500259 -40.366802 -1.790019 -18.819344 -40.366802 -2.118467 -18.026398 -41.670036 -2.640794 -16.184574 -41.670036 -2.771247 -17.175468 -41.670036 -2.258325 -15.261211 -41.670036 -1.649904 -14.468309 -41.670036 -0.856993 -13.859886 -41.670036 0.066368 -13.477419 -41.670036 1.057258 -13.346964 -41.670036 2.048148 -13.477421 -41.670036 1.057258 -13.346964 -41.670036 2.971510 -13.859888 -41.670036 3.764418 -14.468307 -41.670036 4.372838 -15.261215 -41.670036 4.755309 -16.184578 -41.670036 4.885761 -17.175468 -41.670036 4.755308 -18.166359 -41.670036 4.372838 -19.089722 -41.670036 3.764419 -19.882629 -41.670036 2.971509 -20.491047 -41.670036 2.048147 -20.873516 -41.670036 1.057257 -21.003971 -41.670036 0.066368 -20.873516 -41.670036 -0.856994 -20.491051 -41.670036 -1.649904 -19.882626 -41.670036 -2.258324 -19.089722 -41.670036 -2.640794 -18.166359 -42.340530 -2.772534 -16.160824 -42.340530 -2.904645 -17.186623 -42.340530 -2.379428 -15.204174 -42.340530 -1.752118 -14.381870 -42.340530 -0.933353 -13.749935 -42.340530 0.021068 -13.351450 -42.340530 1.046104 -13.213568 -42.340530 2.071899 -13.345678 -42.340530 1.046104 -13.213568 -42.340530 3.028550 -13.738783 -42.340530 3.850858 -14.366095 -42.340530 4.482789 -15.184856 -42.340530 4.881275 -16.139278 -42.340530 5.019160 -17.164314 -42.340530 4.887048 -18.190109 -42.340530 4.493942 -19.146759 -42.340530 3.866632 -19.969070 -42.340530 3.047868 -20.600998 -42.340530 2.093447 -20.999481 -42.340530 1.068411 -21.137371 -42.340530 0.042616 -21.005257 -42.340530 -0.914034 -20.612152 -42.340530 -1.736343 -19.984840 -42.340530 -2.368274 -19.166080 -42.340530 -2.766760 -18.211662 
						-42.973270 1.946784 -13.855713 -42.973270 2.775691 -14.199055 -42.973270 3.487489 -14.745235 -42.973270 4.033671 -15.457035 -42.973270 4.377016 -16.285942 -42.973270 1.057257 -13.738602 -42.973270 0.167731 -20.495220 -42.973270 -0.661175 -20.151882 -42.973270 -1.372975 -19.605698 -42.973270 -1.919157 -18.893902 -42.973270 -2.262502 -18.064995 -42.973270 -2.379610 -17.175468 -42.973270 -2.262501 -16.285938 -42.973270 -1.919157 -15.457031 -42.973270 -1.372975 -14.745235 -42.973270 -0.661175 -14.199053 -42.973270 0.167731 -13.855711 -42.973270 4.377015 -18.064995 -42.973270 4.494124 -17.175468 -42.727451 4.842629 -17.168720 -42.727451 4.726254 -18.149761 -42.973270 4.033671 -18.893898 -42.727451 4.349069 -19.066170 -42.973270 3.487489 -19.605701 -42.727451 3.747554 -19.853733 -42.973270 2.775691 -20.151878 -42.727451 2.962698 -20.458771 -42.973270 1.946783 -20.495220 -42.727451 2.047990 -20.840054 -42.973270 1.057258 -20.612335 -42.727451 1.064008 -20.960838 -42.727451 -2.611740 -16.201168 -42.727451 -2.728115 -17.182217 -42.727451 -2.234555 -15.284763 -42.727451 -1.633039 -14.497206 -42.727451 -0.848182 -13.892162 -42.727451 0.066525 -13.510878 -42.727451 1.050507 -13.390099 -42.727451 2.031554 -13.506474 -42.727451 1.050507 -13.390099 -42.727451 2.947962 -13.883657 -42.727451 3.735521 -14.485174 -42.727451 4.340561 -15.270031 -42.727451 4.721851 -16.184738 -42.727451 0.082961 -20.844463 -42.727451 -0.833447 -20.467281 -42.727451 -1.621006 -19.865765 -42.727451 -2.226047 -19.080906 -42.727451 -2.607336 -18.166203 -42.973270 1.946784 -13.855713 -42.973270 1.057257 -13.738602 -42.973270 2.775691 -14.199055 -42.973270 3.487489 -14.745235 -42.973270 4.033671 -15.457035 -42.973270 4.377016 -16.285942 -42.973270 0.167731 -20.495220 -42.973270 -0.661175 -20.151882 -42.973270 -1.372975 -19.605698 -42.973270 -1.919157 -18.893902 -42.973270 -2.262502 -18.064995 -42.973270 -2.379610 -17.175468 -42.973270 -2.262501 -16.285938 -42.973270 -1.919157 -15.457031 -42.973270 -1.372975 -14.745235 
						-42.973270 -0.661175 -14.199053 -42.973270 0.167731 -13.855711 -42.973270 1.057257 -13.738602 -12.990868 -4.928484 -20.631340 -12.990869 -0.565746 -18.112507 -12.990868 -0.752968 -17.660515 -12.990868 -5.618971 -18.964363 -12.990868 -3.830080 -22.062805 -12.990869 -0.267918 -18.500645 -12.990867 -2.398612 -23.161213 -12.990869 0.120217 -18.798466 -12.990867 -0.731632 -23.851692 -12.990869 0.572210 -18.985691 -12.990867 1.057258 -24.087208 -12.990869 1.057258 -19.049549 -12.990867 2.846147 -23.851692 -12.990869 1.542306 -18.985687 -12.990867 4.513128 -23.161209 -12.990869 1.994299 -18.798466 -12.990868 5.944597 -22.062801 -12.990869 2.382435 -18.500637 -12.990868 7.043001 -20.631332 -12.990869 2.680262 -18.112507 -12.990868 7.733486 -18.964352 -12.990868 2.867483 -17.660515 -12.990868 7.968997 -17.175465 -12.990868 2.931340 -17.175465 -12.990869 7.733486 -15.386574 -12.990868 2.867482 -16.690418 -12.990869 7.043000 -13.719595 -12.990868 2.680262 -16.238426 -12.990869 5.944596 -12.288128 -12.990869 2.382434 -15.850285 -12.990870 4.513128 -11.189722 -12.990869 1.994299 -15.552460 -12.990870 2.846148 -10.499237 -12.990869 1.542306 -15.365242 -12.990870 1.057258 -10.263727 -12.990869 1.057258 -15.301380 -12.990870 -0.731632 -10.499235 -12.990869 0.572210 -15.365242 -12.990870 -2.398612 -11.189720 -12.990869 0.120216 -15.552460 -12.990869 -3.830080 -12.288124 -12.990869 -0.267919 -15.850288 -12.990869 -4.928485 -13.719595 -12.990868 -0.565746 -16.238426 -12.990869 -5.618971 -15.386578 -12.990868 -0.752967 -16.690418 -12.990868 -5.854484 -17.175468 -12.990868 -0.816826 -17.175468 -10.531768 0.091953 -17.434120 -10.531768 0.191789 -17.675144 -10.531774 1.057258 -17.175468 -10.531768 0.350606 -17.882118 -10.531768 0.557579 -18.040936 -10.531768 0.798605 -18.140770 -10.531768 1.057258 -18.174824 -10.531768 1.315910 -18.140770 -10.531768 1.556936 -18.040936 -10.531768 1.763910 -17.882118 -10.531768 1.922727 -17.675144 -10.531768 2.022563 -17.434120 -10.531768 2.056615 -17.175465 
						-10.531768 2.022563 -16.916813 -10.531768 1.922727 -16.675785 -10.531768 1.763910 -16.468807 -10.531768 1.556936 -16.309994 -10.531768 1.315910 -16.210155 -10.531768 1.057258 -16.176109 -10.531768 0.798605 -16.210159 -10.531768 0.557579 -16.309998 -10.531768 0.350606 -16.468811 -10.531768 0.191789 -16.675789 -10.531768 0.091953 -16.916817 -10.531768 0.057900 -17.175468 -12.689125 0.091952 -17.434120 -12.689125 0.191789 -17.675144 -10.531768 0.191789 -17.675144 -10.531768 0.091953 -17.434120 -12.689125 0.350606 -17.882118 -10.531768 0.350606 -17.882118 -12.689125 0.557579 -18.040936 -10.531768 0.557579 -18.040936 -12.689125 0.798605 -18.140770 -10.531768 0.798605 -18.140770 -12.689125 1.057258 -18.174820 -10.531768 1.057258 -18.174824 -12.689125 1.315910 -18.140770 -10.531768 1.315910 -18.140770 -12.689125 1.556936 -18.040936 -10.531768 1.556936 -18.040936 -12.689125 1.763910 -17.882118 -10.531768 1.763910 -17.882118 -12.689125 1.922727 -17.675144 -10.531768 1.922727 -17.675144 -12.689125 2.022563 -17.434120 -10.531768 2.022563 -17.434120 -12.689125 2.056615 -17.175468 -10.531768 2.056615 -17.175465 -12.689125 2.022563 -16.916813 -10.531768 2.022563 -16.916813 -12.689125 1.922727 -16.675785 -10.531768 1.922727 -16.675785 -12.689125 1.763910 -16.468807 -10.531768 1.763910 -16.468807 -12.689125 1.556936 -16.309994 -10.531768 1.556936 -16.309994 -12.689125 1.315910 -16.210155 -10.531768 1.315910 -16.210155 -12.689125 1.057258 -16.176109 -10.531768 1.057258 -16.176109 -12.689125 0.798605 -16.210159 -10.531768 0.798605 -16.210159 -12.689125 0.557579 -16.309998 -10.531768 0.557579 -16.309998 -12.689125 0.350606 -16.468811 -10.531768 0.350606 -16.468811 -12.689125 0.191789 -16.675789 -10.531768 0.191789 -16.675789 -12.689125 0.091953 -16.916817 -10.531768 0.091953 -16.916817 -12.689125 0.057900 -17.175468 -10.531768 0.057900 -17.175468 -12.689125 0.191789 -17.675144 -12.689125 0.091952 -17.434120 -12.689124 -0.742166 -17.657623 -12.689124 -0.556061 -18.106915 
						-12.689125 0.350606 -17.882118 -12.689124 -0.260011 -18.492733 -12.689125 0.557579 -18.040936 -12.689124 0.125808 -18.788788 -12.689125 0.798605 -18.140770 -12.689124 0.575104 -18.974888 -12.689125 1.057258 -18.174820 -12.689124 1.057258 -19.038364 -12.689125 1.315910 -18.140770 -12.689124 1.539412 -18.974888 -12.689125 1.556936 -18.040936 -12.689124 1.988707 -18.788788 -12.689125 1.763910 -17.882118 -12.689124 2.374527 -18.492733 -12.689125 1.922727 -17.675144 -12.689124 2.670577 -18.106915 -12.689125 2.022563 -17.434120 -12.689124 2.856681 -17.657619 -12.689125 2.056615 -17.175468 -12.689124 2.920157 -17.175465 -12.689125 2.022563 -16.916813 -12.689124 2.856681 -16.693314 -12.689125 1.922727 -16.675785 -12.689123 2.670577 -16.244011 -12.689125 1.763910 -16.468807 -12.689123 2.374527 -15.858192 -12.689125 1.556936 -16.309994 -12.689123 1.988708 -15.562145 -12.689125 1.315910 -16.210155 -12.689123 1.539412 -15.376041 -12.689125 1.057258 -16.176109 -12.689123 1.057258 -15.312565 -12.689125 0.798605 -16.210159 -12.689123 0.575104 -15.376045 -12.689125 0.557579 -16.309998 -12.689123 0.125808 -15.562149 -12.689125 0.350606 -16.468811 -12.689123 -0.260012 -15.858196 -12.689125 0.191789 -16.675789 -12.689123 -0.556061 -16.244011 -12.689125 0.091953 -16.916817 -12.689124 -0.742166 -16.693314 -12.689125 0.057900 -17.175468 -12.689124 -0.805643 -17.175468 -12.689124 -0.556061 -18.106915 -12.689124 -0.742166 -17.657623 -12.990868 -0.752968 -17.660515 -12.990869 -0.565746 -18.112507 -12.689124 -0.260011 -18.492733 -12.990869 -0.267918 -18.500645 -12.689124 0.125808 -18.788788 -12.990869 0.120217 -18.798466 -12.689124 0.575104 -18.974888 -12.990869 0.572210 -18.985691 -12.689124 1.057258 -19.038364 -12.990869 1.057258 -19.049549 -12.689124 1.539412 -18.974888 -12.990869 1.542306 -18.985687 -12.689124 1.988707 -18.788788 -12.990869 1.994299 -18.798466 -12.689124 2.374527 -18.492733 -12.990869 2.382435 -18.500637 -12.689124 2.670577 -18.106915 -12.990869 2.680262 -18.112507 
						-12.689124 2.856681 -17.657619 -12.990868 2.867483 -17.660515 -12.689124 2.920157 -17.175465 -12.990868 2.931340 -17.175465 -12.689124 2.856681 -16.693314 -12.990868 2.867482 -16.690418 -12.689123 2.670577 -16.244011 -12.990868 2.680262 -16.238426 -12.689123 2.374527 -15.858192 -12.990869 2.382434 -15.850285 -12.689123 1.988708 -15.562145 -12.990869 1.994299 -15.552460 -12.689123 1.539412 -15.376041 -12.990869 1.542306 -15.365242 -12.689123 1.057258 -15.312565 -12.990869 1.057258 -15.301380 -12.689123 0.575104 -15.376045 -12.990869 0.572210 -15.365242 -12.689123 0.125808 -15.562149 -12.990869 0.120216 -15.552460 -12.689123 -0.260012 -15.858196 -12.990869 -0.267919 -15.850288 -12.689123 -0.556061 -16.244011 -12.990868 -0.565746 -16.238426 -12.689124 -0.742166 -16.693314 -12.990868 -0.752967 -16.690418 -12.689124 -0.805643 -17.175468 -12.990868 -0.816826 -17.175468 4.857886 -9.630256 -28.302364 5.243402 -9.733555 -28.302364 5.243402 -9.733555 -28.398937 4.857886 -9.630256 -28.398937 5.525619 -10.015772 -28.302364 5.525619 -10.015772 -28.398937 5.628917 -10.401287 -28.302364 5.628917 -10.401287 -28.398937 5.525619 -10.786803 -28.302364 5.525619 -10.786803 -28.398937 5.243402 -11.069020 -28.302364 5.243402 -11.069020 -28.398937 4.857886 -11.172318 -28.302364 4.857886 -11.172318 -28.398937 4.472371 -11.069020 -28.302364 4.472371 -11.069020 -28.398937 4.190154 -10.786803 -28.302364 4.190154 -10.786803 -28.398937 4.086852 -10.401287 -28.302364 4.086852 -10.401287 -28.398937 4.190152 -10.015772 -28.302364 4.190152 -10.015772 -28.398937 4.472371 -9.733555 -28.302364 4.472371 -9.733555 -28.398937 4.642617 -10.028432 -28.528122 4.857886 -10.401287 -28.571976 4.485030 -10.186019 -28.528122 4.857886 -9.970750 -28.528122 5.073153 -10.028431 -28.528122 5.288423 -10.401287 -28.528122 5.230742 -10.616556 -28.528126 4.485030 -10.616556 -28.528122 4.427350 -10.401287 -28.528122 5.230742 -10.186019 -28.528122 5.073153 -10.774142 -28.528126 4.857886 -10.831823 -28.528126 
						4.642617 -10.774142 -28.528126 4.857886 -9.630256 -28.398937 5.243402 -9.733555 -28.398937 5.112725 -9.959890 -28.398937 4.857886 -9.891607 -28.398937 5.525619 -10.015772 -28.398937 5.299283 -10.146446 -28.398937 5.628917 -10.401287 -28.398937 5.367566 -10.401287 -28.398937 5.525619 -10.786803 -28.398937 5.299283 -10.656127 -28.398937 5.243402 -11.069020 -28.398937 5.112725 -10.842684 -28.398937 4.857886 -11.172318 -28.398937 4.857886 -10.910968 -28.398937 4.472371 -11.069020 -28.398937 4.603045 -10.842684 -28.398937 4.190154 -10.786803 -28.398937 4.416490 -10.656127 -28.398937 4.086852 -10.401287 -28.398937 4.348207 -10.401287 -28.398937 4.190152 -10.015772 -28.398937 4.416488 -10.146446 -28.398937 4.472371 -9.733555 -28.398937 4.603045 -9.959891 -28.398937 4.857886 -9.891607 -28.398937 5.112725 -9.959890 -28.398937 5.112725 -9.959890 -28.478794 4.857886 -9.891607 -28.478794 5.299283 -10.146446 -28.398937 5.299283 -10.146446 -28.478794 5.367566 -10.401287 -28.398937 5.367566 -10.401287 -28.478794 5.299283 -10.656127 -28.398937 5.299283 -10.656127 -28.478798 5.112725 -10.842684 -28.398937 5.112725 -10.842684 -28.478798 4.857886 -10.910968 -28.398937 4.857886 -10.910968 -28.478798 4.603045 -10.842684 -28.398937 4.603045 -10.842684 -28.478798 4.416490 -10.656127 -28.398937 4.416490 -10.656127 -28.478798 4.348207 -10.401287 -28.398937 4.348207 -10.401287 -28.478794 4.416488 -10.146446 -28.398937 4.416488 -10.146446 -28.478794 4.603045 -9.959891 -28.398937 4.603045 -9.959891 -28.478794 4.857886 -9.891607 -28.478794 5.112725 -9.959890 -28.478794 5.299283 -10.146446 -28.478794 5.367566 -10.401287 -28.478794 5.299283 -10.656127 -28.478798 5.112725 -10.842684 -28.478798 4.857886 -10.910968 -28.478798 4.603045 -10.842684 -28.478798 4.416490 -10.656127 -28.478798 4.348207 -10.401287 -28.478794 4.416488 -10.146446 -28.478794 4.603045 -9.959891 -28.478794 5.044114 -10.078730 -28.086327 4.857886 -10.028830 -28.086327 4.857886 -10.028829 -23.446270 
						5.044114 -10.078728 -23.446270 4.671657 -10.078730 -28.086327 4.671657 -10.078728 -23.446270 4.535329 -10.215059 -28.086327 4.535329 -10.215058 -23.446270 4.485429 -10.401287 -28.086327 4.485429 -10.401286 -23.446270 4.535329 -10.587517 -28.086327 4.535329 -10.587516 -23.446270 4.671657 -10.723845 -28.086327 4.671657 -10.723844 -23.446274 4.857886 -10.773745 -28.086327 4.857886 -10.773743 -23.446274 5.044114 -10.723845 -28.086327 5.044114 -10.723844 -23.446274 5.180444 -10.587516 -28.086327 5.180444 -10.587515 -23.446274 5.230342 -10.401287 -28.086327 5.230342 -10.401286 -23.446270 5.180444 -10.215058 -28.086327 5.180444 -10.215057 -23.446270 5.180444 -10.215058 -28.086327 5.180444 -10.215057 -23.446270 5.023444 -10.114531 -22.879841 4.857886 -10.070169 -22.879841 4.857886 -10.401286 -22.838173 5.144643 -10.235727 -22.879841 5.189002 -10.401286 -22.879841 5.144643 -10.566845 -22.879841 5.023444 -10.688041 -22.879841 4.857886 -10.732403 -22.879841 4.692328 -10.688041 -22.879841 4.571132 -10.566845 -22.879841 4.526769 -10.401286 -22.879841 4.571132 -10.235727 -22.879841 4.692327 -10.114531 -22.879841 5.238740 -9.900666 -23.318920 4.857886 -9.900666 -23.318920 4.857886 -9.900665 -23.009090 5.238740 -9.900665 -23.009090 4.477033 -9.900666 -23.318920 4.477033 -9.900665 -23.009090 4.477033 -9.900666 -23.318920 4.300279 -10.401287 -23.318924 4.300279 -10.401287 -23.009094 4.477033 -9.900665 -23.009090 4.300279 -10.401287 -23.318924 4.477033 -10.901906 -23.318928 4.477033 -10.901906 -23.009098 4.300279 -10.401287 -23.009094 4.477033 -10.901906 -23.318928 4.857886 -10.901906 -23.318928 4.857886 -10.901906 -23.009098 4.477033 -10.901906 -23.009098 5.238740 -10.901906 -23.318928 5.238740 -10.901906 -23.009098 5.238740 -10.901906 -23.318928 5.415496 -10.401286 -23.318924 5.415496 -10.401286 -23.009094 5.238740 -10.901906 -23.009098 5.415496 -10.401286 -23.318924 5.238740 -9.900666 -23.318920 5.238740 -9.900665 -23.009090 5.415496 -10.401286 -23.009094 
						4.857886 -9.900666 -23.318920 5.238740 -9.900666 -23.318920 4.857886 -10.401286 -23.318924 4.477033 -9.900666 -23.318920 4.300279 -10.401287 -23.318924 4.477033 -10.901906 -23.318928 4.857886 -10.901906 -23.318928 5.238740 -10.901906 -23.318928 5.415496 -10.401286 -23.318924 5.238740 -9.900665 -23.009090 4.857886 -9.900665 -23.009090 4.857886 -10.028829 -23.009331 5.044114 -10.078728 -23.009331 4.477033 -9.900665 -23.009090 4.671657 -10.078728 -23.009331 4.300279 -10.401287 -23.009094 4.485429 -10.401286 -23.009331 4.535329 -10.215058 -23.009331 4.477033 -10.901906 -23.009098 4.671657 -10.723845 -23.009331 4.535329 -10.587516 -23.009331 4.857886 -10.901906 -23.009098 4.857886 -10.773743 -23.009331 5.238740 -10.901906 -23.009098 5.044114 -10.723844 -23.009331 5.415496 -10.401286 -23.009094 5.230342 -10.401286 -23.009331 5.180444 -10.587516 -23.009331 5.180444 -10.215058 -23.009331 4.857886 -10.028829 -23.009331 4.857886 -10.028829 -22.919765 5.044114 -10.078728 -22.919765 5.044114 -10.078728 -23.009331 4.671657 -10.078728 -23.009331 4.671657 -10.078728 -22.919765 4.535329 -10.215058 -23.009331 4.535329 -10.215058 -22.919765 4.485429 -10.401286 -23.009331 4.485429 -10.401286 -22.919765 4.535329 -10.587516 -23.009331 4.535329 -10.587516 -22.919765 4.671657 -10.723845 -23.009331 4.671657 -10.723845 -22.919769 4.857886 -10.773743 -23.009331 4.857886 -10.773743 -22.919769 5.044114 -10.723844 -23.009331 5.044114 -10.723844 -22.919769 5.180444 -10.587516 -23.009331 5.180444 -10.587516 -22.919769 5.230342 -10.401286 -23.009331 5.230342 -10.401286 -22.919765 5.180444 -10.215058 -23.009331 5.180444 -10.215058 -22.919765 4.857886 -10.070169 -22.879841 5.023444 -10.114531 -22.879841 5.044114 -10.078728 -22.919765 4.857886 -10.028829 -22.919765 5.144643 -10.235727 -22.879841 5.180444 -10.215058 -22.919765 5.189002 -10.401286 -22.879841 5.230342 -10.401286 -22.919765 5.144643 -10.566845 -22.879841 5.180444 -10.587516 -22.919769 5.023444 -10.688041 -22.879841 
						5.044114 -10.723844 -22.919769 4.857886 -10.732403 -22.879841 4.857886 -10.773743 -22.919769 4.692328 -10.688041 -22.879841 4.671657 -10.723845 -22.919769 4.571132 -10.566845 -22.879841 4.535329 -10.587516 -22.919765 4.526769 -10.401286 -22.879841 4.485429 -10.401286 -22.919765 4.571132 -10.235727 -22.879841 4.535329 -10.215058 -22.919765 4.692327 -10.114531 -22.879841 4.671657 -10.078728 -22.919765 -1.890418 -9.040219 -31.944218 -1.890418 -11.750809 -31.944225 -4.250209 -11.750809 -31.477730 -4.250209 -9.040218 -31.477730 -6.238398 -9.040218 -30.149265 -6.238398 -11.750808 -30.149258 -7.566862 -9.040218 -28.161079 -7.566861 -11.750808 -28.161076 -8.033348 -11.750809 -25.810890 -8.033349 -9.040219 -25.810898 0.469372 -11.750809 -31.477745 0.469372 -9.040218 -31.477737 -7.566859 -11.750810 -23.460709 -7.566860 -9.040220 -23.460709 2.457560 -11.750808 -30.149265 2.457560 -9.040218 -30.149265 -6.238395 -11.750810 -21.472519 -6.238395 -9.040220 -21.472527 3.689424 -9.040218 -28.334206 3.689424 -11.750808 -28.334221 -4.250208 -11.750811 -20.144051 -4.250207 -9.040220 -20.144054 -1.890416 -11.750812 -19.636272 -1.890416 -9.040221 -19.636269 0.469374 -11.750811 -20.144062 0.469374 -9.040220 -20.144058 2.457562 -9.040220 -21.472527 2.457562 -11.750810 -21.472534 3.689424 -11.750811 -23.312134 3.689424 -9.040221 -23.312126 5.948867 -11.750808 -28.334221 3.689424 -11.750808 -28.334221 3.689424 -9.040218 -28.334206 5.948867 -9.040218 -28.334213 5.948869 -9.040221 -23.312130 3.689424 -9.040221 -23.312126 3.689424 -11.750811 -23.312134 5.948869 -11.750811 -23.312134 -4.130916 -9.040218 -31.227669 -1.875209 -9.040218 -31.673584 -1.890418 -9.040219 -31.944218 -4.250209 -9.040218 -31.477730 0.380496 -9.040218 -31.227669 0.469372 -9.040218 -31.477737 2.280991 -9.040219 -29.957806 2.457560 -9.040218 -30.149265 3.545141 -9.040218 -28.061592 3.689424 -9.040218 -28.334206 5.948867 -9.040218 -28.061592 5.948867 -9.040218 -28.334213 5.948867 -9.040218 -28.061592 
						5.948867 -11.750808 -28.061596 5.948867 -11.750808 -28.334221 5.948867 -9.040218 -28.334213 5.948867 -11.750808 -28.061596 3.545139 -11.750808 -28.061596 3.689424 -11.750808 -28.334221 5.948867 -11.750808 -28.334221 2.280991 -11.750809 -29.957806 2.457560 -11.750808 -30.149265 0.380496 -11.750808 -31.227680 0.469372 -11.750809 -31.477745 -1.875209 -11.750809 -31.673588 -1.890418 -11.750809 -31.944225 -1.875207 -11.750812 -19.908504 0.380498 -11.750811 -20.393898 0.469374 -11.750811 -20.144062 -1.890416 -11.750812 -19.636272 2.280993 -11.750810 -21.663776 2.457562 -11.750810 -21.472534 3.545141 -11.750810 -23.559978 3.689424 -11.750811 -23.312134 5.948869 -11.750810 -23.559978 5.948869 -11.750811 -23.312134 5.948869 -11.750810 -23.559978 5.948869 -9.040220 -23.559978 5.948869 -9.040221 -23.312130 5.948869 -11.750811 -23.312134 5.948869 -9.040220 -23.559978 3.545141 -9.040220 -23.559978 3.689424 -9.040221 -23.312126 5.948869 -9.040221 -23.312130 2.280993 -9.040220 -21.663769 2.457562 -9.040220 -21.472527 0.380498 -9.040220 -20.393898 0.469374 -9.040220 -20.144058 -1.875207 -9.040221 -19.908504 -1.890416 -9.040221 -19.636269 -4.130913 -9.040220 -20.393898 -4.250207 -9.040220 -20.144054 -6.031408 -9.040220 -21.663769 -6.238395 -9.040220 -21.472527 -7.301279 -9.040220 -23.564262 -7.566860 -9.040220 -23.460709 -7.747191 -9.040220 -25.810783 -8.033349 -9.040219 -25.810898 -7.301280 -9.040218 -28.057308 -7.566862 -9.040218 -28.161079 -6.031410 -9.040219 -29.957802 -6.238398 -9.040218 -30.149265 5.948867 -11.750808 -28.061596 5.948867 -9.040218 -28.061592 3.545141 -9.040218 -28.061592 3.545139 -11.750808 -28.061596 3.545139 -11.750808 -28.061596 3.545141 -9.040218 -28.061592 2.280991 -9.040219 -29.957806 2.280991 -11.750809 -29.957806 0.380496 -9.040218 -31.227669 0.380496 -11.750808 -31.227680 -1.875209 -9.040218 -31.673584 -1.875209 -11.750809 -31.673588 -4.130916 -9.040218 -31.227669 -4.130916 -11.750808 -31.227676 -6.031410 -9.040219 -29.957802 
						-6.031410 -11.750809 -29.957798 -7.301280 -9.040218 -28.057308 -7.301280 -11.750808 -28.057301 -7.747191 -9.040220 -25.810783 -7.747190 -11.750810 -25.810783 -7.301279 -9.040220 -23.564262 -7.301278 -11.750810 -23.564259 -6.031408 -9.040220 -21.663769 -6.031407 -11.750810 -21.663769 -4.130913 -9.040220 -20.393898 -4.130915 -11.750811 -20.393894 5.948869 -9.040220 -23.559978 5.948869 -11.750810 -23.559978 3.545141 -11.750810 -23.559978 3.545141 -9.040220 -23.559978 3.545141 -9.040220 -23.559978 3.545141 -11.750810 -23.559978 2.280993 -11.750810 -21.663776 2.280993 -9.040220 -21.663769 0.380498 -11.750811 -20.393898 0.380498 -9.040220 -20.393898 -1.875207 -11.750812 -19.908504 -1.875207 -9.040221 -19.908504 -4.130916 -11.750808 -31.227676 -4.250209 -11.750809 -31.477730 -6.031410 -11.750809 -29.957798 -6.238398 -11.750808 -30.149258 -7.301280 -11.750808 -28.057301 -7.566861 -11.750808 -28.161076 -7.747190 -11.750810 -25.810783 -8.033348 -11.750809 -25.810890 -7.301278 -11.750810 -23.564259 -7.566859 -11.750810 -23.460709 -6.031407 -11.750810 -21.663769 -6.238395 -11.750810 -21.472519 -4.130915 -11.750811 -20.393894 -4.250208 -11.750811 -20.144051 
					</float_array>
					<technique_common>
						<accessor count="5477" offset="0" source="#meshId0-positions-array" stride="3">
							<param name="X" type="float" />
							<param name="Y" type="float" />
							<param name="Z" type="float" />
						</accessor>
					</technique_common>
				</source>
				<source id="meshId0-normals" name="meshId0-normals">
					<float_array id="meshId0-normals-array" count="16431"> 
						-0.504688 0.182506 0.843790 -0.339454 0.274515 0.899673 -0.318068 0.312666 0.895027 -0.479093 0.562828 0.673569 -0.000000 0.998951 0.045793 -0.011695 0.996984 0.076725 -0.038195 0.991322 0.125785 -0.054032 0.998142 0.028166 -0.682856 0.482599 0.548458 -0.021508 0.997177 0.071945 -0.883787 0.185904 0.429372 -0.568864 0.817154 0.093026 -0.749325 0.659126 0.063749 -0.682856 0.482599 0.548458 -0.479093 0.562828 0.673569 -0.553172 0.022133 0.832773 -0.571037 0.174181 0.802233 -0.371413 0.621891 0.689423 -0.163072 0.446278 0.879911 -0.000821 1.000000 -0.000478 -0.000000 1.000000 -0.000254 -0.884027 -0.015061 0.467193 -0.974993 0.218428 0.040973 -0.883787 0.185904 0.429372 -0.750970 0.501896 0.429121 -0.000002 0.999991 0.004235 -0.010125 0.999131 0.040426 -0.000000 1.000000 -0.000254 -0.567472 0.823392 -0.001363 -0.741032 0.671470 -0.000614 -0.000000 0.996931 0.078282 -0.884027 -0.015061 0.467193 -0.883787 0.185904 0.429372 -0.974993 0.218428 0.040973 -0.997638 -0.035378 0.058873 -0.572225 -0.113173 0.812250 -0.532838 -0.242025 0.810869 -0.001063 0.877401 0.479756 0.000853 0.614336 0.789044 0.000821 1.000000 -0.000479 0.010125 0.999133 0.040392 -0.147275 0.988967 0.015945 -0.516660 0.856130 0.010206 -0.873641 0.486572 -0.000002 -0.968394 0.249426 -0.000000 0.054032 0.998142 0.028166 0.021508 0.997177 0.071945 0.011695 0.996984 0.076725 0.002865 -0.999996 -0.000325 0.003599 -0.999994 -0.000001 0.002446 -0.999994 -0.002300 0.002456 -0.999996 -0.001033 -0.918666 0.046002 0.392348 -0.371413 0.621891 0.689423 -0.750970 0.501896 0.429121 -0.444597 0.853205 0.272718 -0.004426 0.998904 0.046598 -0.000000 0.999987 0.005063 -0.002780 0.999662 0.025861 0.015019 0.998854 0.045451 0.000280 0.999910 0.013448 -0.968291 0.249826 -0.000000 -0.999904 0.013880 -0.000187 -0.999960 0.002636 0.008537 
						-0.968394 0.249426 -0.000000 0.038195 0.991322 0.125785 0.567471 0.823391 -0.001807 0.568863 0.817154 0.093026 0.749326 0.659126 0.063749 0.741084 0.671411 -0.001196 0.371367 0.623154 0.688306 0.163463 0.444825 0.880574 0.002532 -0.999997 -0.000102 0.002478 -0.999997 -0.000000 0.002452 -0.999997 -0.000110 0.002420 -0.999997 -0.000001 0.002427 -0.999997 -0.000027 0.002462 -0.999997 -0.000146 -0.992740 0.006267 0.120117 -0.922303 0.361313 0.137151 -0.750970 0.501896 0.429121 -0.918666 0.046002 0.392348 -0.001063 0.877401 0.479756 -0.571664 0.805047 0.158430 -0.444597 0.853205 0.272718 -0.648489 -0.056226 0.759144 -0.701085 -0.028779 0.712496 -0.699394 -0.024508 0.714316 -0.709491 -0.020777 0.704408 -0.710834 -0.016799 0.703159 -0.720041 -0.118688 0.683706 -0.703973 -0.020310 0.709936 -0.480768 -0.248127 0.841009 -0.255070 -0.372082 0.892465 0.749228 0.630674 0.202257 0.782118 0.612027 0.117107 0.688799 0.645059 0.330838 0.691925 0.635419 0.342758 0.147354 0.988959 0.015711 0.873652 0.486550 -0.001380 0.516428 0.856279 0.009397 0.004426 0.998904 0.046598 -0.000280 0.999910 0.013447 -0.015019 0.998854 0.045451 0.002780 0.999662 0.025861 0.028438 0.736354 0.675998 0.005064 0.682316 0.731040 0.039416 0.760220 0.648469 0.064902 0.811799 0.580319 -0.568087 0.408802 0.714254 -0.570563 0.198143 0.796993 -0.599561 0.170833 0.781884 -0.625842 0.393538 0.673387 -0.968291 0.249826 -0.000000 -1.000000 0.000001 0.000001 -1.000000 0.000000 -0.000000 -1.000000 0.000000 0.000000 -1.000000 0.000008 0.000001 0.338887 0.274307 0.899951 0.318068 0.312666 0.895027 0.504688 0.182506 0.843790 0.479093 0.562828 0.673569 0.682856 0.482598 0.548458 0.479093 0.562828 0.673569 0.976206 0.211519 0.047776 0.968421 0.249320 -0.000877 -1.000000 0.000000 -0.000000 -1.000000 -0.000000 0.000000 
						-1.000000 -0.000000 0.000000 -1.000000 0.000000 -0.000000 -0.999131 0.041682 -0.000001 0.100846 -0.387248 0.916444 0.101044 -0.379354 0.919718 0.091907 -0.548070 0.831368 0.091847 -0.550679 0.829649 -1.000000 0.000000 -0.000000 -1.000000 0.000000 -0.000000 -1.000000 0.000000 -0.000000 -1.000000 0.000000 -0.000000 -1.000000 0.000000 -0.000000 -1.000000 0.000000 -0.000000 -1.000000 0.000000 -0.000000 -0.145169 0.332629 -0.931817 -0.153921 0.299291 -0.941665 -0.152616 0.304337 -0.940259 -0.144043 0.336837 -0.930480 -1.000000 -0.000000 0.000000 -1.000000 -0.000000 0.000000 -0.783475 -0.423029 0.455206 -0.915424 -0.389055 0.103129 0.000108 0.985125 0.171840 -0.001063 0.877401 0.479756 -0.614632 -0.725269 0.310180 -0.783475 -0.423029 0.455206 -0.127723 -0.437329 0.890185 -0.355279 -0.514596 0.780364 0.371367 0.623154 0.688306 0.446978 0.852956 0.269585 0.809106 0.583485 0.069956 0.793196 0.593254 0.137440 -0.688799 0.645060 0.330838 -0.782119 0.612026 0.117106 -0.749228 0.630674 0.202257 -0.691924 0.635420 0.342758 -0.628085 0.439103 0.642416 -0.704293 0.416395 0.574966 -0.507330 0.861747 0.003040 -0.504217 0.863572 0.002851 -0.610419 0.792079 0.000099 -0.612216 0.790691 -0.000005 -0.599561 0.170833 0.781884 -0.570563 0.198143 0.796993 -0.640306 0.123856 0.758068 -0.638419 0.122131 0.759938 -0.632103 0.242735 0.735884 -0.628774 0.239390 0.739821 -0.516696 0.813891 0.265720 -0.513707 0.814042 0.271001 -0.496971 0.852864 0.160134 -0.489520 0.864655 0.112878 0.682856 0.482598 0.548458 0.887290 0.180698 0.424340 0.968291 0.249821 -0.001483 0.976206 0.211519 0.047776 0.999960 0.002636 0.008537 0.999903 0.013880 -0.000878 0.968421 0.249320 -0.000877 0.750477 0.501431 0.430525 0.568272 0.173549 0.804330 -0.999131 0.041687 -0.000000 0.108150 0.001461 0.994134 0.108158 -0.000299 0.994134 
						-0.002614 0.999997 0.000482 -0.002530 0.999997 0.000030 -0.002640 0.999996 0.000989 -0.002886 0.999990 0.003379 -0.929156 -0.368870 -0.024585 -0.999668 -0.002200 0.025658 -0.939611 0.331113 0.086578 -0.594961 0.786080 0.167628 -0.743214 -0.664494 0.077979 -0.614632 -0.725269 0.310180 -0.883421 -0.023370 0.467998 -0.903294 -0.020888 0.428514 -0.701085 -0.028779 0.712496 -0.648489 -0.056226 0.759144 -0.115227 0.333109 -0.935821 -0.122424 0.300626 -0.945852 -0.121475 0.304966 -0.944584 -0.114410 0.336733 -0.934624 -0.883111 -0.019971 0.468738 -0.903824 -0.020778 0.427399 -0.699394 -0.024508 0.714316 -0.703973 -0.020310 0.709936 -0.080639 0.320859 -0.943688 -0.084778 0.301810 -0.949591 -0.084278 0.304128 -0.948896 -0.080214 0.322803 -0.943061 -0.709491 -0.020777 0.704408 -0.884136 -0.023263 0.466650 -0.906734 -0.013110 0.421499 -0.710834 -0.016799 0.703159 -0.061070 0.316916 -0.946486 -0.063459 0.302281 -0.951104 -0.063215 0.303782 -0.950642 -0.060861 0.318189 -0.946072 -0.715992 -0.158561 0.679863 -0.845720 -0.129692 0.517627 -0.865016 -0.123677 0.486262 -0.874672 -0.139602 0.464178 -0.150753 -0.604033 0.782572 -0.081672 -0.649639 0.755843 -0.484878 -0.423604 0.765149 0.750477 0.501431 0.430525 0.571582 0.805133 0.158289 0.446978 0.852956 0.269585 -0.645108 0.750686 -0.142499 -0.327422 0.944835 0.009010 -0.327423 0.944835 0.009009 -0.488108 0.872514 -0.021651 -0.275098 0.961378 -0.008618 -0.680749 0.732515 -0.001729 -0.748692 0.659696 -0.065278 -0.039416 0.760221 0.648467 -0.005063 0.682317 0.731039 -0.028438 0.736356 0.675997 -0.064902 0.811800 0.580318 -0.793198 0.593252 0.137439 -0.809108 0.583482 0.069955 -0.948995 0.315291 -0.000000 -0.948995 0.315291 -0.000000 -0.999904 0.006361 0.012312 -0.999961 -0.000000 0.008892 -0.999760 -0.000082 0.021891 -0.998731 0.041669 0.028294 -0.999998 0.002010 -0.000000 
						-0.948995 0.315291 -0.000000 -0.948995 0.315291 -0.000000 -1.000000 0.000937 0.000285 -0.999999 0.001238 -0.000076 0.553173 0.022133 0.832773 0.887290 0.180698 0.424340 0.599560 0.170832 0.781885 0.570562 0.198142 0.796993 0.568085 0.408802 0.714255 0.625841 0.393537 0.673388 0.999999 -0.000801 -0.001361 1.000000 0.000000 0.000000 0.968291 0.249821 -0.001483 0.999989 -0.004474 -0.001247 0.999820 -0.018959 -0.000069 -0.999131 0.041687 -0.000000 0.098496 0.389257 0.915848 0.099125 0.378885 0.920120 -0.791141 -0.609081 -0.055824 -0.000000 0.979807 0.199943 -0.021362 -0.898900 0.437632 -0.000124 -0.975960 0.217951 -0.150111 -0.961874 0.228617 -0.150111 -0.961874 0.228617 -0.000124 -0.975960 0.217951 0.000180 -0.999586 0.028761 -0.307383 -0.951133 0.029363 -0.997534 0.032034 0.062443 -0.997395 0.029713 0.065732 0.011664 -0.999932 -0.000986 0.013633 -0.999907 0.000001 0.010041 -0.999897 -0.010294 0.010370 -0.999937 -0.004367 -1.000000 -0.000000 0.000000 -1.000000 -0.000000 0.000000 -1.000000 -0.000000 0.000000 -1.000000 -0.000000 0.000001 -0.010832 0.999941 0.001288 -0.010599 0.999944 0.000136 -0.010896 0.999932 0.004250 -0.011384 0.999846 0.013325 0.008543 0.999963 -0.000545 0.008540 0.999964 0.000000 0.008375 0.999960 -0.003243 0.008590 0.999916 -0.009694 -0.007962 -0.999933 0.008457 -0.008287 -0.999960 0.003454 -0.008958 -0.999960 0.000523 -0.009889 -0.999951 -0.000001 -1.000000 -0.000000 0.000000 -1.000000 -0.000000 0.000000 -1.000000 -0.000000 0.000001 -1.000000 -0.000000 0.000001 0.011732 -0.999931 -0.000251 0.012178 -0.999926 0.000002 0.010753 -0.999881 -0.011051 0.010908 -0.999931 -0.004271 -0.011344 0.999936 0.000215 -0.011595 0.999924 -0.004180 -0.011302 0.999935 -0.001195 -0.011067 0.999884 0.010509 -1.000000 0.000000 -0.000000 -1.000000 0.000000 -0.000000 -1.000000 0.000000 -0.000000 
						-1.000000 0.000000 -0.000000 -0.890387 -0.115160 0.440396 -0.920874 -0.103335 0.375917 -0.715992 -0.158561 0.679863 -0.720041 -0.118688 0.683706 -0.044547 0.329691 -0.943038 -0.045206 0.325851 -0.944340 -0.045136 0.326257 -0.944203 -0.044481 0.330071 -0.942907 -0.865016 -0.123677 0.486262 -0.845720 -0.129692 0.517627 -0.994966 -0.044461 0.089809 -0.994919 -0.043723 0.090685 -0.990710 -0.054138 0.124754 -0.874672 -0.139602 0.464178 -0.865016 -0.123677 0.486262 -0.990375 -0.054426 0.127260 -0.990805 -0.053795 0.124140 -0.990391 -0.054888 0.126937 0.000001 -0.464638 0.885501 -0.000380 -0.408344 0.912828 -0.000000 -0.658836 0.752287 -0.905902 -0.199666 0.373465 0.922552 0.361017 0.136254 0.750477 0.501431 0.430525 -0.000000 0.785469 0.618901 0.000000 0.785481 0.618886 0.092409 0.781521 0.616997 0.109336 0.779805 0.616400 0.201959 0.767729 0.608116 0.201240 0.767215 0.609002 0.762463 0.611526 0.211392 0.763709 0.601304 0.234908 0.628086 0.439103 0.642415 0.704298 0.416394 0.574962 0.327423 0.944835 0.009009 0.327422 0.944835 0.009009 0.645108 0.750686 -0.142499 0.488108 0.872515 -0.021651 0.748692 0.659696 -0.065277 0.680749 0.732515 -0.001729 0.275098 0.961378 -0.008618 -0.949047 0.315135 -0.000152 -0.679302 0.733859 -0.000000 -1.000000 -0.000118 0.000018 -0.999131 0.041686 -0.000001 -0.998797 0.040636 0.027451 -0.998768 0.041671 0.026932 -0.999131 0.041684 -0.000002 -0.999936 -0.002468 0.011077 -0.999939 -0.001548 0.010982 -0.999998 0.002010 0.000000 -0.999997 0.000531 0.002258 -0.999857 0.007722 -0.015022 -0.999999 0.001225 -0.000594 -0.949047 0.315135 -0.000152 -0.999987 -0.001109 0.004983 -0.999973 -0.000628 0.007287 0.888910 -0.004768 0.458057 0.496970 0.852865 0.160134 0.513706 0.814042 0.271000 0.516695 0.813891 0.265720 0.489519 0.864656 0.112878 0.632103 0.242735 0.735884 
						0.640306 0.123855 0.758068 0.638419 0.122130 0.759938 0.628775 0.239389 0.739821 0.570562 0.198142 0.796993 0.599560 0.170832 0.781885 0.999131 0.041682 -0.000001 0.632579 0.774495 -0.001194 0.504215 0.863573 0.002851 0.507617 0.861578 0.003023 0.634725 0.772737 -0.001320 0.917605 0.046042 0.394818 -0.002524 0.999997 0.000109 -0.002467 0.999997 0.000000 -0.998877 0.040665 0.024300 -0.998849 0.041675 0.023760 -0.999131 0.041687 -0.000000 0.089097 0.545553 0.833327 0.089028 0.548090 0.831668 -0.002440 0.999997 0.000116 -0.002451 0.999997 0.000153 -0.002414 0.999997 0.000028 -0.002406 0.999997 0.000000 -0.923496 -0.378612 -0.061715 -0.999806 -0.015404 0.012309 -0.798181 -0.595593 -0.090419 -0.942142 0.319409 0.101718 0.594962 0.786080 0.167628 -0.616718 0.756105 0.219009 0.000000 -0.993474 -0.114062 -0.337479 -0.935117 -0.108005 0.010614 -0.999944 -0.000492 0.010359 -0.999946 0.000000 -0.996827 0.029057 0.074112 -0.996997 0.031464 0.070754 -0.996200 0.027638 0.082596 -0.996370 0.030843 0.079347 0.010855 -0.999941 -0.000914 0.011206 -0.999937 -0.000304 -0.995093 -0.044524 0.088360 -0.995991 -0.019868 0.087218 0.003874 -0.999993 -0.000024 0.003914 -0.999992 -0.000000 0.003682 -0.999987 -0.003463 0.003701 -0.999992 -0.001366 -0.003731 0.999993 0.000245 -0.003855 0.999993 0.000000 -0.003805 0.999993 0.000099 -0.003687 0.999993 0.000332 -1.000000 0.000000 -0.000000 -1.000000 0.000000 -0.000000 -1.000000 0.000000 -0.000000 -0.994805 -0.043918 0.091844 -0.994856 -0.041372 0.092462 -0.991039 -0.048739 0.124363 -0.043273 0.294586 -0.954645 -0.043265 0.294533 -0.954662 -0.043344 0.295055 -0.954497 -0.043352 0.295109 -0.954480 -0.994888 -0.043301 0.091231 -0.994931 -0.043094 0.090860 -0.042128 0.302176 -0.952321 -0.042053 0.302633 -0.952179 -0.042061 0.302585 -0.952194 -0.042136 0.302127 -0.952336 
						-0.041680 -0.905514 0.422264 -0.000000 -0.906999 0.421132 -0.070470 -0.900819 0.428438 -0.993429 -0.008219 0.114154 -0.995011 0.026506 0.096179 -0.990919 -0.107837 0.080323 -0.905902 -0.199666 0.373465 -0.207600 -0.892667 0.400059 0.992925 0.006378 0.118573 0.917605 0.046042 0.394818 0.939611 0.331113 0.086578 -0.092408 0.781521 0.616997 -0.109336 0.779805 0.616400 -0.277481 0.960731 0.000000 -0.000000 1.000000 0.000000 -0.000000 1.000000 -0.000001 0.000000 1.000000 -0.000001 0.012272 0.999849 -0.012257 -0.201240 0.767215 0.609002 -0.201959 0.767728 0.608116 -0.763711 0.601303 0.234905 -0.762465 0.611524 0.211390 -0.679319 0.733843 0.000000 -0.949209 0.314645 0.000000 -0.999903 -0.006404 0.012334 -0.998717 -0.041905 0.028416 -0.999131 0.041680 -0.000005 -0.999131 0.041681 0.000003 0.065201 -0.386727 0.919887 0.065340 -0.380855 0.922323 0.057469 -0.549458 0.833543 0.057450 -0.551098 0.832460 -0.996644 0.031898 0.075384 -0.996835 0.034216 0.071757 0.080526 0.390588 0.917037 0.071277 0.546860 0.834184 0.071226 0.548901 0.832847 0.081178 0.379414 0.921659 -0.999942 -0.000000 0.010746 -0.746201 0.665719 0.001453 -0.746440 0.665453 -0.000008 -0.746440 0.665453 -0.000008 -0.746114 0.665816 0.001980 -0.999982 0.002487 -0.005525 -0.949209 0.314645 0.000000 -1.000000 0.000382 -0.000193 -0.745767 0.666182 0.005729 -0.745785 0.666161 0.005854 -0.744396 0.667688 0.008231 -0.744366 0.667721 0.008233 0.530995 -0.240946 0.812397 0.572225 -0.113172 0.812250 0.999999 0.001238 -0.000075 0.948995 0.315291 0.000000 0.948995 0.315291 0.000000 0.999998 0.002011 0.000001 1.000000 0.000938 0.000285 0.948995 0.315291 0.000000 0.948995 0.315291 0.000000 0.004646 -0.999989 0.000526 0.004018 -0.999992 -0.000000 0.004106 -0.999992 0.000165 0.003983 -0.999991 0.001674 0.003935 -0.999992 0.000042 
						0.003923 -0.999992 -0.000001 0.003975 -0.999992 0.000178 0.003992 -0.999992 0.000236 -0.088464 -0.548239 0.831630 -0.098696 -0.378819 0.920193 -0.098388 -0.387906 0.916432 -0.088390 -0.550751 0.829976 0.999131 0.041687 -0.000000 0.999835 -0.000082 0.018142 0.999975 -0.000000 0.007016 0.999925 0.006362 0.010423 0.998830 0.041673 0.024549 0.088731 -0.385758 0.918323 0.088872 -0.381180 0.920219 0.082414 -0.548530 0.832059 0.082402 -0.550862 0.830519 -0.997227 0.032426 0.066982 -0.997386 0.034655 0.063411 0.000000 -0.993301 -0.115554 -0.314632 -0.941404 -0.121513 -0.999485 0.015646 -0.028002 -0.945722 0.305835 0.109889 0.000000 0.961761 0.273891 0.127723 -0.437329 0.890185 0.355015 -0.513364 0.781295 0.149648 -0.961774 0.229338 0.307412 -0.951143 0.028735 0.000180 -0.999586 0.028761 -0.000124 -0.975960 0.217951 0.337479 -0.935117 -0.108005 0.000000 -0.993474 -0.114062 -1.000000 0.000000 -0.000000 -1.000000 0.000000 -0.000000 -0.010579 0.999944 0.000523 -0.010316 0.999947 -0.000000 -0.008412 -0.999965 0.000443 -0.008189 -0.999967 0.000000 0.008409 0.999965 -0.000220 0.008156 0.999967 -0.000649 -1.000000 0.000000 -0.000000 -1.000000 0.000000 -0.000000 -1.000000 0.000000 -0.000000 -1.000000 -0.000000 -0.000000 -0.011641 0.999902 -0.007737 -0.011267 0.999912 -0.007071 0.003665 -0.999993 -0.000327 0.003785 -0.999993 -0.000102 0.008703 -0.999962 -0.000592 0.008612 -0.999963 -0.000785 0.008878 -0.999961 -0.000221 0.008982 -0.999960 -0.000000 -0.004545 0.999990 0.000339 -0.004665 0.999989 -0.000000 -0.004633 0.999989 0.000090 -0.004518 0.999990 0.000415 -0.044542 0.302149 -0.952219 -0.044468 0.302601 -0.952079 -0.044476 0.302553 -0.952094 -0.044550 0.302101 -0.952234 -0.008737 0.999962 0.000613 -0.009001 0.999960 0.000000 -0.008913 0.999960 0.000205 -0.008661 0.999962 0.000791 -1.000000 0.000000 -0.000000 
						-1.000000 0.000000 -0.000000 -1.000000 0.000000 -0.000000 -1.000000 0.000000 -0.000000 0.004526 -0.999990 -0.000327 0.004491 -0.999990 -0.000412 0.004616 -0.999989 -0.000100 0.004656 -0.999989 -0.000000 -1.000000 0.000000 -0.000000 -1.000000 0.000000 -0.000000 -1.000000 0.000000 -0.000000 -1.000000 0.000000 -0.000000 0.081672 -0.649639 0.755843 0.041680 -0.905514 0.422264 -0.672674 -0.636052 0.378084 0.999668 -0.002200 0.025658 0.000000 1.000000 0.000000 0.277481 0.960731 -0.000000 -0.000000 1.000000 -0.000000 -0.277370 0.960763 -0.000000 -0.012272 0.999849 -0.012257 -0.999937 0.001639 0.011096 -0.999934 0.002333 0.011247 0.091788 0.003104 0.995774 0.091962 -0.001334 0.995762 -0.999131 0.041686 -0.000001 0.073875 0.001479 0.997266 0.073876 0.001025 0.997267 -0.008083 -0.999967 0.000476 -0.007947 -0.999968 -0.000000 -0.007978 -0.999968 0.000109 -0.008122 -0.999967 0.000614 -1.000000 0.000000 -0.000000 -1.000000 0.000000 -0.000000 -1.000000 0.000000 -0.000000 -1.000000 0.000000 -0.000000 -1.000000 0.000000 -0.000000 -1.000000 0.000000 -0.000000 -1.000000 0.000000 -0.000000 -0.010188 0.999948 0.000557 -0.010237 0.999947 0.000726 -0.010066 0.999949 0.000129 -0.010029 0.999950 0.000000 -0.818674 -0.000000 0.574259 -0.818674 -0.000405 0.574259 -0.818674 -0.000405 0.574259 -0.818674 -0.000000 0.574259 -0.892794 0.105416 -0.437956 -0.999725 -0.000995 -0.023440 -0.349962 0.112713 -0.929958 -0.276583 0.085077 -0.957217 -1.000000 0.000000 -0.000000 -1.000000 -0.000000 -0.000000 -0.999993 0.000163 0.003647 -0.999997 -0.000327 0.002547 -0.999970 -0.000731 0.007699 -0.999959 0.000137 0.009043 -0.999942 -0.000052 0.010790 -0.999940 -0.000475 0.010911 0.003966 -0.999985 0.003729 0.005837 -0.999983 -0.000000 0.999939 -0.001548 0.010981 0.999973 -0.000628 0.007286 0.999987 -0.001108 0.004983 0.999936 -0.002468 0.011077 
						0.999998 0.002012 0.000002 0.999997 0.000531 0.002257 0.999858 0.007717 -0.015014 1.000000 0.001012 0.000000 0.948995 0.315291 0.000000 0.948995 0.315291 0.000000 0.679302 0.733859 0.000000 1.000000 -0.000000 0.000000 1.000000 -0.000000 0.000000 1.000000 -0.000000 0.000000 1.000000 -0.000000 0.000000 1.000000 -0.000000 0.000000 1.000000 0.000000 0.000000 1.000000 0.000000 0.000000 1.000000 0.000000 0.000000 1.000000 0.000000 0.000000 1.000000 -0.000000 0.000000 1.000000 0.000000 0.000000 -0.108160 0.000509 0.994133 -0.108156 0.000619 0.994134 0.999131 0.041686 -0.000000 0.999131 0.041684 -0.000002 0.998778 0.040634 0.028139 0.998721 0.041670 0.028653 0.999131 0.041684 0.000002 1.000000 -0.000118 0.000018 0.915669 -0.388875 0.101616 0.782291 -0.422925 0.457334 0.010237 -0.999947 -0.000529 0.010084 -0.999949 -0.000000 0.010120 -0.999949 -0.000124 0.010283 -0.999947 -0.000691 -0.939325 -0.238481 -0.246567 -0.781739 -0.612902 -0.115043 -0.653222 -0.477303 -0.587779 -0.612986 0.744750 0.263809 0.616718 0.756105 0.219009 0.021173 -0.898757 0.437936 0.149648 -0.961774 0.229338 -0.000124 -0.975960 0.217951 -1.000000 0.000000 -0.000000 -1.000000 0.000000 -0.000000 0.007770 -0.999970 -0.000598 0.007731 -0.999970 -0.000719 0.007918 -0.999969 -0.000144 0.007965 -0.999968 0.000000 -0.007798 0.999969 0.000645 -0.007979 0.999968 -0.000000 -0.007943 0.999969 0.000131 -0.007769 0.999970 0.000751 -0.000000 -0.906999 0.421132 -0.041680 -0.905514 0.422264 -0.000000 -0.995404 0.095762 -0.070470 -0.900819 0.428438 -0.990919 -0.107837 0.080323 -0.747810 -0.651858 0.125940 -0.672674 -0.636052 0.378084 -0.905902 -0.199666 0.373465 -0.176891 -0.977844 0.111938 -0.207600 -0.892667 0.400059 0.929156 -0.368870 -0.024585 0.942142 0.319409 0.101718 0.999806 -0.015404 0.012309 0.277370 0.960763 0.000000 
						-0.999902 -0.013977 -0.000007 -0.999121 -0.041923 0.000000 -0.998514 -0.042042 0.034672 -0.998526 -0.041899 0.034499 -0.999121 -0.041924 -0.000004 -0.616341 -0.787479 0.000113 -0.510729 -0.859737 0.002887 -0.513865 -0.857866 0.003080 -0.618142 -0.786067 0.000008 -0.999970 0.001440 0.007649 -0.999986 0.000352 0.005338 -0.998703 0.040651 0.030666 -0.998675 0.041666 0.030215 -0.999131 0.041685 0.000001 0.070981 0.388616 0.918662 0.071224 0.382232 0.921318 0.065961 0.547209 0.834393 0.065969 0.549095 0.833152 -1.000000 0.000000 -0.000000 -1.000000 0.000000 -0.000000 -1.000000 0.000000 -0.000000 -1.000000 0.000000 -0.000000 -1.000000 0.000000 -0.000000 -1.000000 0.000000 -0.000000 -1.000000 0.000000 -0.000000 -0.818673 0.000405 0.574259 -0.818673 0.000405 0.574259 -0.277605 0.000001 -0.960695 -0.277604 0.000000 -0.960696 -0.999997 0.000000 0.002303 -1.000000 0.000000 -0.000000 -1.000000 -0.000421 0.000000 -0.999942 0.000578 0.010791 -0.999968 0.000457 0.008003 0.255070 -0.372082 0.892465 0.480768 -0.248126 0.841009 0.720041 -0.118688 0.683706 0.710834 -0.016798 0.703160 0.709478 -0.020783 0.704421 0.699394 -0.024508 0.714316 0.695544 -0.023834 0.718088 0.725393 -0.010446 0.688256 0.701049 -0.028807 0.712531 0.648489 -0.056226 0.759145 0.744397 0.667686 0.008231 0.745788 0.666158 0.005854 0.745770 0.666179 0.005729 0.744367 0.667720 0.008233 0.746201 0.665719 0.001452 0.746114 0.665815 0.001980 0.746439 0.665454 -0.000007 0.746438 0.665454 -0.000007 0.999982 0.002534 -0.005507 1.000000 0.000994 -0.000013 0.949050 0.315126 0.000000 0.949050 0.315126 0.000000 0.679319 0.733843 0.000001 -0.101470 0.379417 0.919645 -0.100958 0.388445 0.915925 0.998862 0.040663 0.024926 0.998807 0.041672 0.025459 0.999131 0.041686 0.000000 0.999942 -0.000000 0.010746 0.999131 0.041680 -0.000005 
						-0.085165 0.389083 0.917257 -0.085598 0.380440 0.920836 -0.077689 0.548620 0.832454 -0.077718 0.546407 0.833906 0.996977 0.032093 0.070755 0.996651 0.034056 0.074337 -0.057469 -0.549458 0.833543 -0.065340 -0.380855 0.922323 -0.065201 -0.386726 0.919887 -0.057449 -0.551098 0.832460 0.999131 0.041677 0.000005 0.998817 -0.041910 0.024672 0.999925 -0.006405 0.010445 0.782291 -0.422925 0.457334 0.614733 -0.724058 0.312798 0.000000 -0.974512 -0.224336 -0.166094 -0.959213 -0.228742 0.314632 -0.941404 -0.121513 0.000000 -0.993301 -0.115554 -0.984803 0.024638 0.171919 -0.914464 0.280546 0.291634 0.000000 0.943414 0.331617 0.743311 -0.664522 0.076815 0.614733 -0.724058 0.312798 0.791141 -0.609081 -0.055824 -1.000000 0.000000 -0.000000 -1.000000 0.000000 -0.000000 -1.000000 0.000000 -0.000000 -1.000000 0.000000 -0.000000 0.150753 -0.604033 0.782572 0.041680 -0.905514 0.422264 0.070470 -0.900819 0.428438 -0.999602 0.014111 0.024431 -0.999993 -0.003609 -0.000188 -0.991836 -0.127520 0.000001 -0.007487 0.999972 0.000576 -0.007685 0.999970 -0.000000 -0.007638 0.999971 0.000136 -0.007438 0.999972 0.000719 0.923496 -0.378612 -0.061715 0.945722 0.305835 0.109889 0.999485 0.015646 -0.028002 -0.999121 -0.041930 -0.000008 -0.999121 -0.041925 0.000002 0.038255 -0.389395 0.920276 0.038318 -0.384008 0.922534 0.035536 -0.549965 0.834432 0.035512 -0.548951 0.835100 -0.994898 -0.042897 0.091315 -0.994942 -0.042687 0.090935 0.028354 0.550925 0.834073 0.028419 0.550114 0.834606 0.033295 0.382828 0.923220 0.033202 0.384761 0.922419 -1.000000 -0.000005 0.000002 -1.000000 -0.000000 0.000000 -1.000000 -0.000000 0.000000 -1.000000 0.000000 -0.000000 -0.991814 -0.127691 0.000002 -0.745766 -0.666183 0.005729 -0.744367 -0.667720 0.008233 -0.744397 -0.667687 0.008231 -0.745784 -0.666162 0.005854 -0.999999 0.000109 0.001733 
						-0.999999 -0.001306 -0.000000 -0.495745 -0.861151 0.112498 -0.503076 -0.849401 0.159472 -0.999131 0.041681 0.000000 0.053959 -0.383867 0.921810 0.053889 -0.383765 0.921857 0.050905 -0.549657 0.833838 0.050933 -0.551103 0.832881 -0.996021 0.030501 0.083738 -0.996196 0.033708 0.080359 0.007906 0.999969 -0.000492 0.008086 0.999967 0.000000 0.008044 0.999968 -0.000115 0.007857 0.999969 -0.000625 -1.000000 0.000000 -0.000000 -1.000000 0.000000 -0.000000 -0.330697 -0.050204 -0.942401 -0.277618 0.003242 -0.960686 -0.746201 -0.665719 0.001453 -0.746114 -0.665816 0.001980 -0.746441 -0.665451 -0.000008 -0.746441 -0.665451 -0.000008 0.149830 0.304393 -0.940689 0.151162 0.299420 -0.942071 0.142287 0.332085 -0.932456 0.141142 0.336221 -0.931147 1.000000 0.000000 0.000000 1.000000 0.000000 0.000000 0.818673 -0.000000 0.574260 0.818673 -0.000000 0.574260 0.818673 -0.000405 0.574260 0.818673 -0.000405 0.574259 0.999942 -0.000052 0.010790 0.999959 0.000137 0.009044 0.999970 -0.000732 0.007699 0.999940 -0.000474 0.010911 0.999993 0.000163 0.003649 1.000000 -0.000000 -0.000000 1.000000 0.000000 -0.000000 0.999997 -0.000326 0.002547 0.350015 0.112754 -0.929933 0.999725 -0.000814 -0.023427 0.892827 0.105555 -0.437857 0.276649 0.085093 -0.957196 1.000000 -0.000036 -0.000020 -0.092461 0.547916 0.831408 -0.092516 0.545282 0.833132 0.997225 0.034506 0.065973 0.997516 0.032610 0.062444 -0.075942 -0.548799 0.832498 -0.084428 -0.380147 0.921065 -0.084141 -0.386965 0.918248 -0.075905 -0.550957 0.831074 0.999937 0.001639 0.011096 -0.091822 0.001517 0.995774 -0.091948 0.000192 0.995764 1.000000 0.000000 0.000000 1.000000 0.000000 0.000000 1.000000 0.000000 0.000000 1.000000 0.000000 0.000000 1.000000 -0.000000 0.000002 1.000000 0.000000 0.000000 1.000000 0.000000 0.000002 -0.001824 0.999998 -0.000100 
						-0.001795 0.999998 0.000000 -0.001802 0.999998 -0.000023 -0.001833 0.999998 -0.000130 0.007978 -0.999968 0.000109 0.007947 -0.999968 -0.000000 0.008083 -0.999967 0.000476 0.008122 -0.999967 0.000614 1.000000 0.000000 0.000000 1.000000 0.000000 0.000005 1.000000 -0.000000 0.000000 1.000000 0.000000 0.000000 1.000000 0.000000 0.000000 1.000000 0.000000 0.000000 1.000000 0.000000 0.000000 -0.073876 0.001025 0.997267 -0.073875 0.001479 0.997266 0.999131 0.041686 -0.000001 0.999934 0.002333 0.011247 -0.905676 -0.204435 -0.371425 0.000000 -0.964723 -0.263267 -0.305704 -0.923921 -0.230032 -0.502076 -0.378159 -0.777763 0.166094 -0.959213 -0.228742 0.000000 -0.974512 -0.224336 -0.574287 0.655453 0.490485 -0.981470 -0.142200 0.128438 0.612986 0.744750 0.263809 0.798181 -0.595593 -0.090419 0.070470 -0.900819 0.428438 -0.999663 -0.025949 -0.000250 -0.740023 -0.672581 -0.000838 -0.991836 -0.127520 0.000001 0.035257 0.387419 0.921229 0.030453 0.550079 0.834557 0.030453 0.550090 0.834550 0.035365 0.382814 0.923148 -0.175412 -0.984494 -0.001154 -0.000000 -1.000000 -0.000749 0.939325 -0.238481 -0.246567 -0.999121 -0.041921 0.000002 0.039450 -0.001072 0.999221 0.039409 -0.002818 0.999219 -0.999121 -0.041921 -0.000003 0.039799 -0.003338 0.999202 0.039731 -0.000548 0.999210 0.004339 -0.999991 -0.000319 0.004312 -0.999991 -0.000396 0.004421 -0.999990 -0.000074 0.004446 -0.999990 0.000000 -1.000000 0.000000 -0.000000 -1.000000 0.000000 -0.000000 -1.000000 0.000000 -0.000000 -1.000000 0.000000 -0.000000 -1.000000 0.000000 -0.000000 -1.000000 0.000000 -0.000000 -1.000000 0.000000 -0.000000 -0.008370 0.999965 0.000611 -0.008575 0.999963 0.000000 -0.008528 0.999964 0.000141 -0.008320 0.999965 0.000759 -1.000000 0.000000 -0.000000 -1.000000 0.000000 -0.000000 -1.000000 0.000000 -0.000000 -1.000000 0.000000 -0.000000 
						-1.000000 0.000000 -0.000000 -1.000000 0.000000 -0.000000 -1.000000 0.000000 -0.000000 -0.519610 -0.810662 0.269873 -0.522568 -0.810504 0.264587 -0.633921 -0.242287 0.734467 -0.641354 -0.124277 0.757113 -0.639462 -0.121322 0.759190 -0.630584 -0.238938 0.738426 -0.597858 -0.131202 0.790792 -0.626961 -0.097489 0.772926 -0.744589 -0.667523 0.000005 -0.991814 -0.127691 0.000002 -0.999539 0.030341 0.000549 0.053929 0.004733 0.998534 0.053992 -0.001364 0.998541 0.010515 -0.999944 -0.000704 0.010455 -0.999945 -0.000880 0.010702 -0.999943 -0.000161 0.010758 -0.999942 -0.000000 -1.000000 0.000048 -0.000026 -1.000000 0.000421 -0.000000 -0.723128 -0.531793 -0.440773 -0.746368 -0.665303 -0.017506 -0.999857 -0.007723 -0.015023 -0.999999 -0.001238 -0.000076 0.484878 -0.423605 0.765149 0.874672 -0.139601 0.464177 0.865015 -0.123677 0.486265 0.845717 -0.129692 0.517632 0.715991 -0.158560 0.679864 0.701049 -0.028807 0.712531 0.904196 -0.019119 0.426690 0.884222 -0.024734 0.466411 0.648489 -0.056226 0.759145 0.056235 0.303758 -0.951088 0.056486 0.302408 -0.951504 0.054074 0.315354 -0.947432 0.053861 0.316491 -0.947065 0.907603 -0.011371 0.419676 0.884930 -0.024598 0.465075 0.709478 -0.020783 0.704421 0.710834 -0.016798 0.703160 0.084278 0.304127 -0.948896 0.084778 0.301810 -0.949591 0.080640 0.320856 -0.943689 0.080214 0.322800 -0.943062 0.699394 -0.024508 0.714316 0.904740 -0.018981 0.425541 0.883932 -0.021352 0.467127 0.695544 -0.023834 0.718088 -0.002052 0.999995 -0.002270 -0.001939 0.999998 -0.000232 -0.002086 0.999996 -0.001981 0.116839 0.304306 -0.945382 0.117661 0.300800 -0.946401 0.111500 0.326822 -0.938486 0.110796 0.329754 -0.937543 -0.004281 0.999990 -0.001603 -0.004103 0.999992 -0.000049 -0.004239 0.999991 -0.000783 -0.004681 0.999974 -0.005479 0.818673 0.000405 0.574259 0.818673 0.000405 0.574259 
						0.999942 0.000579 0.010791 0.999968 0.000457 0.008003 0.999997 -0.000000 0.002303 1.000000 -0.000000 0.000000 0.277656 0.000000 -0.960681 0.277656 0.000000 -0.960681 1.000000 -0.000330 0.000000 -0.004093 0.999992 -0.000176 -0.004001 0.999992 -0.000000 -0.003956 0.999992 -0.000188 -0.003901 0.999992 0.000000 -0.003914 0.999992 -0.000045 -0.003973 0.999992 -0.000249 0.001812 -0.999998 0.000022 0.001805 -0.999998 -0.000000 0.001833 -0.999998 0.000095 0.001841 -0.999998 0.000124 -0.070981 0.388621 0.918659 -0.071224 0.382232 0.921318 -0.065969 0.549095 0.833152 -0.065961 0.547219 0.834386 0.998679 0.040649 0.031425 0.998624 0.041665 0.031860 0.999131 0.041686 -0.000001 0.999121 -0.041923 -0.000002 0.998514 -0.042043 0.034681 0.998514 -0.041897 0.034856 0.999121 -0.041923 0.000001 0.999902 -0.013977 -0.000698 0.514155 -0.857692 0.003063 0.510728 -0.859738 0.002887 0.638324 -0.769767 -0.001191 0.640473 -0.767980 -0.001320 0.999986 0.000351 0.005337 0.999970 0.001440 0.007648 0.000000 -0.433616 -0.901098 0.000000 -0.434452 -0.900695 0.305704 -0.923921 -0.230032 0.000000 -0.964723 -0.263267 -0.791803 0.150982 0.591821 0.000000 0.819653 0.572860 -0.836054 -0.049100 0.546445 0.207600 -0.892668 0.400059 -0.999121 -0.041923 -0.000001 0.041349 -0.001339 0.999144 0.041371 -0.000967 0.999143 -1.000000 0.000000 -0.000000 -1.000000 0.000000 -0.000000 -1.000000 0.000000 -0.000000 -1.000000 0.000000 -0.000000 -1.000000 0.000000 -0.000000 -1.000000 0.000000 -0.000000 -1.000000 0.000000 -0.000000 -0.001434 -0.999998 -0.001478 -0.000002 -0.999999 -0.001115 0.040857 -0.999116 -0.009884 0.027594 -0.999619 0.001135 -0.216457 -0.976291 -0.001317 -0.041854 -0.999123 -0.001592 -0.033217 -0.999448 0.000460 0.018170 -0.998565 0.050381 -0.001416 -0.999928 0.011918 0.000735 -0.999939 0.011045 0.000285 -0.999928 0.011953 
						0.653222 -0.477303 -0.587779 0.781739 -0.612902 -0.115044 0.914464 0.280546 0.291634 0.984803 0.024638 0.171919 0.039555 -0.384386 0.922325 0.039463 -0.388894 0.920437 -0.998523 -0.042161 0.034274 -0.998542 -0.041897 0.034029 -0.999121 -0.041922 0.000002 -0.998500 -0.042125 0.034970 -0.998517 -0.041898 0.034759 0.035108 0.384416 0.922492 0.035085 0.383197 0.923000 0.030877 0.550975 0.833950 0.030863 0.550097 0.834530 0.037437 -0.549926 0.834374 0.037407 -0.548858 0.835079 -0.980589 -0.196076 -0.000000 -0.980589 -0.196076 -0.000000 -0.999998 -0.002010 -0.000000 -0.674931 -0.207654 0.708059 -0.729500 -0.193559 0.656022 -0.626961 -0.097489 0.772926 -0.597858 -0.131202 0.790792 -0.284370 -0.958713 0.001619 -0.999998 -0.002010 0.000000 -0.999077 -0.026661 0.033675 0.045536 0.390517 0.919469 0.045873 0.381789 0.923110 -1.000000 0.000000 -0.000000 -1.000000 0.000000 -0.000000 -1.000000 0.000000 -0.000000 -1.000000 0.000000 -0.000000 -1.000000 0.000000 -0.000000 -1.000000 0.000000 -0.000000 -1.000000 0.000000 -0.000000 -0.999982 -0.002476 -0.005512 -1.000000 -0.001012 0.000000 0.905902 -0.199666 0.373464 0.001798 -0.999997 0.001843 0.002441 -0.999997 0.000000 0.002088 -0.999998 0.000177 0.001857 -0.999998 0.000782 0.997523 0.029917 0.063670 0.997246 0.031858 0.066980 0.990710 -0.054137 0.124750 0.990392 -0.054886 0.126930 0.990841 -0.053614 0.123934 0.990393 -0.054512 0.127084 0.865015 -0.123677 0.486265 0.874672 -0.139601 0.464177 0.994954 -0.044759 0.089790 0.845717 -0.129692 0.517632 0.865015 -0.123677 0.486265 0.994939 -0.043547 0.090554 0.051112 0.323738 -0.944765 0.051222 0.323024 -0.945004 0.050170 0.329839 -0.942703 0.050066 0.330514 -0.942472 0.715991 -0.158560 0.679864 0.921065 -0.102970 0.375548 0.890499 -0.115384 0.440112 0.720041 -0.118688 0.683706 -0.009618 0.999915 -0.008812 
						-0.009979 0.999941 -0.004180 -0.010218 0.999948 -0.000194 -0.009968 0.999906 -0.009465 1.000000 0.000000 0.000000 1.000000 -0.000000 0.000000 1.000000 -0.000000 0.000000 1.000000 0.000000 0.000000 0.010567 -0.999944 0.000227 0.009825 -0.999944 0.003847 0.009686 -0.999904 0.009955 0.010969 -0.999940 0.000001 -0.008519 0.999958 -0.003384 -0.008394 0.999965 -0.000114 -0.008543 0.999963 -0.000545 -0.008590 0.999916 -0.009694 1.000000 0.000000 0.000000 1.000000 -0.000000 0.000000 1.000000 -0.000000 0.000000 1.000000 0.000000 0.000000 0.008958 -0.999960 0.000523 0.008287 -0.999960 0.003454 0.007962 -0.999933 0.008457 0.009889 -0.999951 -0.000001 -0.001951 0.999998 -0.000761 -0.001897 0.999998 -0.000025 1.000000 -0.000000 0.000000 1.000000 -0.000000 0.000000 1.000000 0.000000 0.000000 1.000000 0.000000 0.000000 0.745769 -0.666180 0.005729 0.745787 -0.666159 0.005854 0.744397 -0.667687 0.008231 0.744367 -0.667720 0.008233 0.746440 -0.665453 -0.000007 0.746114 -0.665815 0.001980 0.746201 -0.665719 0.001452 0.746440 -0.665453 -0.000007 0.330746 -0.050221 -0.942383 0.277669 0.003217 -0.960671 1.000000 0.000000 0.000000 1.000000 0.000010 0.000011 -0.008044 0.999968 -0.000115 -0.008086 0.999967 0.000000 -0.007906 0.999969 -0.000492 -0.007857 0.999969 -0.000625 0.999131 0.041683 -0.000000 0.996347 0.031564 0.079349 0.996011 0.032048 0.083278 -0.039966 -0.549914 0.834265 -0.046322 -0.381919 0.923034 -0.046260 -0.385765 0.921436 -0.039966 -0.551059 0.833509 0.999121 -0.041926 -0.000004 -0.034163 0.383046 0.923097 -0.029675 0.550093 0.834576 -0.029609 0.550941 0.834019 -0.034083 0.384550 0.922475 0.994938 -0.042926 0.090859 0.994914 -0.042663 0.091247 -0.032418 -0.550026 0.834518 -0.036152 -0.383464 0.922848 -0.036037 -0.390074 0.920078 -0.032401 -0.549100 0.835128 0.999121 -0.041925 0.000001 
						1.000000 0.000000 -0.000001 1.000000 0.000001 -0.000002 0.999999 0.000874 -0.000995 0.991836 -0.127510 -0.001412 0.991847 -0.127435 -0.000892 0.999820 0.018961 -0.000069 0.495745 -0.861151 0.112497 0.503077 -0.849401 0.159471 0.999999 -0.001306 0.000001 0.999999 0.000109 0.001733 -0.539979 -0.515706 -0.665184 -0.490892 0.076750 0.867833 -0.524792 0.383986 0.759703 -0.000000 0.466316 0.884618 0.574287 0.655452 0.490485 -0.835111 -0.194892 0.514400 -0.498984 -0.120636 0.858174 -0.894863 -0.437270 -0.089527 0.176891 -0.977844 0.111938 0.207600 -0.892668 0.400059 0.175497 -0.984479 -0.001292 -0.000000 -1.000000 -0.000749 0.041023 -0.384206 0.922336 0.040918 -0.388999 0.920329 0.981470 -0.142200 0.128438 0.905676 -0.204435 -0.371426 0.502076 -0.378159 -0.777763 -0.994947 -0.043369 0.090554 -0.995012 -0.043538 0.089754 0.037589 0.384466 0.922373 0.033309 0.551007 0.833836 0.033296 0.550055 0.834464 0.037625 0.383117 0.922933 -0.999121 -0.041922 0.000000 0.038589 -0.549920 0.834325 0.038559 -0.548801 0.835063 -0.994855 -0.040544 0.092847 -0.994853 -0.043104 0.091705 -0.004363 0.999990 0.000320 -0.004472 0.999990 -0.000000 -0.004446 0.999990 0.000075 -0.004337 0.999991 0.000398 0.008324 -0.999965 -0.000608 0.008275 -0.999966 -0.000754 0.008480 -0.999964 -0.000139 0.008526 -0.999964 -0.000000 -0.980589 -0.196076 0.000000 -0.687490 -0.726191 -0.002052 -0.687720 -0.725970 0.003017 -0.980589 -0.196076 -0.000000 -0.980589 -0.196076 -0.000000 -0.133838 -0.760234 0.635714 -0.134481 -0.776335 0.615807 -0.257684 -0.728124 0.635164 -0.252021 -0.727248 0.638432 -0.999121 -0.041925 0.000001 -0.998550 -0.042108 0.033548 0.039286 0.549306 0.834697 0.039285 0.549898 0.834308 -1.000000 -0.000990 -0.000016 0.991039 -0.048738 0.124363 0.905902 -0.199666 0.373464 0.993363 -0.008780 0.114682 0.001855 -0.999998 -0.000000 
						0.001900 -0.999998 0.000088 0.994810 -0.044084 0.091703 0.994850 -0.040651 0.092849 0.040218 0.302613 -0.952264 0.040210 0.302660 -0.952250 0.040285 0.302219 -0.952387 0.040293 0.302172 -0.952401 0.994913 -0.043337 0.090941 0.994891 -0.043063 0.091314 0.042551 0.294603 -0.954672 0.042627 0.295114 -0.954511 0.042619 0.295061 -0.954527 0.042543 0.294551 -0.954688 0.020532 0.999789 0.000534 0.020802 0.999784 0.000000 0.020133 0.999796 0.001321 0.019896 0.999801 0.001790 1.000000 -0.000000 0.000000 1.000000 0.000000 0.000000 1.000000 -0.000000 0.000000 -0.023003 -0.999242 0.031393 -0.019972 -0.999773 -0.007372 -0.019902 -0.999638 -0.018092 -0.025478 -0.997509 0.065776 0.995974 -0.020185 0.087342 0.995091 -0.044069 0.088614 0.996337 0.028642 0.080576 0.996100 0.029235 0.083250 0.010094 -0.999949 0.000273 0.009778 -0.999952 0.000823 0.996975 0.029273 0.072004 0.996664 0.031275 0.075383 0.999999 -0.001238 -0.000075 0.999858 -0.007717 -0.015014 0.723153 -0.531841 -0.440676 0.746367 -0.665305 -0.017495 1.000000 0.000328 0.000012 1.000000 0.000028 0.000021 0.999539 0.030339 0.000548 -0.053990 0.001228 0.998541 -0.053993 0.002083 0.998539 0.009640 -0.999954 0.000145 0.009417 -0.999955 0.000793 0.009472 -0.999955 0.000634 0.009690 -0.999953 -0.000000 0.999121 -0.041922 0.000001 -0.039446 -0.000774 0.999221 -0.039405 -0.003128 0.999219 1.000000 0.000000 0.000000 1.000000 0.000000 0.000000 1.000000 0.000000 0.000000 1.000000 0.000000 0.000000 1.000000 0.000000 0.000000 1.000000 0.000000 0.000000 1.000000 0.000000 0.000000 0.006194 0.999981 0.000102 0.006229 0.999981 0.000000 0.006080 0.999981 0.000444 0.006044 0.999982 0.000552 0.001368 -0.999999 0.000023 0.001335 -0.999999 0.000122 0.001343 -0.999999 0.000098 0.001376 -0.999999 0.000000 1.000000 0.000000 0.000000 
						1.000000 0.000000 0.000000 1.000000 0.000000 0.000000 1.000000 0.000000 0.000000 1.000000 0.000000 0.000000 1.000000 0.000000 0.000000 1.000000 0.000000 0.000000 -0.039729 0.000185 0.999210 -0.039779 -0.004095 0.999200 0.999121 -0.041921 -0.000002 0.999993 -0.003610 -0.000188 0.999602 0.014111 0.024431 0.990918 -0.107837 0.080323 0.522568 -0.810504 0.264586 0.519611 -0.810662 0.269872 0.000000 -0.632058 -0.774921 0.000000 -0.433616 -0.901098 0.000000 -0.434452 -0.900695 0.524792 0.383986 0.759703 -0.492517 -0.275584 0.825518 -0.797956 -0.442112 0.409638 0.672674 -0.636052 0.378084 0.001436 -0.999998 -0.001480 -0.040552 -0.999130 -0.009757 -0.027493 -0.999621 0.001171 -0.000285 -0.999928 0.011953 -0.000735 -0.999939 0.011045 0.001415 -0.999928 0.011923 -0.018170 -0.998565 0.050381 0.033217 -0.999448 0.000460 0.041913 -0.999120 -0.001651 0.216941 -0.976183 -0.001660 0.747810 -0.651858 0.125940 0.740128 -0.672465 -0.001419 0.007462 -0.999972 -0.000552 0.007416 -0.999972 -0.000689 0.007607 -0.999971 -0.000130 0.007651 -0.999971 0.000000 -0.029415 -0.732438 0.680198 -0.017767 -0.763198 0.645920 0.586131 -0.738254 0.333814 0.664889 -0.738900 0.109314 0.638422 -0.745307 0.192185 0.594956 -0.718907 0.359443 -0.557311 -0.812687 0.170129 -0.640320 -0.763677 0.082390 -0.320734 -0.863578 0.389053 -0.320297 -0.871742 0.370778 0.791803 0.150982 0.591821 0.836054 -0.049100 0.546445 0.042175 -0.000446 0.999110 0.042126 -0.003348 0.999107 -0.003566 0.999994 0.000257 -0.003652 0.999993 0.000000 -0.003632 0.999994 0.000059 -0.003545 0.999994 0.000319 -0.980606 -0.195987 0.000000 -0.980589 -0.196076 0.000000 -0.685902 -0.727694 0.000000 -0.163207 -0.986551 -0.009000 -0.301487 -0.953438 -0.007823 -0.327423 -0.944835 0.009008 -0.327424 -0.944835 0.009007 -0.327423 -0.944835 0.009007 0.040116 -0.389458 0.920170 
						0.040250 -0.383771 0.922551 0.037095 -0.549923 0.834391 0.037073 -0.548874 0.835082 -0.995098 -0.043916 0.088613 -0.995954 -0.019183 0.087796 -0.010900 0.999914 -0.007298 -0.011161 0.999905 -0.008060 -0.011102 0.999907 -0.007886 -0.010835 0.999916 -0.007108 1.000000 -0.000000 0.000000 1.000000 -0.000000 0.000000 0.046847 0.302518 -0.951992 0.046839 0.302568 -0.951976 0.046914 0.302089 -0.952125 0.046922 0.302038 -0.952140 -0.001434 0.999999 -0.000028 -0.001443 0.999999 -0.000000 -0.001406 0.999999 -0.000105 -0.001398 0.999999 -0.000129 1.000000 0.000000 0.000000 1.000000 0.000000 0.000000 1.000000 0.000000 0.000000 1.000000 0.000000 0.000000 0.001400 -0.999999 0.000101 0.001441 -0.999999 0.000000 0.001429 -0.999999 0.000031 0.001390 -0.999999 0.000128 0.006474 0.999979 0.000149 0.006538 0.999979 0.000000 0.006347 0.999980 0.000446 0.006291 0.999980 0.000574 1.000000 -0.000000 0.000000 1.000000 0.000000 0.000000 1.000000 -0.000000 0.000000 1.000000 -0.000000 0.000000 -0.006322 -0.999980 -0.000430 -0.006525 -0.999979 -0.000000 -0.006449 -0.999979 -0.000160 -0.006255 -0.999980 -0.000570 1.000000 0.000000 0.000000 1.000000 -0.000000 0.000000 -0.020423 -0.999791 -0.000549 -0.019777 -0.999803 -0.001761 -0.009602 0.999919 -0.008325 -0.009293 0.999917 -0.008875 -0.008385 0.999965 -0.000470 -0.008156 0.999967 0.000000 1.000000 -0.000000 0.000000 1.000000 -0.000000 0.000000 0.008189 -0.999967 0.000000 0.008412 -0.999965 0.000443 -0.001894 0.999998 -0.000094 -0.001847 0.999998 -0.000000 0.999998 -0.002011 0.000000 0.980589 -0.196077 0.000000 0.980589 -0.196076 0.000000 1.000000 -0.001012 0.000000 0.999982 -0.002533 -0.005501 0.999063 -0.026868 0.033925 -0.053421 0.383632 0.921940 -0.053306 0.388158 0.920050 1.000000 0.000000 0.000000 1.000000 0.000000 0.000000 1.000000 0.000000 0.000000 
						1.000000 0.000000 0.000000 1.000000 0.000000 0.000000 1.000000 0.000000 0.000000 1.000000 0.000000 0.000000 -0.038684 -0.384172 0.922451 -0.038578 -0.389175 0.920356 0.999121 -0.041921 0.000001 0.998521 -0.042160 0.034327 0.998523 -0.041898 0.034578 -0.036188 -0.549952 0.834412 -0.036161 -0.548919 0.835093 -0.037302 0.383884 0.922627 -0.037254 0.383723 0.922697 -0.033991 0.550044 0.834444 -0.034011 0.551012 0.833804 0.998498 -0.042125 0.035042 0.998500 -0.041897 0.035252 0.999121 -0.041922 -0.000001 0.999663 -0.025949 -0.000251 -0.032386 0.388197 0.921007 -0.032575 0.382104 0.923545 -0.026408 0.550154 0.834646 -0.026408 0.550142 0.834653 0.990918 -0.107837 0.080323 0.991847 -0.127435 -0.000892 0.999998 -0.002012 0.000002 -0.553368 -0.769806 -0.318093 0.539979 -0.515707 -0.665184 0.000000 -0.632058 -0.774921 -0.000000 0.136641 0.990621 -0.000000 -0.124899 0.992169 -0.524534 -0.805310 0.276296 -0.460148 -0.532723 0.710260 0.672674 -0.636052 0.378084 0.284365 -0.958715 0.001170 0.744399 -0.667734 -0.001169 0.063030 -0.851268 0.520931 -0.062553 -0.862247 0.502610 -0.278385 -0.861458 0.424726 -0.292091 -0.862770 0.412687 -0.552683 -0.811798 0.188482 -0.632333 -0.771268 0.072807 -0.048975 -0.835296 0.547615 -0.112311 -0.863219 0.492177 -0.000000 -0.812156 0.583441 -0.000000 -0.813072 0.582163 0.490893 0.076750 0.867833 0.498984 -0.120636 0.858174 0.835111 -0.194892 0.514400 0.894863 -0.437270 -0.089527 -1.000000 0.000000 -0.000000 -1.000000 0.000000 -0.000000 -1.000000 0.000000 -0.000000 -1.000000 0.000000 -0.000000 -1.000000 0.000000 -0.000000 -1.000000 0.000000 -0.000000 -1.000000 0.000000 -0.000000 -0.980606 -0.195987 0.000000 -0.685923 -0.727674 0.000001 -0.166022 -0.986122 0.000000 0.689163 -0.719292 0.087598 0.662591 -0.737742 0.129268 0.003546 -0.999994 -0.000253 0.003526 -0.999994 -0.000314 
						0.003611 -0.999994 -0.000057 0.003630 -0.999994 -0.000000 0.905902 -0.199666 0.373464 0.015771 0.999876 0.000260 0.015844 0.999875 0.000000 0.015484 0.999879 0.001280 0.015425 0.999880 0.001491 1.000000 0.000000 0.000000 1.000000 0.000000 0.000000 1.000000 0.000000 0.000000 1.000000 0.000000 0.000000 -0.015429 -0.999880 -0.001188 -0.015816 -0.999875 -0.000000 -0.015723 -0.999876 -0.000286 -0.015351 -0.999881 -0.001427 1.000000 -0.000000 0.000000 1.000000 -0.000000 0.000000 0.626962 -0.097489 0.772926 0.597858 -0.131202 0.790792 0.641355 -0.124277 0.757112 0.639464 -0.121322 0.759188 0.980589 -0.196077 0.000000 0.687720 -0.725970 0.003017 0.687490 -0.726192 -0.002051 0.980589 -0.196076 0.000000 0.980589 -0.196076 0.000000 1.000000 -0.001013 0.000000 0.998550 -0.041900 0.033791 0.999121 -0.041925 0.000000 -0.050193 0.549615 0.833909 -0.050180 0.548869 0.834401 0.999121 -0.041922 0.000000 -0.031535 0.385928 0.921990 -0.031703 0.381636 0.923769 -0.024707 0.550187 0.834676 -0.024706 0.550892 0.834211 0.994976 -0.042962 0.090423 0.995011 -0.044067 0.089503 -0.006160 -0.999981 -0.000101 -0.006011 -0.999982 -0.000548 -0.006046 -0.999982 -0.000442 -0.006193 -0.999981 -0.000000 -0.001376 0.999999 -0.000024 -0.001384 0.999999 -0.000000 -0.001350 0.999999 -0.000099 -0.001342 0.999999 -0.000124 0.994949 -0.039626 0.092226 0.994847 -0.043467 0.091597 -0.042623 -0.549817 0.834197 -0.043841 -0.384888 0.921921 -0.043772 -0.388112 0.920572 -0.042582 -0.548593 0.835004 -0.041344 -0.000343 0.999145 -0.041394 -0.001936 0.999141 1.000000 0.000000 0.000000 1.000000 0.000000 0.000000 1.000000 0.000000 0.000000 1.000000 0.000000 0.000000 1.000000 0.000000 0.000000 1.000000 0.000000 0.000000 1.000000 0.000000 0.000000 0.015166 0.999885 0.000270 0.015259 0.999884 -0.000000 0.014866 0.999889 0.001144 
						0.014768 0.999890 0.001428 0.991836 -0.127510 -0.001412 0.633923 -0.242286 0.734465 0.630586 -0.238937 0.738424 0.000000 -0.952955 -0.303114 0.000000 -0.321652 0.946858 0.320735 -0.863579 0.389052 0.640321 -0.763676 0.082390 0.557311 -0.812687 0.170129 0.320297 -0.871742 0.370778 0.048975 -0.835296 0.547615 0.112311 -0.863219 0.492177 0.492517 -0.275584 0.825518 0.797956 -0.442112 0.409638 -0.165957 -0.986133 0.000001 0.000000 -1.000000 0.000311 0.000000 -1.000000 -0.000000 -0.000000 -1.000000 0.000352 0.000000 -1.000000 0.000000 0.012272 -0.999849 -0.012257 0.616511 -0.766391 0.180443 0.618819 -0.759159 0.201842 0.626962 -0.097489 0.772926 0.729500 -0.193559 0.656022 0.674931 -0.207654 0.708059 0.597858 -0.131202 0.790792 0.980589 -0.196076 0.000000 0.685902 -0.727693 0.000001 0.327423 -0.944835 0.009008 0.327424 -0.944835 0.009006 0.327423 -0.944835 0.009008 0.301487 -0.953438 -0.007823 0.163203 -0.986551 -0.009000 0.980606 -0.195988 0.000000 0.995955 -0.019496 0.087708 0.995136 -0.043470 0.088398 -0.045648 -0.549732 0.834093 -0.046223 -0.385240 0.921658 -0.046164 -0.387576 0.920681 -0.045600 -0.548420 0.834959 -0.009157 0.999924 -0.008203 -0.009206 0.999925 -0.008060 -0.008991 0.999922 -0.008688 -0.008938 0.999921 -0.008844 -0.042219 -0.002485 0.999105 -0.042138 -0.001278 0.999111 0.019598 0.999808 0.000316 0.019704 0.999806 0.000000 0.019240 0.999814 0.001386 0.019128 0.999816 0.001721 -0.015104 -0.999886 -0.000258 -0.014724 -0.999891 -0.001368 -0.014817 -0.999890 -0.001097 -0.015193 -0.999885 -0.000000 0.553368 -0.769806 -0.318093 0.000000 -0.952955 -0.303114 0.000000 -0.948235 0.317569 -0.000000 -0.124899 0.992169 -0.000000 -0.618802 0.785547 0.000000 -0.321652 0.946858 0.278385 -0.861458 0.424725 0.062554 -0.862249 0.502607 -0.063030 -0.851270 0.520929 0.292092 -0.862770 0.412687 
						0.552684 -0.811797 0.188482 0.632334 -0.771267 0.072807 0.017767 -0.763197 0.645921 0.029414 -0.732437 0.680199 0.133837 -0.760233 0.635715 0.134480 -0.776334 0.615809 -0.638423 -0.745306 0.192185 -0.664891 -0.738899 0.109314 -0.586132 -0.738252 0.333815 -0.594957 -0.718906 0.359444 0.174341 -0.845032 0.505495 0.087255 -0.843990 0.529214 0.179356 -0.848826 0.497319 -0.000000 -0.999985 0.005526 -0.000000 -0.999996 -0.002772 -0.004462 -0.999990 0.000439 -0.006505 -0.999964 0.005521 -0.002620 -0.999991 0.003408 -0.000000 -0.999985 0.005524 0.460148 -0.532723 0.710260 0.524534 -0.805310 0.276296 0.000000 -1.000000 0.000000 0.166022 -0.986122 0.000000 0.000000 -1.000000 -0.000000 -0.000000 -1.000000 0.000311 0.685923 -0.727674 0.000001 0.980606 -0.195988 0.000000 -0.019486 -0.999810 -0.000309 -0.019026 -0.999818 -0.001694 -0.019135 -0.999816 -0.001367 -0.019589 -0.999808 -0.000000 1.000000 0.000000 0.000000 1.000000 0.000000 0.000000 1.000000 0.000000 0.000000 1.000000 0.000000 0.000000 1.000000 0.000000 0.000000 1.000000 0.000000 0.000000 1.000000 0.000000 0.000000 0.257684 -0.728124 0.635165 0.252021 -0.727248 0.638432 -0.000000 -0.618802 0.785547 0.000000 -0.948235 0.317569 -0.689164 -0.719291 0.087598 -0.662592 -0.737741 0.129267 0.165956 -0.986133 0.000000 0.002620 -0.999991 0.003408 0.006505 -0.999964 0.005521 0.004462 -0.999990 0.000439 0.000000 -0.999985 0.005524 0.000000 -0.999985 0.005526 -0.012272 -0.999849 -0.012257 -0.087256 -0.843991 0.529212 -0.174341 -0.845033 0.505494 -0.179356 -0.848826 0.497318 -0.618820 -0.759158 0.201841 -0.616512 -0.766391 0.180440 0.000002 0.000000 -1.000000 0.000002 0.000000 -1.000000 0.000002 0.000000 -1.000000 0.000002 0.000000 -1.000000 -0.000001 -0.000004 1.000000 -0.000001 -0.000004 1.000000 -0.000001 -0.000000 1.000000 -0.000001 -0.000000 1.000000 
						-0.000001 -0.000000 1.000000 -0.000001 -0.000000 1.000000 -0.000001 -0.000000 1.000000 -0.000001 -0.000000 1.000000 0.000002 -0.000000 -1.000000 0.000002 -0.000004 -1.000000 0.000002 -0.000004 -1.000000 0.000002 0.000000 -1.000000 0.000001 -0.000004 -1.000000 0.000001 -0.000004 -1.000000 0.000001 -0.000000 -1.000000 0.000001 0.000000 -1.000000 -0.000001 -0.000000 1.000000 -0.000001 -0.000000 1.000000 -0.000001 -0.000000 1.000000 -0.000001 -0.000000 1.000000 0.000001 0.000000 -1.000000 0.000001 0.000000 -1.000000 0.000001 0.000000 -1.000000 0.000001 0.000000 -1.000000 -0.000001 -0.000000 1.000000 -0.000001 -0.000000 1.000000 -0.000001 -0.000000 1.000000 -0.000001 -0.000000 1.000000 0.000001 -0.000000 -1.000000 0.000001 0.000000 -1.000000 0.000001 -0.000000 -1.000000 0.000001 -0.000000 -1.000000 -0.000001 0.000000 1.000000 -0.000001 0.000000 1.000000 -0.000000 0.000004 1.000000 -0.000000 0.000004 1.000000 0.000001 0.000004 -1.000000 0.000000 -0.000000 -1.000000 0.000000 0.000000 -1.000000 0.000001 0.000004 -1.000000 0.000000 -0.000004 1.000000 -0.000000 -0.000004 1.000000 0.000001 -0.000000 1.000000 0.000001 0.000000 1.000000 0.000002 -0.000000 -1.000000 0.000002 0.000000 -1.000000 0.000002 -0.000000 -1.000000 0.000002 -0.000000 -1.000000 -0.000001 0.000000 1.000000 -0.000001 0.000000 1.000000 -0.000001 0.000000 1.000000 -0.000001 -0.000000 1.000000 0.000001 -0.000000 -1.000000 0.000001 0.000000 -1.000000 0.000001 -0.000000 -1.000000 0.000001 -0.000000 -1.000000 -0.000000 -0.000000 1.000000 -0.000000 0.000000 1.000000 -0.000001 -0.000004 1.000000 -0.000001 -0.000004 1.000000 -0.997625 -0.034915 0.059383 0.997409 -0.030511 0.065156 0.887290 0.180698 0.424340 0.888910 -0.004768 0.458057 -0.000002 -0.000000 -1.000000 -0.000002 -0.000000 -1.000000 -0.000002 -0.000000 -1.000000 -0.000002 -0.000000 -1.000000 
						-0.000000 0.000000 1.000000 -0.000000 0.000000 1.000000 -0.000000 0.000000 1.000000 -0.000000 0.000000 1.000000 0.997673 -0.034375 0.058874 0.000001 -0.000004 1.000000 -0.000000 0.000000 1.000000 0.000000 -0.000000 1.000000 0.000001 -0.000004 1.000000 -0.000000 0.000002 -1.000000 0.000000 -0.000000 -1.000000 -0.000003 0.000020 -1.000000 -0.000003 0.000022 -1.000000 0.000000 -0.000000 -1.000000 0.000000 -0.000000 -1.000000 0.000000 -0.000000 -1.000000 0.000000 -0.000000 -1.000000 -0.000000 0.000000 1.000000 -0.000000 0.000000 1.000000 -0.000000 0.000000 1.000000 -0.000000 0.000000 1.000000 0.000000 -0.000000 -1.000000 0.000000 -0.000000 -1.000000 0.000000 -0.000000 -1.000000 0.000000 -0.000000 -1.000000 0.000001 -0.000000 1.000000 0.000001 0.000000 1.000000 0.000001 -0.000004 1.000000 0.000001 -0.000004 1.000000 -0.000001 -0.000001 -1.000000 -0.000001 0.000000 -1.000000 -0.000000 -0.000008 -1.000000 -0.000000 -0.000009 -1.000000 0.000001 -0.000000 1.000000 0.000001 0.000000 1.000000 0.000001 -0.000000 1.000000 0.000001 -0.000000 1.000000 -0.000001 0.000000 -1.000000 -0.000001 0.000000 -1.000000 -0.000001 0.000000 -1.000000 -0.000001 -0.000000 -1.000000 0.000001 0.000004 1.000000 0.000001 0.000004 1.000000 0.000000 0.000000 1.000000 -0.000000 0.000000 1.000000 -0.000001 0.000000 -1.000000 -0.000001 0.000004 -1.000000 -0.000001 0.000004 -1.000000 -0.000001 0.000000 -1.000000 0.000001 -0.000004 1.000000 0.000001 -0.000004 1.000000 0.000001 -0.000000 1.000000 0.000001 -0.000000 1.000000 0.000000 -0.000000 -1.000000 0.000000 -0.000000 -1.000000 0.000000 -0.000000 -1.000000 0.000000 -0.000000 -1.000000 -0.000000 0.000000 1.000000 -0.000000 0.000000 1.000000 -0.000000 0.000000 1.000000 -0.000000 0.000000 1.000000 0.995077 0.025941 0.095649 0.007541 -0.001327 -0.999971 0.007543 -0.003557 -0.999965 
						0.007542 -0.002002 -0.999970 0.007549 -0.000006 -0.999972 0.007541 -0.001327 -0.999971 0.007542 -0.002002 -0.999970 0.007555 -0.000002 -0.999971 0.000790 -0.005544 -0.999984 0.000000 -0.005544 -0.999985 0.000000 -0.005544 -0.999985 0.001112 -0.005544 -0.999984 0.002021 -0.005543 -0.999983 -0.000790 -0.005544 -0.999984 -0.001112 -0.005544 -0.999984 -0.007545 -0.001331 -0.999971 -0.007474 -0.000007 -0.999972 -0.007543 -0.002006 -0.999970 -0.007546 -0.003560 -0.999965 -0.007545 -0.001331 -0.999971 -0.007543 -0.002006 -0.999970 -0.002022 -0.005544 -0.999983 0.007538 0.000001 -0.999972 0.007538 0.000001 -0.999972 -0.007535 -0.000001 -0.999972 -0.007534 -0.000001 -0.999972 0.007547 -0.000002 -0.999972 0.007444 0.000008 -0.999972 -0.007540 0.000001 -0.999972 -0.007541 0.000001 -0.999972 0.005018 0.000194 -0.999987 0.004149 0.000042 -0.999991 -0.006816 0.000247 -0.999977 -0.007423 0.000041 -0.999972 0.004018 0.000086 -0.999992 0.003987 0.000109 -0.999992 0.004018 0.000086 -0.999992 0.004149 0.000042 -0.999991 -0.004088 -0.000001 -0.999992 -0.004152 0.000035 -0.999991 0.000053 0.004227 -0.999991 0.000202 0.004307 -0.999991 0.000135 0.004289 -0.999991 -0.004019 0.000086 -0.999992 0.000037 0.005513 -0.999985 0.000038 0.005515 -0.999985 -0.004019 0.000086 -0.999992 -0.003987 0.000109 -0.999992 -0.004152 0.000035 -0.999991 -0.000120 0.004336 -0.999991 -0.000130 0.004316 -0.999991 -0.000202 0.004315 -0.999991 -1.000000 -0.000000 0.000000 -1.000000 -0.000001 0.000000 -1.000000 0.000000 0.000000 -1.000000 0.000000 0.000000 -1.000000 -0.000001 0.000000 -0.000000 -0.237360 0.971422 -0.000000 -0.237360 0.971422 0.000000 -0.488037 0.872823 -0.000000 -0.488037 0.872823 -1.000000 0.000000 0.000000 -1.000000 -0.000000 0.000000 -1.000000 0.000000 -0.000000 0.000000 -0.323629 0.946184 0.000000 -0.323629 0.946184 -0.000001 -0.815783 0.578358 
						-0.000001 -0.815783 0.578358 1.000000 0.000000 0.000000 1.000000 -0.000000 0.000000 1.000000 0.000000 0.000000 1.000000 0.000000 0.000000 -1.000000 0.000000 0.000000 0.000000 -0.985806 -0.167888 0.000000 -0.985806 -0.167888 0.000000 -0.999969 -0.007814 0.000000 -0.999969 -0.007814 0.000000 -0.988309 0.152462 0.000000 -0.988309 0.152462 0.000000 -0.470988 0.882140 0.000000 -0.470988 0.882140 1.000000 0.000000 0.000000 -0.000001 -0.985164 0.171616 -0.000001 -0.985164 0.171615 1.000000 0.000000 0.000000 -1.000000 0.000000 0.000000 1.000000 0.000000 0.000000 1.000000 0.000000 0.000000 -0.000000 -0.997189 -0.074933 0.000000 -0.997189 -0.074933 1.000000 0.000000 0.000000 -1.000000 0.000000 0.000000 -1.000000 0.000000 -0.000000 0.000000 -1.000000 0.000064 0.000000 -1.000000 0.000064 1.000000 -0.000000 0.000000 -1.000000 0.000000 0.000001 -0.000000 -0.992403 0.123030 0.000000 -0.992403 0.123030 1.000000 -0.000000 0.000000 1.000000 -0.000000 -0.000000 -1.000000 0.000000 0.000001 -0.000000 -0.664090 0.747653 -0.000000 -0.664090 0.747653 -0.000000 -0.566236 0.824243 -0.000000 -0.566236 0.824243 1.000000 -0.000000 0.000000 -1.000000 -0.000000 -0.000001 0.000000 -0.542079 0.840328 0.000000 -0.542079 0.840328 1.000000 -0.000000 0.000000 -1.000000 0.000000 -0.000000 0.000000 -0.619597 0.784920 0.000000 -0.619597 0.784920 1.000000 -0.000000 0.000000 -1.000000 0.000000 -0.000000 0.000000 -0.988309 0.152467 0.000000 -0.988309 0.152467 0.000000 -0.999862 0.016628 0.000000 -0.999862 0.016628 1.000000 -0.000000 0.000000 -1.000000 0.000000 -0.000000 -1.000000 0.000000 -0.000000 -0.000000 -0.992832 -0.119521 -0.000000 -0.992832 -0.119521 1.000000 -0.000000 0.000000 0.000002 -0.083633 0.996497 0.000000 -0.083630 0.996497 0.000002 -0.083633 0.996497 0.000005 -0.083635 0.996497 1.000000 -0.000000 0.000000 
						1.000000 0.000000 0.000000 -0.163939 0.635193 -0.754754 -0.210014 0.253842 -0.944171 -0.348395 0.305312 -0.886231 -0.268854 0.647569 -0.713002 -0.667517 0.364059 -0.649524 -0.475983 0.683321 -0.553636 -0.129112 0.875183 -0.466246 -0.084117 0.889406 -0.449312 -0.261071 0.871769 -0.414561 -0.091096 0.657355 -0.748055 -0.125401 0.284078 -0.950565 -0.224765 0.013104 -0.974325 -0.383253 0.036562 -0.922920 -0.348395 0.305312 -0.886231 -0.210014 0.253842 -0.944171 -0.774016 0.050997 -0.631109 -0.667517 0.364059 -0.649524 -0.887788 0.364335 -0.281234 -0.647388 0.689293 -0.325213 -0.307956 0.901749 -0.303335 -0.279782 0.902077 -0.328601 -0.038070 0.948781 -0.313632 -0.050482 0.890277 -0.452612 -0.125401 0.284078 -0.950565 -0.138375 0.017761 -0.990221 0.000540 0.670296 -0.742094 0.000268 0.298827 -0.954307 -0.230078 -0.060749 -0.971274 -0.386594 -0.057146 -0.920478 -0.135837 -0.069893 -0.988263 -0.771809 -0.053348 -0.633612 -0.978627 0.044707 -0.200725 -0.887788 0.364335 -0.281234 -0.938073 0.297291 -0.177867 -0.684716 0.668126 -0.291156 -0.041070 0.956966 -0.287280 -0.002385 0.889992 -0.455969 0.000268 0.298827 -0.954307 0.001175 0.025167 -0.999683 -0.135837 -0.069893 -0.988263 -0.129287 -0.074333 -0.988817 -0.222539 -0.081178 -0.971538 -0.230078 -0.060749 -0.971274 -0.000205 -0.084223 -0.996447 -0.996976 0.016445 -0.075951 -0.938073 0.297291 -0.177867 -0.023277 0.868375 -0.495361 -0.015974 0.872598 -0.488179 -0.259535 0.836667 -0.482317 -0.017544 0.959086 -0.282572 0.091529 0.658150 -0.747302 0.124545 0.282412 -0.951174 -0.386594 -0.057146 -0.920478 -0.376928 -0.115307 -0.919037 -0.000205 -0.084223 -0.996447 0.000157 -0.090523 -0.995894 0.135450 -0.068832 -0.988390 -0.000205 -0.084223 -0.996447 0.001175 0.025167 -0.999683 0.138209 0.019525 -0.990211 -0.773777 -0.084298 -0.627824 -0.771809 -0.053348 -0.633612 -0.977167 -0.052360 -0.205921 
						-0.952512 0.241244 -0.185803 -0.679887 0.623006 -0.386804 -0.997880 -0.003167 -0.065008 -0.952512 0.241244 -0.185803 -0.004114 0.881994 -0.471242 0.054191 0.888959 -0.454769 0.000268 0.298827 -0.954307 0.124545 0.282412 -0.951174 -0.000000 -1.000000 -0.000000 -0.000000 -1.000000 -0.000002 -0.000001 -1.000000 -0.000001 -0.000006 -1.000000 -0.000002 -0.000001 -1.000000 -0.000001 -0.000003 -1.000000 -0.000008 -0.000000 -1.000000 -0.000001 0.000001 -1.000000 0.000000 -0.125181 -0.000000 -0.992134 -0.196652 -0.000000 -0.980473 0.228935 -0.060077 -0.971586 0.220417 0.013101 -0.975318 0.129681 -0.073029 -0.988863 0.000157 -0.090523 -0.995894 -0.000205 -0.084223 -0.996447 0.135450 -0.068832 -0.988390 -0.978924 -0.060823 -0.194959 -0.977167 -0.052360 -0.205921 -0.996355 -0.039027 -0.075854 -0.056556 0.786073 -0.615540 -0.021391 0.760145 -0.649401 0.000080 0.743260 -0.669003 -0.270756 0.774181 -0.572132 0.025170 0.961584 -0.273354 0.170039 0.635546 -0.753105 0.211441 0.257127 -0.942963 0.211441 0.257127 -0.942963 -1.000000 -0.000000 -0.000001 -1.000000 -0.000000 -0.000001 -0.988629 -0.000001 -0.150375 -0.988629 -0.000000 -0.150375 -0.954775 -0.000001 -0.297329 -0.954775 -0.000001 -0.297329 -0.170519 0.000001 -0.985354 -0.336046 -0.000001 -0.941845 -0.336044 0.000001 -0.941846 -0.170518 0.000002 -0.985354 0.000001 0.000001 -1.000000 0.000002 0.000000 -1.000000 -0.995727 -0.036035 -0.085020 -0.996355 -0.039027 -0.075854 -0.000000 -0.000000 -1.000000 -0.000000 -1.000000 -0.000000 0.000000 -1.000000 0.000000 -0.000000 -1.000000 -0.000000 -0.000000 -1.000000 -0.000000 -0.000000 -1.000000 0.000000 0.393270 0.067885 -0.916914 0.387575 -0.054688 -0.920215 0.222777 -0.078238 -0.971725 0.228935 -0.060077 -0.971586 -0.997559 -0.031335 -0.062401 -0.956653 0.211248 -0.200472 -0.689716 0.576018 -0.438742 -0.998302 -0.009083 -0.057542 -0.956653 0.211248 -0.200472 
						-0.024109 0.888381 -0.458473 -0.054220 0.737256 -0.673434 -0.027600 0.731854 -0.680903 0.092070 0.887064 -0.452373 0.000000 -1.000000 -0.000000 0.000000 -1.000000 -0.000000 0.000001 -1.000000 0.000000 0.000000 -1.000000 -0.000000 -0.994957 -0.000000 -0.100302 -0.997088 0.000000 -0.076262 -0.997138 -0.012786 -0.074519 0.125181 -0.000000 -0.992134 -0.000000 -0.000000 -1.000000 0.000000 -1.000000 0.000000 0.000000 -1.000000 0.000000 -0.000000 -1.000000 0.000000 0.356436 0.324421 -0.876187 0.387575 -0.054688 -0.920215 0.378370 -0.108702 -0.919250 0.196652 -0.000000 -0.980473 -0.997559 -0.031335 -0.062401 -0.098287 0.793506 -0.600573 -0.167590 0.882856 -0.438724 -0.300539 0.766996 -0.566915 0.011678 0.949677 -0.313012 0.066363 0.941561 -0.330240 0.270770 0.641000 -0.718194 0.356436 0.324421 -0.876187 0.000001 -1.000000 -0.000000 0.000001 -1.000000 -0.000000 -1.000000 0.000001 0.000000 -0.999648 -0.025342 -0.007827 0.000000 -1.000000 0.000000 0.000000 -1.000000 -0.000000 -0.000000 0.000002 -1.000000 -0.000001 0.000002 -1.000000 -0.382137 0.000002 -0.924106 -0.382136 0.000001 -0.924106 -0.707107 0.000001 -0.707106 -0.707107 0.000000 -0.707107 0.775683 0.104584 -0.622397 0.770903 -0.046102 -0.635283 0.770903 -0.046102 -0.635283 0.776035 -0.070971 -0.626684 0.000000 -1.000000 -0.000001 0.000003 -1.000000 -0.000008 0.000001 -1.000000 -0.000001 0.000006 -1.000000 -0.000002 0.000001 -1.000000 -0.000001 0.000000 -1.000000 -0.000002 0.000000 -1.000000 -0.000000 -0.000001 -1.000000 0.000000 0.988629 -0.000001 -0.150375 1.000000 -0.000000 -0.000000 1.000000 -0.000000 -0.000001 0.988629 -0.000001 -0.150375 0.000000 -1.000000 -0.000000 0.000000 -1.000000 -0.000000 -0.000000 -1.000000 0.000000 -0.998467 -0.046736 -0.029650 -0.967070 0.171283 -0.188250 -0.724741 0.537525 -0.431066 -0.994906 -0.014646 -0.099739 -0.967070 0.171283 -0.188250 
						-0.004772 0.999226 -0.039046 -0.005026 0.999222 -0.039116 -0.003613 0.999234 -0.038962 -0.003675 0.999235 -0.038936 0.000000 0.757807 -0.652479 -0.373209 0.832253 -0.409964 0.062258 0.835666 -0.545698 0.132908 0.876247 -0.463169 -0.923957 -0.000000 -0.382496 -0.923957 -0.000000 -0.382496 -1.000000 -0.000000 0.000000 -1.000000 -0.000001 0.000000 0.000000 -1.000000 0.000000 0.000000 -1.000000 -0.000000 -0.997088 0.000000 0.076262 -0.996189 -0.041788 0.076560 -0.998467 -0.046736 -0.029650 0.382137 0.000003 -0.924106 0.382137 0.000002 -0.924106 0.000000 -1.000000 0.000000 -0.000000 -1.000000 -0.000000 0.000001 -1.000000 -0.000001 -0.000000 -1.000000 -0.000000 0.000000 -1.000000 -0.000000 -0.000000 -1.000000 -0.000001 0.668147 0.384455 -0.637004 0.954775 -0.000001 -0.297329 0.954775 -0.000001 -0.297329 0.977573 -0.043955 -0.205959 0.979819 -0.044382 -0.194899 0.996609 -0.030657 -0.076359 0.996065 -0.024917 -0.085049 -0.000001 -0.000000 -1.000000 0.170519 0.000001 -0.985354 0.170520 -0.000000 -0.985354 -0.000002 -0.000001 -1.000000 0.336045 0.000000 -0.941846 0.336047 -0.000002 -0.941845 0.000000 -1.000000 0.000000 -0.997584 -0.043104 -0.054476 -0.006187 0.999212 -0.039203 -0.006098 0.999211 -0.039255 -0.996728 0.009715 -0.080246 -0.996671 0.000001 -0.081528 -0.993962 0.084388 -0.070127 -0.993391 0.091637 -0.069120 -0.091633 -0.000078 -0.995793 -0.122695 -0.000354 -0.992444 -0.122684 -0.000332 -0.992446 -0.091606 0.000000 -0.995795 0.027604 0.731847 -0.680910 -0.020589 0.817906 -0.574983 0.000000 0.817005 -0.576630 -0.271013 0.871883 -0.407887 -0.661396 0.713959 -0.229821 -0.296801 0.775556 -0.557155 -0.096157 0.815228 -0.571101 -0.062042 0.740769 -0.668888 0.064802 0.703240 -0.707993 0.414649 0.829381 -0.374424 0.219731 0.905891 -0.362049 0.485302 0.667598 -0.564620 0.668147 0.384455 -0.637004 -0.923957 -0.000000 0.382496 
						-0.923957 -0.000000 0.382496 -0.000000 -1.000000 -0.000001 -0.000001 -1.000000 -0.000001 0.000000 -1.000000 -0.000000 -0.000000 -1.000000 -0.000000 0.000000 -1.000000 0.000000 -0.000000 -1.000000 0.000001 0.000000 -1.000000 0.000001 -0.993768 -0.081853 0.075670 -0.994957 0.000000 0.100302 -0.993974 -0.037185 0.103114 0.707108 0.000001 -0.707106 0.707107 0.000000 -0.707107 -0.000001 -1.000000 -0.000001 0.000000 -1.000000 -0.000000 0.000000 -0.000001 -1.000000 0.000000 -0.000001 -1.000000 -0.381045 -0.000001 -0.924557 -0.381047 -0.000000 -0.924556 -0.707109 -0.000000 -0.707104 -0.707109 -0.000000 -0.707104 0.973991 0.080842 -0.211674 0.977573 -0.043955 -0.205959 0.997088 -0.000001 -0.076262 0.994957 -0.000001 -0.100302 0.997210 -0.004420 -0.074518 -0.000000 -1.000000 -0.000000 -0.000000 -1.000000 -0.000000 -0.000001 -1.000000 0.000000 0.000000 -1.000000 -0.000000 -0.968289 0.176388 -0.176930 -0.968289 0.176388 -0.176930 -0.720613 0.551043 -0.420795 0.990212 -0.086976 0.109158 0.985774 -0.121769 0.115853 0.995521 -0.010275 0.093985 0.995768 0.000015 0.091906 -0.153491 -0.000166 -0.988150 -0.153500 -0.000200 -0.988149 0.009764 -0.997053 0.076089 0.008505 -0.997118 0.075384 0.007507 -0.997085 0.075927 0.009850 -0.997020 0.076516 0.071631 0.726889 -0.683009 -0.086046 0.884918 -0.457729 0.020589 0.817906 -0.574984 -0.022267 0.826941 -0.561848 0.000000 0.830750 -0.556645 -0.719025 0.666283 -0.197663 -0.322963 0.823070 -0.467173 0.395578 0.783036 -0.479972 0.232847 0.697424 -0.677777 -0.000000 -1.000000 0.000000 -0.000000 -1.000000 0.000000 -0.707107 -0.000000 0.707106 -0.707107 -0.000001 0.707107 -0.924114 -0.000000 -0.382118 -0.924114 -0.000000 -0.382117 -1.000000 -0.000000 -0.000000 -1.000000 -0.000000 -0.000000 0.000000 -1.000000 -0.000000 -0.336046 0.000000 0.941845 -0.336048 -0.000001 0.941845 -0.170520 0.000000 0.985354 
						-0.170520 0.000001 0.985354 0.000001 0.000001 1.000000 0.000001 0.000001 1.000000 -0.986859 -0.080947 0.139844 0.923957 0.000000 -0.382497 0.923957 0.000001 -0.382496 -0.000000 -1.000000 -0.000000 0.000000 -1.000000 -0.000001 0.381045 -0.000001 -0.924557 0.381045 -0.000001 -0.924556 -0.314808 -0.573001 -0.756680 -0.310191 -0.573014 -0.758576 0.000000 -0.576132 -0.817357 0.000000 -0.576312 -0.817230 -0.586674 -0.564431 -0.580716 -0.581159 -0.564666 -0.586009 0.876987 0.374183 -0.301466 0.996680 0.025013 -0.077480 0.996609 -0.030657 -0.076359 0.997774 -0.023521 -0.062394 1.000000 0.000001 -0.000000 0.999797 -0.017905 -0.009210 -0.000001 -1.000000 -0.000000 -0.000001 -1.000000 -0.000000 -0.969354 0.177502 -0.169839 -0.969354 0.177502 -0.169839 -0.727736 0.537870 -0.425553 -0.275292 0.825661 -0.492441 0.002753 -0.999996 -0.000817 0.000340 -1.000000 0.000039 0.000317 -1.000000 0.000032 -0.994487 -0.051120 -0.091552 -0.986325 -0.024060 -0.163047 0.012049 -0.996979 0.076733 0.011937 -0.996974 0.076819 -0.076150 0.817568 -0.570775 -0.078051 0.817246 -0.570980 0.004769 0.999227 -0.039027 0.003673 0.999236 -0.038917 0.003611 0.999235 -0.038943 0.005023 0.999223 -0.039097 0.022267 0.826941 -0.561848 0.997636 0.010275 -0.067952 0.997829 -0.000010 -0.065865 0.992678 0.087407 -0.083374 0.988602 0.120751 -0.089913 -0.024834 0.803574 -0.594686 0.000000 0.809020 -0.587781 -0.390168 0.902023 -0.184724 -0.435461 0.731986 -0.523994 -0.095735 0.821425 -0.562224 -0.046185 0.720946 -0.691451 0.092881 0.718972 -0.688805 0.165084 0.694500 -0.700298 0.653759 0.678186 -0.335653 0.876987 0.374183 -0.301466 -0.924114 -0.000000 0.382118 -0.924113 -0.000001 0.382118 0.000000 -1.000000 0.000000 -0.000000 -1.000000 0.000000 -0.382137 0.000000 0.924106 -0.382137 0.000000 0.924106 -0.769426 -0.555814 -0.314730 -0.833749 -0.552144 0.000000 
						-0.833800 -0.552066 0.000001 -0.767185 -0.555905 -0.319995 -0.000000 -1.000000 0.000000 -0.954775 -0.000001 0.297329 -0.954775 -0.000001 0.297329 -0.988629 -0.000000 0.150375 -0.988629 -0.000000 0.150375 -0.000001 -1.000000 0.000001 -0.000003 -1.000000 0.000008 -0.000001 -1.000000 0.000001 -0.000007 -1.000000 0.000002 -0.000001 -1.000000 0.000001 -0.000000 -1.000000 0.000003 -0.000000 -1.000000 0.000001 -0.000001 -1.000000 0.000000 0.000193 -1.000000 -0.000034 -0.980408 0.000023 0.196979 -0.972349 -0.024857 0.232207 1.000000 0.000000 -0.000000 1.000000 -0.000000 0.000000 0.000001 -1.000000 -0.000001 0.000000 -1.000000 -0.000001 0.707109 -0.000001 -0.707105 0.707108 -0.000001 -0.707106 0.310191 -0.573014 -0.758576 0.314808 -0.573001 -0.756680 0.000000 -1.000000 0.000002 -0.000000 -1.000000 -0.000003 0.000000 -1.000000 0.000000 0.934109 0.308593 -0.179474 0.997858 0.004789 -0.065250 0.997774 -0.023521 -0.062394 0.998732 -0.037926 -0.033107 0.996187 -0.041822 0.076560 0.997088 -0.000000 0.076262 -0.000000 -1.000000 0.000000 -0.000000 -1.000000 -0.000000 -0.971194 0.172350 -0.164552 -0.991326 0.026890 -0.128642 -0.971194 0.172350 -0.164552 -0.752079 0.494558 -0.435649 -0.993142 -0.091728 -0.072494 -0.000576 0.999990 -0.004392 -0.000596 0.999990 -0.004399 -0.000483 0.999990 -0.004386 -0.000491 0.999990 -0.004382 0.066921 0.896155 -0.438666 0.006184 0.999213 -0.039184 0.006095 0.999211 -0.039236 0.122632 -0.000349 -0.992452 0.091710 -0.000145 -0.995786 0.091694 -0.000194 -0.995787 0.122626 -0.000357 -0.992453 0.024834 0.803575 -0.594685 0.076150 0.817569 -0.570774 0.078052 0.817246 -0.570979 -0.009762 -0.997055 0.076066 -0.009848 -0.997022 0.076492 -0.007506 -0.997087 0.075903 -0.008503 -0.997120 0.075362 -0.996281 0.012012 -0.085326 -0.996160 -0.000043 -0.087549 -0.993193 0.093077 -0.070033 -0.992523 0.101019 -0.068503 
						-0.000001 0.784095 -0.620641 -0.006040 0.975578 -0.219570 -0.375823 0.842286 -0.386409 0.515712 0.764102 -0.387541 0.488123 0.771566 -0.407949 0.330165 0.761652 -0.557563 0.564369 0.634869 -0.527663 0.112551 0.869804 -0.480389 0.155840 0.871398 -0.465166 -0.769426 -0.555813 0.314731 -0.767185 -0.555904 0.319995 -0.707107 -0.000000 0.707107 -0.707105 -0.000001 0.707108 0.000001 -1.000000 0.000001 0.000000 -1.000000 0.000000 0.000000 0.000000 1.000000 0.000000 0.000000 1.000000 -0.000000 -1.000000 0.000000 -0.000000 -1.000000 0.000000 0.000000 -1.000000 0.000000 -1.000000 -0.000000 0.000001 -1.000000 -0.000000 0.000001 -0.214965 0.006508 0.976600 -0.367343 -0.000036 0.930086 -0.371399 0.007270 0.928445 -0.227324 0.018757 0.973639 -0.487647 -0.000028 0.873041 -0.487646 -0.000027 0.873041 -0.945196 0.000017 0.326504 -0.945195 0.000018 0.326506 0.022931 -0.999711 -0.007247 0.923957 -0.000000 0.382496 0.923957 -0.000000 0.382496 -0.000000 -1.000000 -0.000000 0.000000 -1.000000 -0.000000 0.924114 -0.000001 -0.382118 0.924113 -0.000001 -0.382119 0.581159 -0.564666 -0.586009 0.586674 -0.564431 -0.580717 0.000000 -1.000000 0.000002 0.000000 -1.000000 -0.000003 -0.000001 -1.000000 0.000004 0.994168 -0.078618 0.073823 0.993973 -0.037230 0.103114 0.994957 -0.000001 0.100303 -0.000000 -1.000000 0.000001 0.000000 -1.000000 0.000001 -0.000000 -1.000000 0.000000 -0.312835 0.768073 -0.558746 -0.148333 0.898749 -0.412612 -0.145653 0.822454 -0.549867 -0.109370 0.004289 -0.993992 -0.079589 -0.509302 -0.856900 -0.506892 -0.449664 -0.735434 -0.535385 -0.014190 -0.844489 -0.975920 -0.173401 -0.132335 -0.951539 -0.212365 -0.222430 -0.048858 -0.841110 -0.538653 -0.477192 -0.760929 -0.439630 -0.000688 0.999990 -0.004406 -0.000679 0.999990 -0.004411 -0.108993 -0.000359 -0.994042 -0.130562 0.000137 -0.991440 -0.130127 -0.001738 -0.991496 
						-0.109034 -0.000484 -0.994038 0.118224 0.755684 -0.644178 0.143342 0.894386 -0.423705 -0.994292 -0.009697 0.106246 -0.994201 0.000020 0.107539 -0.991839 -0.083852 0.096044 -0.991302 -0.091062 0.095020 0.153538 -0.000204 -0.988143 0.153547 -0.000171 -0.988141 0.997522 -0.008321 -0.069868 0.997458 -0.023248 -0.067362 0.991637 0.095467 -0.086842 0.985593 0.140620 -0.093977 0.096158 0.815228 -0.571102 0.115439 0.828296 -0.548269 0.001060 0.999967 -0.008086 0.000904 0.999967 -0.008067 0.000887 0.999967 -0.008074 0.001095 0.999967 -0.008099 -0.012045 -0.996981 0.076709 -0.011933 -0.996975 0.076795 -0.073814 0.793343 -0.604284 -0.095098 0.796532 -0.597070 -0.004464 0.875868 -0.482531 0.706777 0.586150 -0.396099 0.490692 0.818200 -0.299618 0.424881 0.770722 -0.474830 0.737987 0.608282 -0.292179 0.934109 0.308593 -0.179474 -0.586674 -0.564433 0.580714 -0.581159 -0.564669 0.586006 -0.381046 0.000001 0.924556 -0.381042 0.000000 0.924558 -0.000000 -1.000000 0.000000 -0.000000 -1.000000 0.000000 -0.000000 -1.000000 0.000000 -0.000000 -1.000000 0.000000 0.000000 0.000000 1.000000 0.000000 0.000000 1.000000 0.382137 0.000000 0.924106 0.382136 -0.000000 0.924106 -0.196651 -0.000002 0.980473 -0.125182 -0.000001 0.992134 -0.125182 -0.000025 0.992134 -0.125179 -0.000048 0.992134 -0.007182 -0.960444 -0.278379 0.017014 -0.999785 -0.011827 0.006969 -0.999738 -0.021823 0.707107 -0.000001 0.707107 0.707107 -0.000001 0.707107 0.000000 -1.000000 0.000000 0.000000 -1.000000 0.000000 1.000000 -0.000000 -0.000000 1.000000 -0.000000 -0.000000 0.767185 -0.555905 -0.319997 0.769425 -0.555814 -0.314730 0.833799 -0.552068 0.000001 0.833747 -0.552147 0.000000 0.000001 -1.000000 0.000004 -0.000000 -0.576136 0.817353 -0.310193 -0.573012 0.758576 -0.314808 -0.573002 0.756680 -0.000000 -0.576320 0.817224 0.947897 0.252970 -0.193640 
						0.998159 -0.005840 -0.060375 0.998732 -0.037926 -0.033107 0.986854 -0.081015 0.139845 0.170520 0.000001 0.985354 0.170519 0.000001 0.985354 -0.000001 0.000001 1.000000 -0.000001 0.000001 1.000000 0.336047 -0.000000 0.941845 0.336046 0.000001 0.941846 0.000000 -1.000000 -0.000000 -0.999628 0.016530 -0.021716 -0.994731 0.060856 -0.082503 0.796611 -0.599356 0.078634 0.805503 -0.587642 0.076427 0.744458 -0.661510 0.090480 0.722592 -0.684720 0.094970 -0.544994 0.412251 -0.730089 -0.147010 0.497461 -0.854939 -0.325679 -0.937500 -0.122583 -0.591161 -0.806507 -0.008607 -0.148004 -0.016643 -0.988847 -0.146443 -0.022797 -0.988956 0.002693 -0.999758 0.021855 0.002032 -0.999757 0.021937 0.002265 -0.999760 0.021805 0.002910 -0.999757 0.021831 0.131356 0.968852 -0.209933 0.307391 0.795756 -0.521807 0.287668 0.750199 -0.595355 0.131600 0.890093 -0.436367 0.095097 0.796533 -0.597069 0.073813 0.793344 -0.604283 -0.003264 -0.999644 0.026473 -0.003599 -0.999645 0.026403 -0.002751 -0.999647 0.026413 -0.002462 -0.999644 0.026574 0.001266 0.999966 -0.008113 0.001251 0.999966 -0.008121 0.258890 0.833610 -0.487923 0.130765 -0.000179 -0.991413 0.108423 -0.003000 -0.994100 0.108626 -0.002377 -0.994080 0.130985 0.000604 -0.991384 0.609483 0.635423 -0.474097 0.689289 0.620784 -0.373507 0.813613 0.537203 -0.222364 0.193412 0.962358 -0.190943 0.567556 0.802761 -0.182908 0.000000 0.000002 1.000000 -0.000000 0.000001 1.000000 -0.000000 -1.000000 0.000000 -0.000000 -1.000000 0.000000 -0.000001 -1.000000 0.000001 -0.000000 -1.000000 0.000000 0.000000 -1.000000 0.000000 0.000000 -1.000000 0.000000 -0.000000 -0.000001 1.000000 -0.000001 -0.000025 1.000000 -0.001506 -0.979892 -0.199522 0.020958 -0.902587 -0.429997 -0.015074 -0.931347 -0.363821 0.044490 -0.926092 -0.374666 0.000002 -0.000051 1.000000 0.000000 -1.000000 0.000000 
						-0.000000 -1.000000 0.000000 0.924113 0.000000 0.382119 0.924113 0.000000 0.382119 0.769425 -0.555814 0.314731 0.767184 -0.555905 0.319996 0.586673 -0.564434 0.580714 0.581159 -0.564669 0.586006 0.314808 -0.573002 0.756680 0.310193 -0.573012 0.758576 -0.000000 -0.576136 0.817353 -0.000000 -0.576320 0.817224 -0.002766 -0.999996 -0.000791 -0.000208 -1.000000 -0.000037 -0.000354 -1.000000 0.000035 -0.000379 -1.000000 0.000041 0.972347 -0.024925 0.232205 0.980407 -0.000042 0.196982 0.000000 -1.000000 0.000001 0.000000 -1.000000 0.000003 0.000001 -1.000000 0.000001 0.000007 -1.000000 0.000002 0.000001 -1.000000 0.000001 0.000003 -1.000000 0.000008 0.000001 -1.000000 0.000001 0.000001 -1.000000 0.000000 0.988629 -0.000000 0.150375 0.954775 -0.000001 0.297329 0.954775 -0.000001 0.297329 0.988629 -0.000000 0.150375 -0.387163 0.914526 -0.117245 -0.308158 0.936402 -0.167898 -0.239535 0.831182 -0.501757 -0.576028 0.699463 -0.423016 -0.193012 0.980952 -0.021906 -0.036938 0.999317 -0.000990 -0.000001 1.000000 -0.000040 0.000090 1.000000 -0.000017 -0.637866 0.768419 -0.051572 -0.384697 0.921948 -0.044946 -0.197270 0.781027 -0.592522 -0.174113 0.706775 -0.685677 -0.186918 0.785106 -0.590484 0.003355 -0.999755 0.021872 0.003248 -0.999754 0.021936 -0.323169 -0.809049 0.490919 -0.609352 -0.699234 0.373848 0.210042 0.867132 -0.451624 -0.004128 -0.999641 0.026455 -0.004116 -0.999641 0.026462 -0.793989 -0.599646 0.100028 -0.803929 -0.585369 0.105077 -0.746525 -0.660872 0.077130 -0.739561 -0.669018 0.073917 0.153705 0.006041 -0.988098 0.153310 0.004461 -0.988168 0.380890 0.872662 -0.305586 0.947897 0.252970 -0.193640 -0.000000 0.000001 1.000000 0.000000 0.000002 1.000000 0.381046 0.000001 0.924556 0.381044 0.000001 0.924557 -0.000001 -0.000025 1.000000 -0.000000 -0.000001 1.000000 0.125182 -0.000001 0.992134 
						0.125181 -0.000027 0.992134 -0.000000 -1.000000 0.000000 0.000000 -1.000000 0.000000 -0.000118 -0.912458 -0.409170 0.000054 -0.888854 -0.458190 0.000002 -0.000051 1.000000 0.125183 -0.000054 0.992134 0.707107 0.000000 0.707107 0.707107 0.000000 0.707107 0.951083 0.219453 -0.217444 0.994203 -0.008451 -0.107190 0.997259 -0.047482 -0.056741 -0.023669 -0.999693 -0.007265 1.000000 -0.000000 0.000000 1.000000 -0.000000 0.000000 0.945197 -0.000051 0.326502 0.945196 -0.000049 0.326504 0.379077 -0.000062 0.925365 0.487650 -0.000064 0.873039 0.487649 -0.000063 0.873040 0.379078 -0.000062 0.925365 0.230968 -0.000059 0.972961 0.219555 -0.000039 0.975600 -0.670100 0.741592 -0.031735 -0.988254 0.140927 -0.059108 -0.999535 0.007413 -0.029564 -0.998996 -0.002128 -0.044755 0.000095 1.000000 0.000004 -0.184878 0.982742 -0.006156 -0.937382 0.348015 -0.014155 -0.925780 0.373280 -0.059941 -0.954450 -0.173745 -0.242564 -0.961892 -0.019334 -0.272745 -0.962640 0.130619 -0.237198 -0.370198 -0.441241 0.817472 -0.632555 -0.414415 0.654320 -0.950903 -0.309459 -0.004210 -0.950311 -0.275717 -0.144529 0.724690 0.536396 -0.432556 0.709564 0.569323 -0.415199 0.188233 0.784050 -0.591468 0.157196 0.818920 -0.551960 0.156000 0.875511 -0.457322 0.694051 0.559444 -0.453117 -0.057461 0.998342 -0.003468 -0.046350 0.998924 -0.001519 0.000001 1.000000 -0.000335 0.007696 0.956864 -0.290435 0.951083 0.219453 -0.217444 0.196652 -0.000001 0.980473 -0.015234 -0.808282 -0.588598 -0.025317 -0.810949 -0.584569 0.000228 -0.805845 -0.592126 0.001412 -0.807992 -0.589191 -0.044852 -0.925847 -0.375228 -0.022689 -0.902296 -0.430520 0.011459 -0.959839 -0.280319 -0.017232 -0.999781 -0.011903 -0.007312 -0.999746 -0.021328 0.003974 -0.987104 -0.160031 -0.465641 0.768553 0.438754 -0.686731 0.625917 0.369633 -0.615030 0.788199 -0.021945 0.000001 0.000001 -1.000000 
						0.000001 0.000001 -1.000000 0.000002 0.000003 -1.000000 0.000000 0.000002 -1.000000 -0.963060 0.229289 -0.141218 -0.388611 0.017649 0.921233 -0.650812 -0.027424 0.758744 -0.953468 -0.269156 0.135846 0.968289 0.176388 -0.176929 0.966631 0.171673 -0.190138 0.057694 0.998329 -0.003184 0.046350 0.998924 -0.001519 -0.081718 0.996363 -0.024155 -0.203632 0.978906 -0.016672 -0.097903 0.995125 -0.011853 -0.066746 0.997399 -0.027217 -0.101553 0.994804 -0.007202 0.000000 -0.003348 -0.999994 0.000097 -0.003131 -0.999995 0.000090 -0.003177 -0.999995 0.000000 -0.003373 -0.999994 -0.002904 -0.808284 -0.588785 0.017274 -0.938306 -0.345375 0.966631 0.171673 -0.190138 0.988081 0.001872 -0.153926 0.996494 -0.055296 -0.062787 0.996151 -0.073222 -0.048187 0.989324 -0.114330 -0.090371 0.995615 -0.077349 -0.052604 -0.675459 0.358013 0.644657 -0.442338 0.461837 0.768793 -0.963926 0.266161 -0.002046 -0.988254 0.140927 -0.059108 -0.977374 0.206801 -0.044423 -0.884508 0.464596 -0.042385 -0.908071 0.413210 -0.068292 -0.000000 -0.000001 -1.000000 -0.000003 0.000000 -1.000000 -0.997701 0.065640 -0.016844 -0.935127 0.352722 -0.033523 -0.957952 -0.168856 0.231980 0.966839 0.184133 -0.176969 0.968289 0.176388 -0.176929 -0.000090 -0.003177 -0.999995 -0.000097 -0.003131 -0.999995 0.098477 0.995069 -0.011866 0.101848 0.994772 -0.007516 0.202753 0.979072 -0.017604 0.082253 0.996317 -0.024212 0.066980 0.997383 -0.027223 0.174935 0.710683 -0.681416 0.199899 0.783671 -0.588133 0.262659 0.770011 -0.581458 -0.248135 0.968453 -0.022975 0.004868 -0.005994 -0.999970 0.005606 -0.002731 -0.999981 -0.022603 0.999745 -0.000234 -0.022581 0.999745 -0.000253 -0.000025 1.000000 -0.000020 -0.000025 1.000000 -0.000020 -0.013849 -0.554113 -0.832327 -0.016924 -0.570166 -0.821355 0.001595 -0.566533 -0.824038 0.000168 -0.567108 -0.823643 0.966839 0.184133 -0.176969 
						0.973543 0.157331 -0.165716 0.992863 0.019045 -0.117728 0.029790 -0.811610 -0.583440 0.017010 -0.808892 -0.587712 -0.963785 0.228742 0.137100 -0.339802 0.939954 -0.031958 -0.348240 0.937040 -0.026190 -0.994298 0.101076 -0.034006 0.748689 0.479311 -0.457958 0.973543 0.157331 -0.165716 -0.001718 -0.006013 -0.999981 -0.000274 -0.002700 -0.999996 0.022606 0.999744 -0.000254 0.022629 0.999744 -0.000253 0.247854 0.968498 -0.024074 0.920048 0.384770 -0.073919 0.551654 0.832494 -0.051303 0.353798 0.930367 -0.096148 0.935791 0.342925 -0.081835 0.155842 0.987725 -0.010647 0.072559 0.996293 -0.046212 -0.002288 -0.015601 -0.999876 0.002356 -0.019697 -0.999803 -0.037479 0.999297 -0.000809 -0.037772 0.999286 -0.000744 -0.000025 1.000000 -0.000020 -0.022558 0.999746 -0.000273 0.001064 -0.259324 -0.965790 -0.025512 -0.254746 -0.966672 -0.002614 -0.566510 -0.824051 0.115781 0.007188 -0.993249 0.537560 -0.008895 -0.843179 0.516059 -0.437600 -0.736336 0.088877 -0.494945 -0.864367 0.141742 0.500548 -0.854026 0.546018 0.412975 -0.728914 0.503653 -0.752393 -0.424545 0.097469 -0.850949 -0.516126 0.582610 -0.812303 -0.027017 0.263485 -0.957759 -0.115210 -0.964046 0.130464 0.231505 -0.977374 0.206801 -0.044423 -0.976020 0.214409 -0.037611 -0.998869 0.000956 -0.047533 -0.863825 0.503016 -0.027937 -0.001531 -0.007200 -0.999973 0.000811 -0.002303 -0.999997 -0.963823 -0.019583 0.265823 -0.009811 -0.026724 -0.999595 -0.010268 -0.027236 -0.999576 0.037676 0.999290 -0.000650 0.037872 0.999282 -0.000830 0.022583 0.999745 -0.000256 0.996924 0.075567 -0.020788 0.945446 0.325448 -0.014652 0.991370 0.119031 -0.054925 -0.000010 1.000000 -0.000029 -0.000098 1.000000 -0.000017 -0.204810 0.978801 -0.000795 -0.205090 0.978743 0.000244 -0.038119 0.999273 -0.000680 -0.000000 0.003345 0.999994 -0.000000 0.003370 0.999994 -0.000089 0.003176 0.999995 
						-0.000097 0.003130 0.999995 -0.015672 -0.346136 -0.938054 0.000404 -0.356286 -0.934377 -0.000136 -0.258667 -0.965967 -0.001458 -0.259695 -0.965690 0.018361 -0.548223 -0.836130 0.199370 0.838140 -0.507713 0.554649 0.717259 -0.421786 0.329290 -0.810128 0.485037 0.612471 -0.694960 0.376710 0.020455 -0.565532 -0.824473 -0.821128 0.570720 -0.005344 -0.828926 0.559353 -0.002412 -0.877354 0.478903 -0.030029 0.994801 0.056031 -0.085040 0.999641 0.016595 -0.021026 0.205328 0.978693 -0.000166 0.205001 0.978762 0.000000 0.038119 0.999273 -0.000680 0.000096 0.003131 0.999995 0.000089 0.003177 0.999995 0.348240 0.937040 -0.026188 0.337691 0.940664 -0.033395 0.622815 0.782358 -0.004099 0.180816 0.983517 0.000003 -0.000090 1.000000 0.000003 -0.355452 0.934686 -0.004030 -0.354120 0.935200 0.000724 -0.205983 0.978556 0.000000 0.000053 0.002729 0.999996 -0.000006 0.002509 0.999997 -0.050148 0.986579 0.155391 -0.000000 0.992581 0.121587 0.000000 0.989804 0.142435 0.000018 -0.153314 -0.988178 -0.001104 -0.153804 -0.988101 -0.003336 -0.152196 -0.988345 -0.003370 -0.152393 -0.988314 -0.160133 -0.987095 -0.000034 -0.157647 -0.987496 -0.000036 -0.316220 -0.948686 -0.000071 -0.316207 -0.948690 -0.000065 0.024380 -0.259561 -0.965419 0.000908 -0.153732 -0.988112 0.402087 0.905697 -0.134307 0.660553 0.749932 -0.035664 0.630675 -0.415827 0.655238 0.355906 -0.452869 0.817460 -0.998030 -0.042722 -0.045936 -0.998824 -0.042508 -0.023315 -0.997575 -0.047244 -0.051109 -0.998335 -0.035020 -0.045825 -0.812524 0.582844 -0.009907 -0.976020 0.214409 -0.037611 -0.904577 0.425185 -0.030939 0.994801 0.056031 -0.085040 0.999541 0.007126 -0.029440 0.016832 0.009594 -0.999812 0.005139 -0.006829 -0.999964 0.354778 0.934951 0.000000 0.354778 0.934951 0.000000 0.205609 0.978634 0.000000 0.000007 0.002509 0.999997 -0.000052 0.002729 0.999996 
						0.050148 0.986579 0.155391 0.000001 0.000001 -1.000000 0.000002 0.000001 -1.000000 0.000001 0.000001 -1.000000 0.000000 0.000001 -1.000000 0.000000 0.000002 -1.000000 -0.000000 0.000002 -1.000000 1.000000 -0.000002 -0.000000 1.000000 -0.000002 0.000000 1.000000 0.000006 -0.000008 1.000000 -0.000000 -0.000010 1.000000 -0.000000 0.000000 1.000000 0.000000 -0.000000 -0.354060 0.935218 0.002912 -0.000304 0.001772 0.999998 -0.000803 0.001991 0.999998 -0.056454 0.996168 0.066808 -0.199046 0.979792 0.019706 0.000000 -1.000000 -0.000000 0.000000 -1.000000 -0.000000 0.000000 -0.998857 -0.047791 -0.011001 -0.998990 -0.043561 -0.008084 -0.998020 -0.062375 -0.000009 -0.997585 -0.069462 -0.028581 -0.998998 -0.034453 -0.023620 -0.998723 -0.044667 -1.000000 -0.000082 -0.000088 -1.000000 -0.000222 -0.000010 -0.987061 -0.160345 -0.000082 -0.984498 -0.175396 -0.000153 -0.948635 -0.316373 -0.000138 -0.948674 -0.316255 -0.000195 -0.000087 -0.000086 -1.000000 -0.000207 -0.000006 -1.000000 -0.000152 -0.000058 -1.000000 -0.000206 -0.000191 -1.000000 -0.000070 -0.000132 -1.000000 -0.000008 -0.000190 -1.000000 0.002476 -0.153479 -0.988149 0.002366 -0.152871 -0.988243 0.006674 -0.998037 -0.062270 0.010826 -0.999078 -0.041556 0.017924 -0.338062 -0.940953 -0.000554 -0.346832 -0.937927 0.962637 -0.014004 -0.270434 0.957841 -0.161289 -0.237754 0.954491 -0.265790 -0.135284 0.446502 0.777928 0.442112 0.678084 0.632872 0.373731 0.962734 0.131170 -0.236512 0.952045 -0.305928 0.004286 0.645709 -0.022604 0.763249 0.369476 0.019441 0.929037 0.953391 -0.268090 0.138470 -0.998586 -0.026860 -0.045882 -0.998581 -0.027176 -0.045806 -0.241221 0.970447 -0.006640 -0.345608 0.938327 -0.009874 -0.342512 0.939449 -0.011014 -0.000948 0.002246 0.999997 -0.000905 0.002329 0.999997 0.866848 0.497768 -0.028309 0.886301 0.460809 -0.046101 0.821885 0.569530 -0.011848 
						0.813382 0.581701 -0.005767 0.354778 0.934951 0.000000 0.000802 0.001990 0.999998 0.000304 0.001772 0.999998 0.199058 0.979790 0.019709 0.056454 0.996168 0.066807 0.977387 0.206744 -0.044412 0.988302 0.140697 -0.058856 0.908084 0.413183 -0.068291 -0.033192 -0.998989 -0.030316 -0.045161 -0.998429 -0.033165 -0.035395 -0.998905 -0.030589 0.984483 -0.175478 0.000079 0.948684 -0.316224 0.000026 0.948642 -0.316351 0.000087 0.987065 -0.160318 0.000155 1.000000 -0.000049 0.000152 1.000000 -0.000200 0.000234 0.020267 -0.998774 -0.045161 0.028717 -0.999056 -0.032609 0.160155 -0.987092 0.000003 0.316209 -0.948690 0.000009 0.316224 -0.948685 0.000002 0.157591 -0.987504 -0.000000 0.422039 0.465817 0.777751 0.666677 0.361863 0.651611 0.963665 0.267112 -0.001197 0.962956 0.229710 -0.141242 0.999879 -0.015180 0.003494 0.999981 -0.005936 0.001874 0.999981 -0.005940 0.001874 0.999878 -0.015204 0.003495 0.999604 -0.027724 0.004826 0.999604 -0.027724 0.004830 0.999653 -0.025926 0.004678 0.999653 -0.025924 0.004676 0.999572 -0.029249 -0.000790 0.999572 -0.029249 -0.000794 0.957509 -0.169544 0.233304 0.804875 0.593445 0.000000 0.879510 0.475153 -0.026280 0.000904 0.002324 0.999997 0.000946 0.002242 0.999997 0.241222 0.970447 -0.006641 0.000779 -0.999662 -0.026009 0.000131 -0.000092 -1.000000 0.000233 -0.000202 -1.000000 0.000201 -0.000028 -1.000000 0.000090 -0.000094 -1.000000 0.000030 -0.000165 -1.000000 0.000234 -0.000195 -1.000000 0.000000 -1.000000 -0.000000 0.000000 -1.000000 -0.000000 0.999665 -0.025741 0.002498 0.999666 -0.025735 0.002492 0.963382 0.229962 0.137886 0.999945 -0.010239 -0.002226 0.999931 -0.011638 -0.001301 0.999931 -0.011638 -0.001304 0.999945 -0.010240 -0.002225 -0.010519 -0.497034 0.867667 -0.010719 -0.503434 0.863967 0.004125 -0.005317 0.999977 0.004238 -0.001239 0.999990 
						0.026878 0.864897 0.501229 0.026911 0.866114 0.499122 0.028583 0.999591 -0.001340 0.028594 0.999590 0.001749 0.963338 -0.019360 0.267592 0.022630 0.865934 -0.499646 0.022645 0.866226 -0.499140 0.999425 -0.033541 -0.005050 0.999425 -0.033537 -0.005049 0.342539 0.939439 -0.011006 0.345615 0.938325 -0.009873 1.000000 0.000051 -0.000000 1.000000 0.000000 -0.000005 0.998328 -0.035092 -0.045940 0.998580 -0.027240 -0.045792 0.998580 -0.027205 -0.045800 0.997699 -0.037207 -0.056671 0.030297 -0.999078 -0.030427 0.048193 -0.998361 -0.030851 0.046790 -0.998421 -0.031088 0.017940 0.497268 0.867411 0.017916 0.496604 0.867792 0.999950 -0.010009 -0.000779 0.999950 -0.010011 -0.000777 0.963567 0.130977 0.233203 -0.028622 -0.999590 0.000450 -0.028627 -0.999590 -0.000496 -0.022688 -0.866743 0.498238 -0.022624 -0.865026 0.501217 0.999818 -0.017199 0.008238 0.999944 -0.008858 0.005830 0.999783 -0.020842 -0.000430 0.999618 -0.027100 0.005468 0.999644 -0.025639 0.007430 0.999784 -0.019700 -0.006646 0.999784 -0.019713 -0.006646 0.010672 0.502280 -0.864639 0.010618 0.500384 -0.865739 0.999563 -0.029397 -0.003034 0.997006 -0.054058 -0.055286 0.997990 -0.043232 -0.046326 0.904544 0.425257 -0.030934 0.976017 0.214418 -0.037619 0.999614 -0.027006 0.006532 -0.026919 -0.865225 -0.500661 -0.026938 -0.866204 -0.498964 0.999970 -0.005743 -0.005119 0.999970 -0.005747 -0.005118 0.999883 -0.015305 -0.000378 0.999846 -0.017464 -0.001475 -0.004284 -0.000203 -0.999991 -0.004211 0.002323 -0.999988 0.999314 -0.035824 -0.009419 -0.017946 -0.497138 -0.867486 -0.018095 -0.502860 -0.864178 0.999882 -0.015044 -0.003026 -0.004211 0.002323 -0.999988 -0.004284 -0.000203 -0.999991 0.999682 -0.022296 -0.011798 0.999918 -0.008640 -0.009501 0.356480 0.914039 -0.193532 0.507869 0.861434 -0.000538 0.513495 0.858092 -0.000025 0.513495 0.858092 -0.000000 
						1.000000 0.000001 -0.000001 1.000000 -0.000000 0.000000 1.000000 -0.000006 -0.000008 1.000000 -0.000001 0.000000 1.000000 -0.000050 -0.000000 0.488886 -0.872221 -0.014897 0.497678 -0.867207 -0.016378 0.236846 -0.954006 -0.183783 0.988302 0.140697 -0.058856 0.998999 -0.002195 -0.044688 0.977387 0.206744 -0.044412 0.976017 0.214418 -0.037619 0.998870 0.000886 -0.047523 0.497745 -0.867323 0.000000 0.994592 -0.035444 -0.097627 0.993051 -0.032734 -0.113040 0.995878 -0.055215 -0.071960 -0.458675 0.888597 -0.003524 -0.453462 0.891267 -0.003875 -0.458666 0.888581 -0.007003 -1.000000 0.000000 -0.000000 -1.000000 0.000000 0.000004 -1.000000 -0.000000 -0.000000 -1.000000 -0.000000 -0.000000 -1.000000 0.000001 -0.000000 -1.000000 0.000001 -0.000000 -1.000000 0.000062 0.000025 -1.000000 0.000001 0.000033 -1.000000 0.000001 0.000000 -1.000000 -0.000002 -0.000000 -1.000000 -0.000000 -0.000000 -1.000000 -0.000003 -0.000000 -1.000000 -0.000060 0.000025 -0.994731 0.060856 -0.082503 -0.961514 -0.214296 -0.171957 -0.992564 -0.065245 -0.102758 -0.996905 -0.003725 -0.078521 -0.477364 -0.878700 0.003094 -0.477359 -0.878703 0.003034 -0.477352 -0.878691 0.006163 -0.431590 -0.883521 -0.181991 -0.010036 0.998687 0.050232 -0.000024 0.999911 0.013376 -0.069553 0.997537 0.009074 -0.049636 0.995894 0.075710 0.000002 0.999445 -0.033320 0.162084 0.986645 -0.016114 0.240851 0.970059 0.031237 0.072084 0.997360 0.008729 -0.055155 0.997823 -0.036145 0.274553 0.931775 -0.237521 0.397401 0.863258 -0.311221 -0.176850 0.939351 -0.293845 -0.269068 0.940093 -0.209350 0.168326 0.942149 -0.289864 0.016935 0.911408 -0.411155 0.226299 0.861827 -0.453920 -0.160047 0.986707 -0.028184 -0.262650 0.964865 0.007027 -0.229821 0.866486 -0.443153 0.051305 0.998634 -0.009944 -0.000404 0.999995 -0.003101 0.055179 0.997820 -0.036212 -0.417541 0.862053 -0.287271 
						-0.079136 0.996556 0.024767 -0.076442 0.997022 0.010188 -0.000650 0.999828 0.018553 0.075484 0.997100 0.009732 0.078074 0.996637 0.024872 -0.061357 0.998004 0.014948 0.009984 0.998701 0.049974 0.049628 0.995894 0.075711 0.061075 0.998020 0.015003 -0.048176 0.998816 -0.006764 0.047792 0.998834 -0.006835 -0.051950 0.998599 -0.010101 -0.000342 0.999451 0.033142 0.071798 0.996713 0.037521 -0.072692 0.996679 0.036700 0.495587 -0.017106 0.868390 0.862094 -0.009950 0.506651 0.870461 -0.009663 0.492143 0.505256 -0.016995 0.862802 0.862094 -0.009950 0.506651 1.000000 0.000039 0.000697 0.999999 0.000076 -0.001163 0.870461 -0.009663 0.492143 0.861971 0.010046 -0.506857 0.869674 0.009783 -0.493529 0.490675 0.017214 -0.871173 0.507766 0.017020 -0.861327 0.002471 0.019726 -0.999802 0.002619 0.019726 -0.999802 -0.488453 0.017186 -0.872421 -0.505574 0.016992 -0.862616 -0.861979 0.009954 -0.506847 -0.869672 0.009691 -0.493536 -1.000000 -0.000067 0.000711 -0.999999 -0.000030 -0.001185 -0.862073 -0.010042 0.506685 -0.870486 -0.009755 0.492096 -0.493343 -0.017183 0.869665 -0.503060 -0.017074 0.864083 0.002510 -0.019724 0.999802 0.002617 -0.019724 0.999802 -0.068119 0.997509 0.018297 -0.000388 0.999784 0.020761 0.067137 0.997582 0.017956 0.043403 0.998979 0.012537 -0.000398 0.999997 -0.002500 -0.043979 0.998962 0.011873 0.999981 -0.005933 0.001877 0.999878 -0.015205 0.003495 0.999604 -0.027723 0.004826 0.999653 -0.025925 0.004675 0.999572 -0.029251 -0.000797 0.999665 -0.025746 0.002500 0.999931 -0.011638 -0.001304 0.999945 -0.010236 -0.002223 0.999425 -0.033542 -0.005051 0.999950 -0.010009 -0.000780 0.999784 -0.019712 -0.006645 0.999970 -0.005742 -0.005121 0.000344 -0.002882 0.999996 -0.008812 -0.497377 0.867490 -0.008877 -0.500786 0.865525 0.000324 -0.003932 0.999992 -0.015734 -0.865211 0.501162 
						-0.015741 -0.865626 0.500444 -0.018414 -0.999830 -0.000172 -0.018413 -0.999830 0.000126 -0.016131 -0.864960 -0.501582 -0.016144 -0.865710 -0.500286 -0.009502 -0.497083 -0.867651 -0.009571 -0.500886 -0.865460 -0.000389 0.000614 -1.000000 -0.000381 0.001041 -0.999999 0.008820 0.497772 -0.867263 0.008902 0.502160 -0.864729 0.015730 0.865013 -0.501503 0.015748 0.865965 -0.499857 0.018414 0.999830 0.001013 0.018413 0.999830 -0.000715 0.016122 0.864385 0.502572 0.016146 0.865737 0.500239 0.009453 0.494537 0.869105 0.009495 0.496791 0.867818 -0.999879 -0.015179 0.003494 -0.999878 -0.015204 0.003495 -0.999981 -0.005939 0.001875 -0.999981 -0.005936 0.001875 -0.999604 -0.027723 0.004826 -0.999653 -0.025923 0.004676 -0.999653 -0.025925 0.004678 -0.999604 -0.027724 0.004830 -0.999572 -0.029248 -0.000789 -0.999572 -0.029249 -0.000793 -0.999666 -0.025742 0.002498 -0.999666 -0.025735 0.002493 -0.999945 -0.010240 -0.002226 -0.999945 -0.010241 -0.002226 -0.999931 -0.011638 -0.001304 -0.999931 -0.011638 -0.001301 0.010519 -0.497033 0.867668 -0.004238 -0.001238 0.999990 -0.004125 -0.005317 0.999977 0.010719 -0.503433 0.863968 -0.026879 0.864897 0.501230 -0.028594 0.999590 0.001749 -0.028583 0.999591 -0.001339 -0.026911 0.866114 0.499122 -0.022645 0.866226 -0.499139 -0.022629 0.865934 -0.499646 -0.999425 -0.033541 -0.005048 -0.999425 -0.033539 -0.005048 -0.004238 -0.001238 0.999990 -0.017915 0.496603 0.867793 -0.017939 0.497268 0.867411 -0.004125 -0.005317 0.999977 -0.999950 -0.010011 -0.000777 -0.999950 -0.010009 -0.000778 0.028622 -0.999590 0.000451 0.022624 -0.865026 0.501216 0.022688 -0.866743 0.498238 0.028627 -0.999590 -0.000497 -0.999818 -0.017199 0.008238 -0.999783 -0.020842 -0.000429 -0.999944 -0.008857 0.005830 -0.999618 -0.027101 0.005469 -0.999644 -0.025640 0.007431 -0.999784 -0.019700 -0.006645 -0.999784 -0.019713 -0.006645 
						-0.010618 0.500384 -0.865739 -0.010672 0.502279 -0.864639 -0.999563 -0.029398 -0.003034 -0.999614 -0.027007 0.006532 0.026919 -0.865225 -0.500662 0.026938 -0.866204 -0.498964 -0.999970 -0.005746 -0.005117 -0.999970 -0.005742 -0.005118 -0.999883 -0.015304 -0.000378 -0.999846 -0.017464 -0.001475 0.004211 0.002321 -0.999988 0.004284 -0.000203 -0.999991 -0.999314 -0.035823 -0.009419 0.017946 -0.497137 -0.867486 0.018095 -0.502860 -0.864178 -0.999882 -0.015044 -0.003025 -0.999682 -0.022296 -0.011797 -0.999918 -0.008640 -0.009500 -0.999887 -0.014976 0.001263 -0.999986 -0.005251 0.000207 -0.999314 -0.036953 -0.002495 -0.998797 -0.048655 -0.006094 -0.999590 -0.028585 -0.001388 -0.999259 -0.037468 -0.008854 -0.999951 -0.009499 -0.002899 -0.999932 -0.011527 -0.001694 -0.999439 -0.032893 -0.006342 -0.999943 -0.010593 -0.001303 -0.999774 -0.019629 -0.008197 -0.999960 -0.006338 -0.006257 -0.000347 -0.002881 0.999996 -0.000328 -0.003931 0.999992 0.008879 -0.500787 0.865525 0.008815 -0.497378 0.867489 0.015740 -0.865626 0.500444 0.015732 -0.865210 0.501163 0.018414 -0.999830 0.000125 0.018414 -0.999830 -0.000172 0.016146 -0.865709 -0.500287 0.016132 -0.864960 -0.501581 0.009572 -0.500886 -0.865460 0.009502 -0.497084 -0.867650 0.000381 0.001041 -0.999999 0.000389 0.000614 -1.000000 -0.008902 0.502160 -0.864729 -0.008820 0.497772 -0.867263 -0.015747 0.865964 -0.499858 -0.015728 0.865014 -0.501502 -0.018413 0.999830 -0.000716 -0.018414 0.999830 0.001013 -0.016145 0.865736 0.500240 -0.016121 0.864385 0.502572 -0.009497 0.496792 0.867818 -0.009456 0.494538 0.869105 0.000000 -1.000000 -0.000003 -0.000000 -1.000000 -0.000003 -0.000001 -1.000000 0.000003 0.000001 -1.000000 0.000003 -0.000000 -1.000000 0.000003 0.000001 -1.000000 0.000003 -0.000000 -1.000000 -0.000003 0.000000 -1.000000 -0.000003 -0.000001 -1.000000 0.000003 0.000000 -1.000000 -0.000002 
						-0.000000 -0.999982 -0.006065 -0.001570 -0.999982 -0.005858 -0.001570 -0.999982 -0.005858 0.000000 -0.999982 -0.006065 -0.003032 -0.999982 -0.005252 -0.003033 -0.999982 -0.005252 -0.004289 -0.999982 -0.004288 -0.004289 -0.999982 -0.004288 -0.005253 -0.999982 -0.003032 -0.005253 -0.999982 -0.003032 -0.005858 -0.999982 -0.001569 -0.005858 -0.999982 -0.001569 -0.006065 -0.999982 0.000000 -0.006065 -0.999982 0.000000 -0.005859 -0.999982 0.001570 -0.005858 -0.999982 0.001570 -0.005253 -0.999982 0.003033 -0.005253 -0.999982 0.003033 -0.004289 -0.999982 0.004289 -0.004289 -0.999982 0.004289 -0.003033 -0.999982 0.005253 -0.003033 -0.999982 0.005253 -0.001570 -0.999982 0.005859 -0.001570 -0.999982 0.005859 -0.000000 -0.999982 0.006065 -0.000000 -0.999982 0.006065 0.001570 -0.999982 0.005859 0.001570 -0.999982 0.005859 0.003032 -0.999982 0.005253 0.003033 -0.999982 0.005253 0.004289 -0.999982 0.004289 0.004289 -0.999982 0.004289 0.005253 -0.999982 0.003033 0.005253 -0.999982 0.003033 0.005858 -0.999982 0.001570 0.005858 -0.999982 0.001570 0.006065 -0.999982 0.000000 0.006065 -0.999982 0.000000 0.005858 -0.999982 -0.001569 0.005858 -0.999982 -0.001569 0.005253 -0.999982 -0.003032 0.005253 -0.999982 -0.003032 0.004289 -0.999982 -0.004288 0.004289 -0.999982 -0.004288 0.003032 -0.999982 -0.005252 0.003033 -0.999982 -0.005252 0.001570 -0.999982 -0.005858 0.001570 -0.999982 -0.005858 -0.000000 0.000000 1.000000 0.258819 -0.000000 0.965926 0.258819 -0.000000 0.965926 0.000000 0.000000 1.000000 0.500000 0.000000 0.866025 0.500000 -0.000000 0.866026 0.707107 0.000002 0.707107 0.707107 0.000002 0.707107 0.866026 0.000000 0.500000 0.866026 0.000000 0.500000 0.965926 0.000003 0.258819 0.965926 0.000003 0.258819 1.000000 0.000006 0.000001 1.000000 0.000006 0.000001 0.965926 0.000000 -0.258819 0.965926 0.000000 -0.258819 
						0.866026 0.000000 -0.500000 0.866026 0.000000 -0.500000 0.707107 0.000000 -0.707106 0.707107 0.000000 -0.707106 0.500000 0.000003 -0.866025 0.500001 0.000003 -0.866025 0.258819 -0.000000 -0.965926 0.258819 0.000000 -0.965926 -0.000000 -0.000006 -1.000000 -0.000000 -0.000006 -1.000000 -0.000000 -0.000006 -1.000000 -0.258819 0.000000 -0.965926 -0.258818 -0.000000 -0.965926 -0.000000 -0.000006 -1.000000 -0.499999 0.000000 -0.866026 -0.499999 0.000000 -0.866026 -0.707106 0.000004 -0.707108 -0.707106 0.000004 -0.707107 -0.866025 0.000002 -0.500000 -0.866025 0.000003 -0.500000 -0.965926 -0.000000 -0.258819 -0.965926 0.000000 -0.258819 -1.000000 -0.000003 -0.000000 -1.000000 -0.000003 -0.000000 -0.965926 0.000001 0.258818 -0.965926 0.000001 0.258818 -0.866026 0.000000 0.499999 -0.866026 0.000000 0.499999 -0.707107 0.000001 0.707106 -0.707108 0.000001 0.707106 -0.500001 0.000002 0.866025 -0.500000 0.000001 0.866025 -0.258819 0.000003 0.965926 -0.258819 0.000003 0.965926 -0.000000 0.000000 1.000000 0.000000 0.000000 1.000000 0.000000 0.999982 -0.006065 -0.001570 0.999982 -0.005859 0.050590 0.980839 0.188138 0.000001 0.979665 0.200638 -0.003033 0.999982 -0.005253 0.099991 0.979800 0.173186 -0.004289 0.999982 -0.004289 0.137541 0.980901 0.137535 -0.005253 0.999982 -0.003033 0.170409 0.981143 0.091205 -0.005858 0.999982 -0.001570 0.173271 0.983391 0.054029 -0.006065 0.999982 -0.000000 0.200595 0.979674 -0.000003 -0.005858 0.999982 0.001569 0.188048 0.980856 -0.050588 -0.005252 0.999982 0.003032 0.173118 0.979819 -0.099929 -0.004289 0.999982 0.004288 0.137493 0.980913 -0.137496 -0.003033 0.999982 0.005252 0.099957 0.979813 -0.173133 -0.001570 0.999982 0.005858 0.050572 0.980852 -0.188075 0.000000 0.999982 0.006065 0.000001 0.979680 -0.200565 0.001570 0.999982 0.005858 -0.050572 0.980851 -0.188078 
						0.003033 0.999982 0.005252 -0.099959 0.979812 -0.173139 0.004289 0.999982 0.004288 -0.137510 0.980909 -0.137510 0.005252 0.999982 0.003032 -0.173050 0.979841 -0.099828 0.005858 0.999982 0.001569 -0.187653 0.980944 -0.050350 0.006065 0.999982 -0.000000 -0.199786 0.979840 0.000051 0.005858 0.999982 -0.001570 -0.187687 0.980944 0.050235 0.005253 0.999982 -0.003033 -0.173162 0.979809 0.099949 0.004289 0.999982 -0.004289 -0.137535 0.980902 0.137534 0.003033 0.999982 -0.005253 -0.099994 0.979799 0.173192 0.001570 0.999982 -0.005859 -0.050590 0.980838 0.188141 -0.000001 -0.895922 -0.444211 0.000001 -0.967573 -0.252591 -0.113937 -0.897187 -0.426701 -0.444214 -0.895921 -0.000001 -0.252746 -0.967533 -0.000102 -0.426710 -0.897183 0.113938 -0.000001 -0.895910 0.444236 0.000001 -0.967569 0.252605 0.113943 -0.897172 0.426730 0.444234 -0.895911 -0.000001 0.254900 -0.966956 -0.004651 0.408897 -0.904759 -0.119229 0.342122 0.939647 0.004087 0.000000 0.940050 -0.341036 -0.340735 0.940159 -0.000450 -0.000003 0.940033 0.341084 -0.000003 -0.233788 -0.972288 0.000002 -0.233788 -0.972288 0.486146 -0.233798 -0.842021 0.486140 -0.233798 -0.842025 0.842023 -0.233810 -0.486138 0.842019 -0.233810 -0.486144 0.972280 -0.233820 0.000003 0.972280 -0.233820 -0.000003 0.842017 -0.233827 0.486141 0.842018 -0.233827 0.486139 0.486140 -0.233827 0.842017 0.486139 -0.233827 0.842018 0.000002 -0.233825 0.972279 -0.000003 -0.233825 0.972279 -0.486138 -0.233813 0.842022 -0.486144 -0.233812 0.842019 -0.486144 -0.233812 0.842019 -0.486138 -0.233813 0.842022 -0.842022 -0.233800 0.486145 -0.842025 -0.233800 0.486139 -0.972287 -0.233789 0.000003 -0.972287 -0.233789 -0.000004 -0.842027 -0.233783 -0.486144 -0.842026 -0.233783 -0.486146 -0.486145 -0.233783 -0.842026 -0.486144 -0.233783 -0.842027 -0.125099 -0.967761 -0.218608 -0.222730 -0.895302 -0.385779 
						0.113937 -0.897184 -0.426707 -0.170907 0.940031 0.295181 -0.218695 -0.967719 0.125271 -0.385792 -0.895295 0.222736 0.305017 0.937567 0.167133 -0.426703 -0.897186 -0.113937 0.125108 -0.967756 0.218624 0.222745 -0.895286 0.385808 0.170890 0.940048 -0.295139 -0.113944 -0.897175 0.426725 0.227291 -0.966091 -0.122505 0.312752 -0.896871 -0.312743 0.381111 -0.900473 -0.209528 -0.294909 0.940139 -0.170786 0.426728 -0.897173 0.113943 0.218623 -0.967756 0.125109 0.385806 -0.895287 0.222746 0.312757 -0.896864 0.312758 -0.170873 0.940041 -0.295169 -0.125104 -0.967757 0.218620 -0.222742 -0.895291 0.385798 -0.312749 -0.896871 0.312747 0.295052 0.940057 -0.170987 -0.218609 -0.967761 -0.125098 -0.385780 -0.895302 -0.222730 -0.312735 -0.896880 -0.312735 -0.295194 0.940120 0.170397 0.170882 0.940028 0.295207 0.125079 -0.967760 -0.218621 0.222734 -0.895297 -0.385789 -0.000000 -0.999998 -0.002135 0.000463 -1.000000 -0.000754 -0.000754 -1.000000 0.000463 -0.001524 -0.999999 -0.000777 0.000165 -1.000000 -0.000095 0.000463 -1.000000 0.000754 -0.000000 -0.999998 0.002135 -0.000463 -1.000000 0.000754 0.000754 -1.000000 -0.000462 0.001525 -0.999999 0.000777 -0.000165 -1.000000 0.000095 -0.000463 -1.000000 -0.000754 0.000280 1.000000 -0.000503 -0.000000 1.000000 0.000000 0.000506 0.999999 -0.001355 0.000212 0.999999 -0.001419 -0.000354 1.000000 0.000607 -0.000566 1.000000 0.000258 -0.001419 0.999999 -0.000214 -0.001355 0.999999 -0.000506 -0.000504 1.000000 -0.000280 -0.000000 1.000000 -0.000001 0.000611 1.000000 0.000352 0.000259 1.000000 0.000564 -0.000212 0.999999 0.001418 -0.000506 0.999999 0.001355 -0.000280 1.000000 0.000503 -0.000000 1.000000 -0.000001 0.000000 1.000000 -0.000000 0.000000 1.000000 -0.000000 0.000000 1.000000 -0.000000 0.000000 1.000000 -0.000000 0.000000 1.000000 0.000000 0.000000 1.000000 0.000000 
						-0.000611 1.000000 -0.000353 -0.000259 1.000000 -0.000565 0.124433 0.968815 0.214274 -0.000009 0.968972 0.247170 0.214287 0.968791 0.124603 0.247241 0.968954 0.000150 0.214362 0.968788 -0.124495 0.124509 0.968792 -0.214335 0.000012 0.968951 -0.247253 -0.124454 0.968799 -0.214336 -0.214621 0.968783 -0.124086 -0.247928 0.968778 -0.000314 -0.214752 0.968802 0.123714 -0.124476 0.968812 0.214264 0.149148 -0.699591 -0.698804 0.274710 -0.743338 -0.609904 0.318770 -0.424417 -0.847500 0.195106 -0.373923 -0.906706 0.486744 -0.739563 -0.464894 0.604915 -0.487145 -0.629895 -0.030159 -0.999256 0.024041 -0.031252 -0.999181 0.025708 0.133528 -0.981925 -0.134143 0.784853 -0.527935 -0.324487 0.631674 -0.732992 -0.252410 0.692278 -0.721631 -0.000000 0.843788 -0.536677 -0.000000 -0.822755 0.015446 0.568186 -0.810433 0.175433 0.558947 -0.941007 0.173753 0.290372 -0.955418 0.014948 0.294876 -0.623538 0.016144 0.781626 -0.613558 0.177700 0.769395 -0.369269 0.016478 0.929176 -0.362954 0.176509 0.914937 -0.082405 0.016591 0.996461 -0.092155 0.170792 0.980988 0.049494 0.015496 0.998654 0.045617 0.107122 0.993199 0.999997 0.002344 0.000652 0.999997 0.002351 0.000699 0.999988 0.002662 -0.004180 0.999997 0.002419 0.000170 0.999996 0.002776 0.000514 0.999967 0.002683 -0.007641 -0.142337 0.988795 0.044990 -0.121718 0.988775 0.086653 -0.134224 0.988897 0.063764 -0.187235 0.982315 0.000001 -0.080560 0.989393 0.120877 -0.093220 0.990520 0.100900 -0.030805 0.987403 0.155195 -0.012590 0.989830 0.141700 -0.042614 0.994353 0.097195 -0.002559 0.967953 0.251120 -0.021472 0.994676 0.100794 -0.251457 0.769785 0.586686 -0.126697 0.798293 0.588792 -0.022069 0.994482 0.102556 -0.028923 0.995449 0.090803 -0.445058 0.767223 0.461835 -0.052632 0.997133 0.054358 -0.079750 0.996456 0.026744 -0.555437 0.794994 0.243875 
						-0.089791 0.995961 0.000000 -0.585922 0.810368 0.000000 0.000000 -1.000000 -0.000000 0.000000 -1.000000 -0.000000 -0.000000 -1.000000 -0.000000 -0.000000 -1.000000 -0.000000 -0.000000 -1.000000 -0.000000 -0.000000 -1.000000 -0.000000 -0.000000 -1.000000 -0.000000 -0.000000 -1.000000 -0.000000 -0.000000 -1.000000 -0.000000 -0.000000 -1.000000 -0.000000 -0.000000 -1.000000 -0.000000 -0.000000 -1.000000 -0.000000 0.000000 -1.000000 0.000000 -0.000000 -1.000000 -0.000000 0.996739 0.000165 0.080688 0.994603 0.018397 0.102109 0.955279 0.003107 -0.295691 0.821756 0.002673 -0.569833 0.821540 0.002672 -0.570144 0.955226 0.003108 -0.295861 0.626222 0.002027 -0.779642 0.625387 0.002034 -0.780312 0.378785 0.001192 -0.925484 0.376383 0.001202 -0.926463 0.121688 0.000365 -0.992568 0.121139 0.000375 -0.992636 0.018994 0.000045 -0.999820 0.019014 0.000055 -0.999819 -0.592181 0.693305 0.410671 -0.688569 0.693081 0.213335 -0.440709 0.699283 0.562831 -0.251919 0.692597 0.675904 -0.076863 0.695859 0.714053 0.019778 0.588931 0.807941 -0.149228 0.988803 0.000000 -0.720774 0.693170 0.000000 0.038555 -0.984596 -0.170540 0.016247 -0.999505 0.026950 -0.005258 -0.999667 0.025278 0.069331 -0.985821 -0.152809 -0.264279 0.758488 0.595695 -0.496566 0.721921 0.481925 -0.140474 0.740993 0.656656 0.964647 0.065596 0.255251 0.963347 0.116174 0.241798 0.178558 -0.980254 -0.084964 -0.032049 -0.999242 0.022080 -0.036974 -0.999251 0.011385 0.222201 -0.975001 -0.000001 -0.633749 0.734582 0.242386 -0.038550 -0.999257 -0.000000 0.952754 0.035318 0.301684 0.952712 0.035301 0.301818 -0.687294 0.726380 0.000001 -0.984698 0.174269 0.000001 -0.999889 0.014874 0.000001 0.999995 0.003252 -0.000000 0.999995 0.003251 -0.000000 0.149150 -0.699592 0.698803 0.195111 -0.373923 0.906705 0.318772 -0.424420 0.847497 0.274710 -0.743340 0.609902 
						0.604915 -0.487146 0.629895 0.486745 -0.739564 0.464893 -0.030159 -0.999256 -0.024042 0.133528 -0.981925 0.134142 -0.031252 -0.999181 -0.025709 0.784853 -0.527935 0.324486 0.631674 -0.732993 0.252409 -0.822755 0.015448 -0.568186 -0.955418 0.014950 -0.294876 -0.941007 0.173754 -0.290372 -0.810434 0.175432 -0.558946 -0.623539 0.016143 -0.781626 -0.613559 0.177700 -0.769394 -0.369270 0.016478 -0.929176 -0.362954 0.176510 -0.914936 -0.082404 0.016592 -0.996461 -0.092155 0.170791 -0.980988 0.049495 0.015497 -0.998654 0.045618 0.107118 -0.993199 0.999996 0.002776 -0.000515 0.999967 0.002683 0.007641 0.999988 0.002662 0.004180 0.999997 0.002351 -0.000700 0.999997 0.002344 -0.000652 0.999997 0.002419 -0.000171 -0.142337 0.988795 -0.044989 -0.134225 0.988897 -0.063764 -0.121719 0.988775 -0.086652 -0.093220 0.990520 -0.100900 -0.080560 0.989393 -0.120876 -0.030805 0.987404 -0.155195 -0.042614 0.994353 -0.097194 -0.012585 0.989829 -0.141702 -0.021472 0.994676 -0.100794 -0.002550 0.967954 -0.251115 -0.251458 0.769786 -0.586685 -0.028923 0.995449 -0.090802 -0.022069 0.994483 -0.102554 -0.126698 0.798294 -0.588790 -0.445058 0.767224 -0.461834 -0.052632 0.997134 -0.054358 -0.555436 0.794995 -0.243874 -0.079748 0.996456 -0.026742 0.000000 -1.000000 -0.000003 -0.000000 -1.000000 -0.000002 -0.000000 -1.000000 -0.000002 0.000000 -1.000000 -0.000003 -0.000000 -1.000000 0.000000 -0.000000 -1.000000 -0.000000 -0.000000 -1.000000 0.000000 -0.000000 -1.000000 0.000000 0.000000 -1.000000 -0.000000 -0.000000 -1.000000 0.000000 0.000000 -1.000000 0.000000 0.000000 -1.000000 -0.000000 0.996739 0.000166 -0.080688 0.994603 0.018398 -0.102110 0.955279 0.003106 0.295691 0.955226 0.003105 0.295861 0.821541 0.002672 0.570143 0.821756 0.002673 0.569833 0.625388 0.002034 0.780312 0.626223 0.002026 0.779642 0.376384 0.001201 0.926463 
						0.378785 0.001191 0.925484 0.121139 0.000374 0.992636 0.121689 0.000365 0.992568 0.019015 0.000054 0.999819 0.018995 0.000045 0.999820 -0.688568 0.693082 -0.213334 -0.592182 0.693304 -0.410671 -0.440710 0.699283 -0.562830 -0.251919 0.692597 -0.675904 -0.076861 0.695859 -0.714054 0.019783 0.588931 -0.807941 0.038555 -0.984596 0.170540 0.069331 -0.985821 0.152807 -0.005262 -0.999667 -0.025278 0.016239 -0.999505 -0.026949 -0.264280 0.758488 -0.595694 -0.496566 0.721922 -0.481925 -0.140476 0.740993 -0.656655 0.964647 0.065596 -0.255251 0.963347 0.116174 -0.241798 0.178558 -0.980254 0.084963 -0.036974 -0.999251 -0.011386 -0.032048 -0.999242 -0.022081 -0.633750 0.734582 -0.242385 0.952711 0.035302 -0.301819 0.952753 0.035318 -0.301686 0.346166 -0.426291 0.835730 0.346163 -0.426293 0.835730 0.346166 -0.426291 0.835730 0.346168 -0.426289 0.835730 0.835726 -0.426297 0.346169 0.835729 -0.426293 0.346166 0.835726 -0.426297 0.346169 0.835724 -0.426300 0.346172 0.835729 -0.426293 -0.346166 0.835730 -0.426292 -0.346165 0.835729 -0.426293 -0.346166 0.835727 -0.426295 -0.346168 0.346170 -0.426292 -0.835728 0.346168 -0.426294 -0.835728 0.346170 -0.426292 -0.835728 0.346173 -0.426290 -0.835728 -0.346174 -0.426296 -0.835724 -0.346184 -0.426288 -0.835724 -0.346175 -0.426295 -0.835724 -0.346167 -0.426302 -0.835724 -0.835728 -0.426296 -0.346166 -0.835722 -0.426303 -0.346172 -0.835728 -0.426296 -0.346166 -0.835732 -0.426291 -0.346161 -0.835726 -0.426298 0.346168 -0.835725 -0.426299 0.346168 -0.835726 -0.426298 0.346168 -0.835727 -0.426297 0.346167 -0.346167 -0.426291 0.835730 -0.346168 -0.426291 0.835729 -0.346167 -0.426291 0.835729 -0.346166 -0.426292 0.835730 0.156651 -0.975151 0.156653 -0.000000 -0.975151 0.221542 -0.000001 -1.000000 0.000001 0.221541 -0.975151 0.000000 0.156654 -0.975151 -0.156650 -0.000001 -0.975152 -0.221538 
						-0.156656 -0.975151 -0.156651 -0.221542 -0.975151 -0.000000 -0.156652 -0.975151 0.156653 0.835728 -0.426292 -0.346171 0.835730 -0.426290 -0.346169 0.835728 -0.426292 -0.346171 0.835726 -0.426294 -0.346172 0.346176 -0.426276 -0.835734 0.346183 -0.426271 -0.835734 0.346176 -0.426277 -0.835734 0.346170 -0.426281 -0.835734 -0.346176 -0.426277 -0.835733 -0.346184 -0.426271 -0.835733 -0.346177 -0.426277 -0.835733 -0.346171 -0.426282 -0.835733 -0.835729 -0.426292 -0.346169 -0.835729 -0.426291 -0.346168 -0.835729 -0.426292 -0.346169 -0.835729 -0.426292 -0.346169 -0.835728 -0.426298 0.346163 -0.835727 -0.426299 0.346164 -0.835728 -0.426298 0.346163 -0.835729 -0.426298 0.346162 -0.346173 -0.426299 0.835723 -0.346178 -0.426295 0.835723 -0.346173 -0.426299 0.835723 -0.346169 -0.426302 0.835723 0.346172 -0.426299 0.835724 0.346177 -0.426295 0.835724 0.346172 -0.426299 0.835724 0.346169 -0.426301 0.835724 0.835727 -0.426299 0.346165 0.835728 -0.426298 0.346164 0.835727 -0.426299 0.346165 0.835726 -0.426300 0.346166 0.221541 -0.975151 -0.000000 -0.000000 -1.000000 -0.000001 0.156652 -0.975152 -0.156650 -0.000000 -0.975152 -0.221538 -0.156653 -0.975152 -0.156650 -0.221541 -0.975151 -0.000000 -0.156654 -0.975152 0.156648 -0.000000 -0.975153 0.221534 0.156653 -0.975152 0.156647 -0.346172 -0.426287 -0.835730 -0.346172 -0.426287 -0.835730 -0.346172 -0.426287 -0.835730 -0.346173 -0.426287 -0.835730 -0.835730 -0.426292 -0.346166 -0.835731 -0.426290 -0.346164 -0.835730 -0.426292 -0.346166 -0.835729 -0.426293 -0.346167 -0.835727 -0.426299 0.346165 -0.835725 -0.426300 0.346166 -0.835727 -0.426298 0.346165 -0.835729 -0.426296 0.346163 -0.346169 -0.426299 0.835725 -0.346166 -0.426300 0.835725 -0.346169 -0.426298 0.835725 -0.346172 -0.426296 0.835725 0.346170 -0.426299 0.835724 0.346174 -0.426296 0.835724 0.346170 -0.426299 0.835724 0.346166 -0.426302 0.835724 
						0.835725 -0.426300 0.346167 0.835724 -0.426301 0.346168 0.835725 -0.426300 0.346167 0.835726 -0.426299 0.346166 0.835726 -0.426296 -0.346170 0.835726 -0.426296 -0.346170 0.835726 -0.426296 -0.346170 0.835727 -0.426295 -0.346169 0.346172 -0.426287 -0.835730 0.346171 -0.426288 -0.835730 0.346173 -0.426287 -0.835730 0.346174 -0.426285 -0.835730 -0.156651 -0.975152 -0.156650 0.000000 -0.975152 -0.221539 0.000000 -1.000000 -0.000001 -0.221541 -0.975151 -0.000000 -0.156653 -0.975152 0.156648 0.000000 -0.975152 0.221535 0.156653 -0.975152 0.156649 0.221541 -0.975151 -0.000000 0.156652 -0.975152 -0.156650 0.495103 0.005926 0.868814 0.495103 0.005927 0.868814 0.000000 0.087153 0.996195 0.000001 0.087154 0.996195 -0.495102 0.145028 0.856645 -0.495102 0.145029 0.856645 0.857541 -0.076887 0.508637 0.857542 -0.076886 0.508636 0.100432 0.770055 0.630022 0.444404 0.713615 0.541534 0.444403 0.713616 0.541533 0.100432 0.770057 0.630020 -0.857542 0.164042 0.487558 -0.857542 0.164043 0.487558 -0.243539 0.810259 0.533076 -0.243539 0.810258 0.533077 0.990204 -0.139101 0.012170 0.990203 -0.139101 0.012171 0.696207 0.656079 0.291300 0.696206 0.656079 0.291302 0.139633 0.986435 -0.086302 0.139630 0.986435 -0.086307 0.139632 0.986435 -0.086302 0.139627 0.986436 -0.086302 0.139632 0.986436 -0.086302 0.139631 0.986436 -0.086300 0.139632 0.986435 -0.086302 0.139630 0.986435 -0.086307 0.139632 0.986435 -0.086302 0.139628 0.986436 -0.086302 0.139632 0.986435 -0.086302 0.139635 0.986435 -0.086305 -0.990203 0.139101 -0.012171 -0.990203 0.139101 -0.012170 -0.495346 0.823465 0.276655 -0.495345 0.823465 0.276657 0.857541 -0.164044 -0.487558 0.857542 -0.164044 -0.487557 0.788371 0.612859 -0.053616 0.788371 0.612858 -0.053619 0.696207 0.595528 -0.400802 0.696205 0.595529 -0.400803 0.444397 0.608744 -0.657223 
						0.444397 0.608744 -0.657223 0.100431 0.648938 -0.754184 0.100432 0.648937 -0.754184 -0.243540 0.705377 -0.665681 -0.243538 0.705378 -0.665681 -0.495347 0.762912 -0.415448 -0.495346 0.762912 -0.415449 -0.587512 0.806136 -0.070528 -0.587512 0.806136 -0.070528 -0.495346 0.762912 -0.415449 -0.495347 0.762912 -0.415448 -0.857541 0.076887 -0.508637 -0.857541 0.076887 -0.508637 0.495102 -0.145032 -0.856644 0.495100 -0.145031 -0.856646 -0.000001 -0.087155 -0.996195 -0.000002 -0.087154 -0.996195 -0.495101 -0.005928 -0.868815 -0.495100 -0.005929 -0.868816 -0.857541 0.076887 -0.508637 -0.857541 0.076887 -0.508637 -0.835730 -0.426291 0.346168 -0.835735 -0.426285 0.346163 -0.835729 -0.426291 0.346169 -0.835725 -0.426296 0.346173 -0.346174 -0.426279 0.835733 -0.346172 -0.426280 0.835733 -0.346174 -0.426279 0.835733 -0.346176 -0.426278 0.835733 0.346176 -0.426280 0.835732 0.346175 -0.426280 0.835732 0.346175 -0.426280 0.835732 0.346176 -0.426280 0.835732 0.835728 -0.426293 0.346171 0.835729 -0.426291 0.346169 0.835728 -0.426293 0.346171 0.835726 -0.426294 0.346172 0.835727 -0.426297 -0.346166 0.835725 -0.426300 -0.346168 0.835727 -0.426297 -0.346166 0.835729 -0.426295 -0.346164 0.346170 -0.426299 -0.835725 0.346173 -0.426297 -0.835725 0.346170 -0.426299 -0.835724 0.346168 -0.426301 -0.835724 -0.346168 -0.426299 -0.835725 -0.346170 -0.426297 -0.835725 -0.346169 -0.426298 -0.835725 -0.346167 -0.426300 -0.835725 -0.835729 -0.426296 -0.346163 -0.835730 -0.426295 -0.346162 -0.835729 -0.426296 -0.346163 -0.835728 -0.426297 -0.346164 -0.221539 -0.975151 -0.000001 0.000000 -1.000000 -0.000000 -0.156650 -0.975152 0.156650 0.000000 -0.975152 0.221538 0.156650 -0.975152 0.156651 0.221539 -0.975151 -0.000001 0.156651 -0.975152 -0.156651 0.000000 -0.975152 -0.221537 -0.156651 -0.975152 -0.156650 -0.867190 -0.326889 -0.375667 -0.867193 -0.326885 -0.375663 
						-0.867189 -0.326890 -0.375667 -0.867187 -0.326893 -0.375670 -0.382050 -0.844346 -0.375656 -0.382054 -0.844346 -0.375653 -0.382049 -0.844346 -0.375656 -0.382046 -0.844347 -0.375659 0.326894 -0.867192 -0.375656 0.326898 -0.867190 -0.375660 0.326893 -0.867193 -0.375655 0.326890 -0.867195 -0.375653 0.844341 -0.382049 -0.375668 0.844342 -0.382048 -0.375668 0.844341 -0.382049 -0.375667 0.844341 -0.382050 -0.375667 0.867188 0.326888 -0.375671 0.867186 0.326891 -0.375674 0.867189 0.326887 -0.375671 0.867191 0.326885 -0.375668 0.382052 0.844338 -0.375673 0.382055 0.844337 -0.375670 0.382052 0.844338 -0.375673 0.382049 0.844338 -0.375675 -0.326894 0.867186 -0.375672 -0.326895 0.867185 -0.375673 -0.326893 0.867186 -0.375672 -0.326892 0.867187 -0.375671 -0.844343 0.382043 -0.375669 -0.844343 0.382043 -0.375669 -0.844343 0.382043 -0.375669 -0.844343 0.382043 -0.375669 -0.255234 0.008226 -0.966844 0.000000 0.000000 -1.000000 -0.186294 -0.174660 -0.966845 -0.008225 -0.255232 -0.966845 0.174661 -0.186293 -0.966844 0.255234 -0.008226 -0.966844 0.186296 0.174660 -0.966844 0.008226 0.255231 -0.966845 -0.174663 0.186292 -0.966844 -0.867190 -0.326888 -0.375667 -0.867194 -0.326884 -0.375662 -0.867190 -0.326889 -0.375667 -0.867187 -0.326892 -0.375671 -0.382049 -0.844346 -0.375658 -0.382052 -0.844346 -0.375655 -0.382048 -0.844346 -0.375658 -0.382045 -0.844347 -0.375660 0.326892 -0.867192 -0.375659 0.326898 -0.867188 -0.375664 0.326891 -0.867193 -0.375658 0.326887 -0.867196 -0.375653 0.844340 -0.382050 -0.375671 0.844340 -0.382050 -0.375671 0.844340 -0.382050 -0.375671 0.844340 -0.382050 -0.375671 0.867187 0.326889 -0.375674 0.867183 0.326894 -0.375679 0.867188 0.326887 -0.375673 0.867191 0.326883 -0.375669 0.382051 0.844338 -0.375673 0.382055 0.844337 -0.375670 0.382050 0.844338 -0.375674 0.382047 0.844338 -0.375677 -0.326895 0.867186 -0.375672 
						-0.326894 0.867186 -0.375671 -0.326895 0.867186 -0.375672 -0.326895 0.867185 -0.375672 -0.844343 0.382045 -0.375668 -0.844344 0.382042 -0.375669 -0.844343 0.382045 -0.375667 -0.844343 0.382047 -0.375666 -0.255232 0.008226 -0.966845 0.000001 0.000000 -1.000000 -0.186291 -0.174657 -0.966846 -0.008225 -0.255230 -0.966846 0.174659 -0.186291 -0.966845 0.255232 -0.008225 -0.966845 0.186293 0.174658 -0.966845 0.008226 0.255229 -0.966846 -0.174660 0.186288 -0.966846 -0.867190 -0.326888 -0.375666 -0.867195 -0.326883 -0.375661 -0.867190 -0.326889 -0.375667 -0.867186 -0.326893 -0.375671 -0.382050 -0.844346 -0.375656 -0.382052 -0.844346 -0.375654 -0.382050 -0.844346 -0.375656 -0.382048 -0.844346 -0.375657 0.326894 -0.867192 -0.375656 0.326897 -0.867190 -0.375659 0.326893 -0.867193 -0.375656 0.326891 -0.867195 -0.375653 0.844342 -0.382048 -0.375668 0.844342 -0.382046 -0.375669 0.844342 -0.382049 -0.375667 0.844341 -0.382050 -0.375666 0.867188 0.326888 -0.375672 0.867186 0.326890 -0.375674 0.867189 0.326887 -0.375671 0.867190 0.326885 -0.375669 0.382051 0.844339 -0.375671 0.382056 0.844339 -0.375667 0.382050 0.844339 -0.375672 0.382046 0.844340 -0.375675 -0.326892 0.867187 -0.375671 -0.326895 0.867185 -0.375673 -0.326891 0.867188 -0.375670 -0.326889 0.867189 -0.375668 -0.844343 0.382042 -0.375670 -0.844344 0.382042 -0.375670 -0.844343 0.382042 -0.375670 -0.844343 0.382043 -0.375669 -0.255234 0.008227 -0.966844 0.000000 0.000001 -1.000000 -0.186292 -0.174655 -0.966846 -0.008225 -0.255230 -0.966845 0.174660 -0.186289 -0.966846 0.255234 -0.008224 -0.966844 0.186296 0.174658 -0.966845 0.008226 0.255229 -0.966846 -0.174663 0.186289 -0.966845 -0.867190 -0.326888 -0.375667 -0.867193 -0.326884 -0.375664 -0.867189 -0.326889 -0.375668 -0.867187 -0.326891 -0.375671 -0.382049 -0.844346 -0.375658 -0.382053 -0.844345 -0.375655 -0.382047 -0.844346 -0.375659 
						-0.382044 -0.844346 -0.375662 0.326893 -0.867192 -0.375659 0.326899 -0.867187 -0.375665 0.326891 -0.867193 -0.375658 0.326887 -0.867196 -0.375653 0.844339 -0.382050 -0.375672 0.844339 -0.382051 -0.375671 0.844339 -0.382050 -0.375672 0.844339 -0.382049 -0.375672 0.867186 0.326889 -0.375675 0.867182 0.326895 -0.375680 0.867187 0.326888 -0.375673 0.867191 0.326883 -0.375669 0.382050 0.844339 -0.375672 0.382056 0.844339 -0.375667 0.382048 0.844340 -0.375673 0.382043 0.844340 -0.375677 -0.326893 0.867187 -0.375670 -0.326894 0.867186 -0.375672 -0.326892 0.867187 -0.375670 -0.326891 0.867188 -0.375669 -0.844343 0.382045 -0.375668 -0.844343 0.382043 -0.375669 -0.844343 0.382045 -0.375667 -0.844343 0.382047 -0.375667 -0.255234 0.008226 -0.966844 0.000001 0.000001 -1.000000 -0.186294 -0.174660 -0.966845 -0.008225 -0.255232 -0.966845 0.174662 -0.186294 -0.966844 0.255234 -0.008225 -0.966844 0.186295 0.174662 -0.966844 0.008226 0.255233 -0.966845 -0.174662 0.186293 -0.966844 0.000000 -1.000000 -0.000000 0.000000 -1.000000 -0.000000 -0.000001 -1.000000 0.000000 -0.000000 -1.000000 0.000000 0.000000 -1.000000 -0.000000 0.000000 -1.000000 0.000000 0.000000 -1.000000 -0.000000 0.000001 -1.000000 -0.000001 0.000000 -1.000000 -0.000000 -0.000000 -1.000000 -0.000000 0.000001 -1.000000 0.000000 0.000000 -1.000000 -0.000000 0.000000 -1.000000 -0.000000 0.000000 -1.000000 -0.000000 -0.000000 -1.000000 -0.000000 0.000000 -1.000000 -0.000000 0.000000 -1.000000 0.000000 0.000000 -1.000000 0.000000 -0.000000 -1.000000 -0.000000 0.000000 -1.000000 -0.000000 -0.000001 -1.000000 0.000000 -0.000000 -1.000000 0.000000 0.000000 -1.000000 -0.000000 -0.000000 -1.000000 0.000000 -0.000000 -1.000000 0.000000 0.000000 -1.000000 0.000000 0.000001 -1.000000 -0.000000 0.000001 -1.000000 -0.000001 0.000001 -1.000000 0.000001 0.000000 -1.000000 0.000001 
						-0.000000 -1.000000 0.000000 -0.000000 -1.000000 0.000000 0.707109 0.000000 0.707105 0.381047 -0.000000 0.924556 0.381047 0.000000 0.924556 0.707109 -0.000000 0.707104 0.924114 -0.000000 0.382118 0.924114 -0.000000 0.382118 1.000000 -0.000000 -0.000000 1.000000 0.000000 0.000000 0.924113 0.000000 -0.382118 0.924113 0.000000 -0.382118 0.707105 0.000000 -0.707108 0.707105 0.000000 -0.707108 0.381042 0.000000 -0.924558 0.381042 -0.000000 -0.924558 -0.381044 0.000000 -0.924557 -0.381044 0.000000 -0.924557 -0.707107 0.000000 -0.707107 -0.707107 0.000000 -0.707107 -0.924113 0.000000 -0.382119 -0.924113 0.000000 -0.382119 -1.000000 0.000000 0.000000 -1.000000 0.000000 0.000000 -0.924113 0.000000 0.382119 -0.924113 0.000000 0.382119 -0.707108 0.000000 0.707106 -0.707108 0.000000 0.707106 1.000000 -0.000000 0.000000 1.000000 -0.000000 -0.000001 0.923957 0.000001 0.382496 0.923957 0.000001 0.382496 -0.382137 0.000001 0.924106 0.000000 0.000001 1.000000 0.000001 0.000001 1.000000 -0.382137 0.000001 0.924106 -0.923957 0.000000 0.382497 -0.707107 0.000000 0.707106 -0.707107 0.000001 0.707106 -0.923957 0.000000 0.382497 -0.000000 1.000000 -0.000000 -0.000000 1.000000 -0.000000 -0.000000 1.000000 -0.000000 0.000000 1.000000 0.000000 0.000000 1.000000 -0.000000 0.000000 1.000000 -0.000000 -0.000000 1.000000 0.000000 0.000000 1.000000 0.000000 -0.000000 1.000000 0.000000 -0.000000 1.000000 0.000001 0.000000 1.000000 0.000000 0.000000 1.000000 0.000000 0.000000 1.000000 0.000000 -0.000000 1.000000 0.000000 0.000000 1.000000 0.000000 0.000000 1.000000 0.000000 0.000000 1.000000 0.000000 0.000000 1.000000 0.000000 0.000000 1.000000 0.000001 0.000000 1.000000 0.000000 0.000000 1.000000 0.000000 0.000000 1.000000 -0.000000 0.000000 1.000000 0.000000 0.000000 1.000000 0.000000 
						-0.000000 1.000000 -0.000000 0.000000 1.000000 -0.000000 0.000000 1.000000 0.000000 0.000000 1.000000 0.000000 -0.000000 1.000000 -0.000000 -0.000001 1.000000 -0.000000 0.000000 1.000000 -0.000000 0.000000 1.000000 -0.000000 -0.000000 0.000000 1.000000 0.000000 0.000000 1.000000 0.000000 0.000000 -1.000000 0.000000 -0.000000 -1.000000 -0.381044 0.000000 -0.924557 -0.381044 0.000000 -0.924557 -0.381045 0.000000 0.924557 -0.381045 0.000000 0.924557 -0.382138 -0.000002 -0.924105 -0.382138 -0.000001 -0.924105 -0.000001 -0.000002 -1.000000 -0.000000 -0.000003 -1.000000 -0.000000 -0.000003 -1.000000 -0.000001 -0.000002 -1.000000 0.382139 -0.000004 -0.924105 0.382139 -0.000004 -0.924105 0.707108 -0.000002 -0.707106 0.707108 -0.000002 -0.707106 0.923957 -0.000001 -0.382498 0.923957 -0.000001 -0.382497 0.707107 0.000002 0.707107 0.707107 0.000003 0.707106 0.382137 0.000002 0.924106 0.382136 0.000001 0.924106 0.000001 0.000001 1.000000 0.000000 0.000001 1.000000 -1.000000 0.000000 0.000000 -1.000000 0.000000 0.000000 -0.923957 -0.000001 -0.382497 -0.923957 -0.000001 -0.382495 -0.707109 0.000000 -0.707105 -0.707109 0.000000 -0.707105 0.004934 -0.999988 0.000000 0.004934 -0.965914 0.258816 -0.018521 -0.965760 0.258775 -0.018521 -0.999829 -0.000000 0.004934 -0.866015 0.499994 -0.018521 -0.865877 0.499914 0.004934 -0.707098 0.707098 -0.018521 -0.706985 0.706986 0.004933 -0.499994 0.866015 -0.018521 -0.499914 0.865877 0.004933 -0.258816 0.965914 -0.018521 -0.258775 0.965760 0.004934 0.000000 0.999988 -0.018521 0.000000 0.999829 0.004934 0.000000 0.999988 0.004933 0.258816 0.965914 -0.018521 0.258775 0.965760 -0.018521 0.000000 0.999829 0.004933 0.499994 0.866015 -0.018521 0.499914 0.865877 0.004933 0.707098 0.707098 -0.018521 0.706986 0.706985 0.004934 0.866015 0.499994 -0.018521 0.865877 0.499915 
						0.004934 0.965914 0.258816 -0.018521 0.965760 0.258775 0.004934 0.999988 0.000000 -0.018521 0.999829 0.000000 0.004934 0.965914 -0.258816 -0.018521 0.965760 -0.258775 0.004934 0.866015 -0.499994 -0.018521 0.865877 -0.499914 0.004934 0.707098 -0.707098 -0.018521 0.706986 -0.706985 0.004934 0.499993 -0.866015 -0.018521 0.499914 -0.865877 0.004934 0.258817 -0.965914 -0.018521 0.258775 -0.965760 0.004934 0.000000 -0.999988 -0.018521 0.000001 -0.999829 0.004934 -0.258817 -0.965914 -0.018520 -0.258775 -0.965760 0.004934 -0.499994 -0.866015 -0.018521 -0.499914 -0.865877 0.004934 -0.707098 -0.707099 -0.018521 -0.706985 -0.706986 0.004934 -0.866015 -0.499994 -0.018521 -0.865877 -0.499915 0.004934 -0.965914 -0.258816 -0.018521 -0.965760 -0.258775 -0.945998 0.324170 -0.001621 -0.947850 0.308132 -0.081453 -0.948135 0.275139 -0.159184 -0.948134 0.224564 -0.224971 -0.948134 0.158685 -0.275427 -0.948135 0.081993 -0.307112 -0.945998 -0.001621 -0.324170 -1.000000 0.000000 -0.000000 -0.046136 -0.964897 0.258544 -0.046136 -0.998935 0.000000 -0.046136 -0.865103 0.499468 -0.046136 -0.706354 0.706354 -0.046136 -0.499467 0.865103 -0.046136 -0.258543 0.964897 -0.046136 0.000000 0.998935 -0.046136 0.258544 0.964897 -0.046136 0.000000 0.998935 -0.046136 0.499468 0.865103 -0.046136 0.706354 0.706354 -0.046136 0.865103 0.499468 -0.046136 0.964897 0.258544 -0.046136 0.998935 0.000000 -0.046136 0.964897 -0.258543 -0.046136 0.865103 -0.499468 -0.046136 0.706354 -0.706354 -0.046136 0.499468 -0.865103 -0.046136 0.258543 -0.964897 -0.046136 0.000001 -0.998935 -0.046136 -0.258543 -0.964897 -0.046136 -0.499468 -0.865103 -0.046136 -0.706353 -0.706354 -0.046136 -0.865103 -0.499468 -0.046136 -0.964897 -0.258544 -0.089125 -0.962082 0.257790 -0.089125 -0.996020 0.000000 -0.089125 -0.862579 0.498010 -0.089125 -0.704293 0.704293 -0.089125 -0.498010 0.862579 
						-0.089125 -0.257789 0.962082 -0.089125 0.000000 0.996020 -0.089125 0.257789 0.962082 -0.089125 0.000000 0.996020 -0.089125 0.498011 0.862579 -0.089125 0.704293 0.704292 -0.089125 0.862579 0.498011 -0.089125 0.962082 0.257789 -0.089125 0.996020 0.000000 -0.089125 0.962082 -0.257789 -0.089125 0.862579 -0.498010 -0.089125 0.704293 -0.704292 -0.089125 0.498010 -0.862579 -0.089125 0.257789 -0.962082 -0.089125 0.000000 -0.996020 -0.089125 -0.257789 -0.962082 -0.089125 -0.498009 -0.862580 -0.089125 -0.704293 -0.704293 -0.089125 -0.862579 -0.498011 -0.089125 -0.962082 -0.257789 0.046849 -0.998902 0.000000 0.046849 -0.964865 0.258535 0.046848 -0.964865 -0.258535 0.046848 -0.865074 -0.499451 0.046848 -0.706331 -0.706330 0.046848 -0.499451 -0.865075 0.046848 -0.258534 -0.964866 0.046849 -0.000000 -0.998902 0.046849 0.258535 -0.964865 0.046849 0.499451 -0.865075 0.046849 0.706330 -0.706330 0.046848 0.865075 -0.499450 0.046849 0.964865 -0.258535 0.046849 0.998902 -0.000000 0.046848 0.964865 0.258535 0.046848 0.865075 0.499451 0.046848 0.706331 0.706330 0.046848 0.499451 0.865074 0.046848 0.258535 0.964865 0.046848 0.000000 0.998902 0.046848 -0.258534 0.964865 0.046848 0.000000 0.998902 0.046848 -0.499451 0.865075 0.046848 -0.706330 0.706331 0.046848 -0.865074 0.499451 0.088865 -0.996044 0.000000 0.088865 -0.962104 0.257795 0.088865 -0.962104 -0.257795 0.088865 -0.862599 -0.498022 0.088865 -0.704309 -0.704309 0.088865 -0.498022 -0.862599 0.088865 -0.257795 -0.962104 0.088865 -0.000000 -0.996044 0.088864 0.257796 -0.962104 0.088865 0.498022 -0.862599 0.088865 0.704309 -0.704310 0.088865 0.862599 -0.498022 0.088865 0.962104 -0.257795 0.088865 0.996044 -0.000000 0.088865 0.962104 0.257795 0.088865 0.862599 0.498022 0.088865 0.704310 0.704309 0.088865 0.498022 0.862599 0.088864 0.257795 0.962104 
						0.088864 0.000000 0.996044 0.088864 -0.257795 0.962104 0.088864 0.000000 0.996044 0.088865 -0.498022 0.862599 0.088865 -0.704309 0.704309 0.088865 -0.862599 0.498022 -0.110528 -0.993873 0.000000 -0.110528 -0.960008 0.257234 -0.110528 -0.960008 -0.257233 -0.110528 -0.860719 -0.496937 -0.110528 -0.702774 -0.702775 -0.110527 -0.496936 -0.860719 -0.110527 -0.257233 -0.960008 -0.110527 -0.000000 -0.993873 -0.110528 0.257233 -0.960008 -0.110528 0.496937 -0.860719 -0.110528 0.702774 -0.702775 -0.110528 0.860719 -0.496937 -0.110528 0.960008 -0.257233 -0.110528 0.993873 0.000000 -0.110528 0.960008 0.257233 -0.110528 0.860719 0.496937 -0.110528 0.702775 0.702774 -0.110528 0.496937 0.860719 -0.110528 0.257233 0.960008 -0.110528 0.000000 0.993873 -0.110528 -0.257233 0.960008 -0.110528 0.000000 0.993873 -0.110528 -0.496936 0.860719 -0.110528 -0.702774 0.702774 -0.110528 -0.860719 0.496937 -0.464612 -0.885515 0.000000 -0.464612 -0.855341 0.229188 -0.464612 -0.855341 -0.229188 -0.464612 -0.766878 -0.442758 -0.464612 -0.626153 -0.626154 -0.464612 -0.442757 -0.766878 -0.464612 -0.229188 -0.855341 -0.464612 0.000000 -0.885515 -0.464611 0.229188 -0.855342 -0.464612 0.442757 -0.766878 -0.464612 0.626154 -0.626153 -0.464612 0.766878 -0.442757 -0.464612 0.855342 -0.229188 -0.464612 0.885515 -0.000000 -0.464612 0.855341 0.229188 -0.464612 0.766878 0.442757 -0.464612 0.626153 0.626153 -0.464612 0.442757 0.766878 -0.464612 0.229188 0.855341 -0.464612 0.000000 0.885515 -0.464612 -0.229187 0.855341 -0.464612 0.000000 0.885515 -0.464612 -0.442757 0.766878 -0.464612 -0.626153 0.626153 -0.464612 -0.766878 0.442757 -0.662858 -0.748745 0.000000 -0.662858 -0.723232 0.193790 -0.662858 -0.723232 -0.193790 -0.662858 -0.648432 -0.374373 -0.662858 -0.529443 -0.529443 -0.662858 -0.374372 -0.648432 -0.662858 -0.193789 -0.723232 -0.662858 0.000000 -0.748745 
						-0.662858 0.193790 -0.723232 -0.662858 0.374373 -0.648432 -0.662858 0.529443 -0.529443 -0.662858 0.648432 -0.374372 -0.662858 0.723232 -0.193789 -0.662858 0.748745 -0.000000 -0.662858 0.723232 0.193789 -0.662858 0.648432 0.374373 -0.662858 0.529443 0.529443 -0.662858 0.374373 0.648432 -0.662858 0.193790 0.723232 -0.662858 0.000000 0.748745 -0.662858 -0.193789 0.723232 -0.662858 0.000000 0.748745 -0.662858 -0.374372 0.648432 -0.662858 -0.529443 0.529443 -0.662858 -0.648432 0.374373 -0.725150 -0.688591 0.000000 -0.725150 -0.665128 0.178221 -0.725150 -0.665128 -0.178221 -0.725150 -0.596337 -0.344296 -0.725149 -0.486908 -0.486908 -0.725149 -0.344296 -0.596338 -0.725149 -0.178220 -0.665129 -0.725149 0.000000 -0.688592 -0.725149 0.178221 -0.665128 -0.725149 0.344296 -0.596338 -0.725149 0.486908 -0.486908 -0.725149 0.596338 -0.344295 -0.725149 0.665128 -0.178221 -0.725149 0.688591 -0.000000 -0.725150 0.665128 0.178221 -0.725149 0.596338 0.344296 -0.725149 0.486908 0.486908 -0.725150 0.344296 0.596337 -0.725150 0.178220 0.665128 -0.725150 0.000000 0.688591 -0.725150 -0.178220 0.665128 -0.725150 0.000000 0.688591 -0.725150 -0.344296 0.596337 -0.725149 -0.486908 0.486908 -0.725150 -0.596337 0.344296 0.000000 -0.965926 0.258819 0.000000 -1.000000 0.000000 0.000000 -1.000000 0.000000 0.000000 -0.965926 0.258819 -0.000000 -0.965926 -0.258819 -0.000000 -0.965926 -0.258819 0.000000 -0.866025 -0.500001 0.000000 -0.866025 -0.500001 -0.000000 -0.707107 -0.707107 -0.000000 -0.707107 -0.707107 0.000000 -0.500000 -0.866025 0.000000 -0.500000 -0.866026 0.000001 -0.258819 -0.965926 0.000001 -0.258819 -0.965926 0.000000 0.000001 -1.000000 0.000000 0.000000 -1.000000 0.000000 0.258819 -0.965926 0.000000 0.258819 -0.965926 0.000001 0.500000 -0.866026 0.000001 0.500000 -0.866026 0.000000 0.707107 -0.707107 0.000000 0.707107 -0.707107 
						0.000000 0.866026 -0.500000 0.000000 0.866026 -0.499999 0.000000 0.965926 -0.258819 0.000000 0.965926 -0.258819 -0.000000 1.000000 -0.000000 0.000000 1.000000 -0.000000 0.000000 0.965926 0.258819 0.000000 0.965926 0.258819 -0.000000 0.866025 0.500000 0.000000 0.866025 0.500000 -0.000000 0.707107 0.707107 -0.000000 0.707107 0.707107 -0.000000 0.500000 0.866026 -0.000000 0.500000 0.866026 -0.000000 0.258819 0.965926 -0.000000 0.258819 0.965926 -0.000001 0.000000 1.000000 -0.000000 0.000000 1.000000 -0.000001 0.000000 1.000000 -0.000001 -0.258819 0.965926 -0.000001 -0.258819 0.965926 -0.000000 0.000000 1.000000 -0.000000 -0.500000 0.866025 -0.000000 -0.500000 0.866025 -0.000000 -0.707107 0.707107 -0.000000 -0.707107 0.707107 -0.000000 -0.866025 0.500000 -0.000000 -0.866025 0.500000 -0.007306 -0.965900 0.258813 -0.007306 -0.999973 0.000000 -0.007306 -0.866002 0.499987 -0.007306 -0.707087 0.707088 -0.007306 -0.499986 0.866003 -0.007306 -0.258812 0.965900 -0.007306 0.000000 0.999973 -0.007306 0.258812 0.965900 -0.007306 0.000000 0.999973 -0.007306 0.499987 0.866002 -0.007306 0.707088 0.707088 -0.007306 0.866002 0.499987 -0.007306 0.965900 0.258812 -0.007306 0.999973 0.000000 -0.007306 0.965900 -0.258812 -0.007306 0.866002 -0.499986 -0.007306 0.707088 -0.707088 -0.007306 0.499987 -0.866002 -0.007306 0.258811 -0.965900 -0.007306 0.000000 -0.999973 -0.007306 -0.258812 -0.965900 -0.007306 -0.499986 -0.866003 -0.007306 -0.707088 -0.707088 -0.007306 -0.866002 -0.499987 -0.007306 -0.965900 -0.258812 0.244069 -0.936714 0.250992 0.244069 -0.969758 0.000000 0.244069 -0.839835 0.484879 0.244069 -0.685722 0.685723 0.244069 -0.484879 0.839835 0.244069 -0.250992 0.936714 0.244069 0.000000 0.969758 0.244069 0.250992 0.936714 0.244069 0.000000 0.969758 0.244069 0.484879 0.839835 0.244069 0.685723 0.685722 
						0.244069 0.839835 0.484879 0.244069 0.936714 0.250992 0.244069 0.969758 0.000000 0.244069 0.936714 -0.250992 0.244069 0.839835 -0.484879 0.244069 0.685722 -0.685723 0.244068 0.484879 -0.839835 0.244068 0.250992 -0.936714 0.244069 0.000000 -0.969758 0.244069 -0.250991 -0.936714 0.244069 -0.484879 -0.839835 0.244069 -0.685722 -0.685722 0.244069 -0.839835 -0.484879 0.244069 -0.936714 -0.250992 0.288727 -0.924727 0.248026 0.288728 -0.957411 0.000238 0.288727 -0.829023 0.478912 0.288728 -0.676823 0.677161 0.288728 -0.478499 0.829262 0.288728 -0.247566 0.924850 0.288727 0.000238 0.957411 0.288728 0.248026 0.924727 0.288727 0.000238 0.957411 0.288728 0.478912 0.829023 0.288728 0.677160 0.676823 0.288728 0.829261 0.478500 0.288728 0.924850 0.247567 0.288728 0.957411 -0.000238 0.288728 0.924727 -0.248026 0.288727 0.829024 -0.478912 0.288727 0.676824 -0.677161 0.288728 0.478499 -0.829262 0.288728 0.247567 -0.924850 0.288728 -0.000238 -0.957411 0.288727 -0.248025 -0.924727 0.288728 -0.478912 -0.829023 0.288728 -0.677160 -0.676824 0.288728 -0.829261 -0.478500 0.288728 -0.924850 -0.247567 -0.101968 -0.961693 0.254457 -0.111804 -0.993718 -0.005031 -0.101968 -0.863066 0.494692 -0.101968 -0.705622 0.701213 -0.101968 -0.500091 0.859949 -0.103420 -0.258648 0.960420 -0.111803 -0.005031 0.993718 -0.101968 0.254457 0.961693 -0.111803 -0.005031 0.993718 -0.101968 0.494692 0.863066 -0.101968 0.701214 0.705622 -0.101968 0.859948 0.500091 -0.103420 0.960419 0.258649 -0.111804 0.993718 0.005031 -0.101968 0.961693 -0.254458 -0.101968 0.863066 -0.494691 -0.101968 0.705622 -0.701213 -0.101967 0.500091 -0.859949 -0.103419 0.258649 -0.960419 -0.111803 0.005032 -0.993718 -0.101968 -0.254457 -0.961693 -0.101968 -0.494691 -0.863066 -0.101967 -0.701213 -0.705622 -0.101968 -0.859948 -0.500092 -0.103420 -0.960419 -0.258648 
						-0.947850 0.081454 0.308133 -0.948135 0.159184 0.275139 -0.948134 0.224971 0.224564 -0.948134 0.275427 0.158685 -0.948135 0.307112 0.081993 -0.945998 0.001620 0.324170 -0.947850 -0.081453 -0.308132 -0.948135 -0.159183 -0.275139 -0.948134 -0.224971 -0.224564 -0.948135 -0.275426 -0.158685 -0.948134 -0.307113 -0.081993 -0.945998 -0.324170 0.001621 -0.947850 -0.308133 0.081454 -0.948134 -0.275139 0.159184 -0.948135 -0.224564 0.224971 -0.948134 -0.158685 0.275427 -0.948134 -0.081992 0.307113 -0.947850 0.308132 -0.081453 -0.945998 0.324170 -0.001621 -0.628240 0.778015 0.002539 -0.624456 0.755431 -0.198441 -0.948135 0.275139 -0.159184 -0.623727 0.677821 -0.389260 -0.948134 0.224564 -0.224971 -0.623727 0.553977 -0.551429 -0.948134 0.158685 -0.275427 -0.623726 0.392380 -0.676020 -0.948135 0.081993 -0.307112 -0.622571 0.201077 -0.756289 -0.945998 -0.001621 -0.324170 -0.628240 0.002539 -0.778015 -0.624455 -0.755431 0.198441 -0.628240 -0.778015 -0.002539 -0.623727 -0.677821 0.389261 -0.623727 -0.553976 0.551430 -0.623727 -0.392379 0.676020 -0.622571 -0.201077 0.756289 -0.628239 -0.002539 0.778016 -0.624456 0.198441 0.755431 -0.628239 -0.002539 0.778016 -0.623728 0.389260 0.677820 -0.623727 0.551430 0.553976 -0.623728 0.676019 0.392380 -0.622571 0.756289 0.201077 -0.624456 -0.198441 -0.755431 -0.623728 -0.389260 -0.677821 -0.623727 -0.551430 -0.553977 -0.623728 -0.676019 -0.392380 -0.622571 -0.756290 -0.201077 -0.947850 0.081454 0.308133 -0.945998 0.001620 0.324170 -0.948135 0.159184 0.275139 -0.948134 0.224971 0.224564 -0.948134 0.275427 0.158685 -0.948135 0.307112 0.081993 -0.947850 -0.081453 -0.308132 -0.948135 -0.159183 -0.275139 -0.948134 -0.224971 -0.224564 -0.948135 -0.275426 -0.158685 -0.948134 -0.307113 -0.081993 -0.945998 -0.324170 0.001621 -0.947850 -0.308133 0.081454 -0.948134 -0.275139 0.159184 -0.948135 -0.224564 0.224971 
						-0.948134 -0.158685 0.275427 -0.948134 -0.081992 0.307113 -0.945998 0.001620 0.324170 1.000000 0.000000 0.000000 1.000000 0.000001 -0.000001 1.000000 0.000000 -0.000001 1.000000 0.000000 0.000000 1.000000 -0.000000 0.000000 1.000000 0.000000 0.000000 1.000000 -0.000000 0.000000 1.000000 0.000000 0.000000 1.000000 0.000000 0.000000 1.000000 0.000000 0.000000 1.000000 -0.000000 0.000000 1.000000 0.000000 0.000000 1.000000 -0.000000 0.000000 1.000000 -0.000000 0.000000 1.000000 0.000000 0.000000 1.000000 -0.000000 0.000000 1.000000 0.000000 0.000000 1.000000 -0.000000 0.000000 1.000000 -0.000000 0.000000 1.000000 -0.000000 -0.000001 1.000000 -0.000000 -0.000000 1.000000 -0.000000 -0.000001 1.000000 0.000000 0.000000 1.000000 0.000000 0.000000 1.000000 0.000000 0.000000 1.000000 0.000000 0.000000 1.000000 0.000000 0.000000 1.000000 0.000000 0.000000 1.000000 -0.000000 0.000000 1.000000 0.000000 0.000000 1.000000 -0.000000 0.000000 1.000000 0.000000 0.000000 1.000000 0.000000 0.000000 1.000000 0.000000 0.000000 1.000000 0.000000 0.000000 1.000000 0.000000 0.000000 1.000000 -0.000000 0.000000 1.000000 -0.000000 0.000000 1.000000 0.000000 0.000000 1.000000 -0.000000 0.000000 1.000000 0.000000 0.000000 1.000000 0.000000 0.000000 1.000000 0.000000 0.000000 1.000000 0.000000 0.000000 1.000000 0.000000 0.000000 1.000000 0.000000 0.000000 1.000000 0.000000 0.000000 1.000000 0.000000 0.000000 1.000000 0.000006 0.000001 1.000000 0.000005 0.000003 1.000000 -0.000000 0.000000 1.000000 0.000004 0.000004 1.000000 0.000003 0.000005 1.000000 0.000001 0.000006 1.000000 0.000000 0.000006 1.000000 -0.000001 0.000006 1.000000 -0.000003 0.000005 1.000000 -0.000004 0.000004 1.000000 -0.000005 0.000003 1.000000 -0.000006 0.000001 1.000000 -0.000006 -0.000000 
						1.000000 -0.000006 -0.000001 1.000000 -0.000005 -0.000003 1.000000 -0.000004 -0.000004 1.000000 -0.000003 -0.000005 1.000000 -0.000001 -0.000006 1.000000 -0.000000 -0.000006 1.000000 0.000001 -0.000006 1.000000 0.000003 -0.000005 1.000000 0.000004 -0.000004 1.000000 0.000005 -0.000003 1.000000 0.000006 -0.000001 1.000000 0.000006 -0.000000 0.000000 -0.965926 -0.258819 0.000000 -0.866025 -0.500000 0.000000 -0.866025 -0.500000 0.000000 -0.965926 -0.258819 0.000000 -0.707108 -0.707106 0.000000 -0.707106 -0.707108 0.000000 -0.499999 -0.866026 0.000000 -0.499999 -0.866026 -0.000000 -0.258815 -0.965927 0.000000 -0.258818 -0.965926 0.000000 -0.000000 -1.000000 -0.000000 -0.000000 -1.000000 0.000000 0.258816 -0.965927 0.000000 0.258819 -0.965926 0.000000 0.499998 -0.866027 0.000000 0.499999 -0.866026 0.000000 0.707108 -0.707106 0.000000 0.707106 -0.707107 0.000000 0.866026 -0.499999 0.000000 0.866026 -0.499999 0.000000 0.965926 -0.258818 0.000000 0.965926 -0.258818 0.000000 1.000000 -0.000001 -0.000000 1.000000 0.000000 0.000000 0.965926 0.258818 -0.000000 0.965926 0.258819 0.000000 0.866026 0.499999 0.000000 0.866026 0.499999 0.000000 0.707106 0.707107 0.000000 0.707106 0.707107 -0.000000 0.499999 0.866026 -0.000000 0.499999 0.866026 -0.000000 0.258819 0.965926 0.000000 0.258819 0.965926 0.000000 0.000000 1.000000 -0.000000 -0.000000 1.000000 0.000000 -0.258819 0.965926 0.000000 -0.258819 0.965926 0.000000 -0.499999 0.866026 0.000000 -0.499999 0.866026 0.000000 -0.707106 0.707108 0.000000 -0.707106 0.707108 0.000000 -0.866025 0.500000 -0.000000 -0.866025 0.500000 0.000000 -0.965926 0.258820 0.000000 -0.965926 0.258819 0.000000 -1.000000 0.000001 0.000000 -1.000000 0.000001 1.000000 0.000001 0.000001 1.000000 0.000001 0.000000 1.000000 0.000001 0.000000 1.000000 0.000001 0.000001 
						1.000000 0.000001 0.000001 1.000000 0.000001 0.000001 1.000000 0.000001 0.000001 1.000000 0.000001 0.000001 1.000000 0.000000 0.000001 1.000000 0.000000 0.000001 1.000000 0.000000 0.000001 1.000000 0.000000 0.000001 1.000000 -0.000000 0.000001 1.000000 -0.000000 0.000001 1.000000 -0.000001 0.000001 1.000000 -0.000001 0.000001 1.000000 -0.000001 0.000001 1.000000 -0.000001 0.000001 1.000000 -0.000001 0.000001 1.000000 -0.000001 0.000001 1.000000 -0.000001 0.000000 1.000000 -0.000001 0.000000 1.000000 -0.000001 0.000000 1.000000 -0.000001 -0.000000 1.000000 -0.000001 -0.000000 1.000000 -0.000001 -0.000001 1.000000 -0.000001 -0.000001 1.000000 -0.000001 -0.000002 1.000000 -0.000002 -0.000002 1.000000 -0.000002 -0.000002 1.000000 -0.000001 -0.000002 1.000000 -0.000001 -0.000002 1.000000 -0.000001 -0.000002 1.000000 -0.000001 -0.000002 1.000000 -0.000000 -0.000002 1.000000 -0.000000 -0.000002 1.000000 0.000001 -0.000002 1.000000 0.000001 -0.000002 1.000000 0.000001 -0.000002 1.000000 0.000001 -0.000002 1.000000 0.000002 -0.000002 1.000000 0.000002 -0.000002 1.000000 0.000002 -0.000001 1.000000 0.000001 -0.000002 1.000000 0.000001 -0.000001 1.000000 0.000001 -0.000001 1.000000 0.000001 -0.000000 1.000000 0.000001 -0.000000 0.037036 -0.865431 -0.499658 0.037035 -0.965263 -0.258642 0.037035 -0.965263 -0.258641 0.037036 -0.865431 -0.499658 0.037036 -0.706621 -0.706623 0.037036 -0.706621 -0.706623 0.037037 -0.499658 -0.865430 0.037037 -0.499658 -0.865431 0.037034 -0.258642 -0.965263 0.037034 -0.258641 -0.965263 0.037035 -0.000000 -0.999314 0.037035 -0.000000 -0.999314 0.037034 0.258643 -0.965263 0.037034 0.258642 -0.965263 0.037037 0.499657 -0.865431 0.037037 0.499657 -0.865431 0.037033 0.706623 -0.706621 0.037032 0.706623 -0.706620 0.037036 0.865431 -0.499657 0.037037 0.865431 -0.499658 
						0.037037 0.965263 -0.258641 0.037037 0.965263 -0.258642 0.037037 0.999314 -0.000000 0.037036 0.999314 0.000000 0.037035 0.965263 0.258641 0.037034 0.965263 0.258641 0.037034 0.865431 0.499657 0.037034 0.865432 0.499656 0.037035 0.706622 0.706622 0.037036 0.706622 0.706621 0.037037 0.499657 0.865431 0.037037 0.499657 0.865431 0.037034 0.258641 0.965263 0.037034 0.258640 0.965263 0.037035 0.000000 0.999314 0.037035 0.000001 0.999314 0.037036 -0.258641 0.965263 0.037037 -0.258641 0.965263 0.037037 -0.499657 0.865431 0.037037 -0.499656 0.865432 0.037036 -0.706621 0.706622 0.037035 -0.706621 0.706622 0.037034 -0.865431 0.499657 0.037034 -0.865432 0.499656 0.037036 -0.965263 0.258642 0.037036 -0.965263 0.258642 0.037035 -0.999314 0.000001 0.037035 -0.999314 0.000001 0.000000 1.000000 0.000000 0.500001 0.866025 0.000000 0.500001 0.866025 0.000000 -0.000000 1.000000 -0.000000 0.866025 0.500000 -0.000000 0.866025 0.500000 -0.000000 1.000000 0.000000 0.000000 1.000000 0.000001 0.000000 0.866026 -0.500000 0.000000 0.866026 -0.500000 -0.000000 0.500000 -0.866026 0.000000 0.500000 -0.866026 -0.000000 -0.000000 -1.000000 -0.000000 -0.000000 -1.000000 -0.000000 -0.500000 -0.866026 -0.000000 -0.500000 -0.866025 -0.000000 -0.866025 -0.500000 -0.000000 -0.866026 -0.500000 -0.000000 -1.000000 -0.000000 0.000000 -1.000000 -0.000000 0.000000 -0.866026 0.500000 0.000000 -0.866026 0.500000 -0.000000 -0.500001 0.866025 0.000000 -0.500001 0.866025 0.000000 -0.178170 0.308600 -0.934356 -0.000000 0.000000 -1.000000 -0.308600 0.178171 -0.934356 -0.000001 0.356343 -0.934355 0.178171 0.308601 -0.934355 0.356342 -0.000000 -0.934356 0.308600 -0.178171 -0.934356 -0.308600 -0.178170 -0.934356 -0.356340 -0.000000 -0.934356 0.308600 0.178170 -0.934356 0.178170 -0.308599 -0.934356 -0.000000 -0.356340 -0.934356 
						-0.178170 -0.308599 -0.934357 0.000000 -0.000000 -1.000000 0.000000 -0.000000 -1.000000 0.000000 -0.000000 -1.000000 0.000000 -0.000000 -1.000000 0.000000 -0.000000 -1.000000 0.000000 -0.000000 -1.000000 0.000001 -0.000002 -1.000000 0.000000 -0.000000 -1.000000 0.000005 -0.000006 -1.000000 0.000004 -0.000005 -1.000000 0.000004 -0.000006 -1.000000 0.000004 -0.000006 -1.000000 -0.000000 -0.000007 -1.000000 -0.000000 -0.000007 -1.000000 -0.000002 -0.000006 -1.000000 -0.000004 -0.000006 -1.000000 0.000001 -0.000002 -1.000000 -0.000000 -0.000002 -1.000000 0.000000 -0.000000 -1.000000 0.000000 -0.000000 -1.000000 0.000000 -0.000000 -1.000000 0.000000 -0.000000 -1.000000 0.000000 -0.000000 -1.000000 0.000000 -0.000000 -1.000000 -0.000002 1.000000 0.000000 0.500000 0.866026 0.000000 0.500000 0.866026 0.000000 -0.000002 1.000000 0.000000 0.866026 0.500000 0.000000 0.866026 0.500000 0.000000 1.000000 -0.000000 0.000000 1.000000 -0.000000 0.000000 0.866026 -0.500000 -0.000000 0.866026 -0.500000 -0.000000 0.500000 -0.866025 -0.000000 0.500000 -0.866025 -0.000000 -0.000000 -1.000000 -0.000000 -0.000000 -1.000000 -0.000000 -0.500000 -0.866026 -0.000000 -0.500000 -0.866026 -0.000000 -0.866025 -0.500000 -0.000000 -0.866025 -0.500000 0.000000 -1.000000 -0.000000 -0.000000 -1.000000 -0.000000 -0.000000 -0.866025 0.500001 0.000000 -0.866025 0.500001 0.000000 -0.500000 0.866025 -0.000000 -0.500000 0.866025 0.000000 -0.000001 0.528933 -0.848664 0.264466 0.458068 -0.848665 0.458066 0.264465 -0.848666 0.528931 -0.000000 -0.848665 0.458066 -0.264465 -0.848666 0.264464 -0.458065 -0.848667 -0.000000 -0.528928 -0.848666 -0.264463 -0.458065 -0.848667 -0.458066 -0.264465 -0.848666 -0.528929 -0.000000 -0.848666 -0.458066 0.264465 -0.848666 -0.264466 0.458067 -0.848665 0.500000 0.866026 -0.000000 -0.000000 1.000000 -0.000000 -0.000000 1.000000 -0.000000 
						0.500001 0.866025 -0.000000 -0.500001 0.866025 -0.000000 -0.500002 0.866024 -0.000000 -0.866026 0.499999 -0.000000 -0.866026 0.499998 -0.000000 -1.000000 0.000000 -0.000000 -1.000000 0.000001 -0.000000 -0.866025 -0.500001 0.000000 -0.866025 -0.500001 0.000000 -0.499999 -0.866026 0.000000 -0.499998 -0.866026 0.000000 -0.000000 -1.000000 0.000000 -0.000000 -1.000000 0.000000 0.500000 -0.866026 0.000000 0.500001 -0.866025 0.000000 0.866025 -0.500000 0.000000 0.866025 -0.500000 0.000000 1.000000 0.000000 0.000000 1.000000 -0.000000 0.000000 0.866025 0.500000 -0.000000 0.866025 0.500000 -0.000000 0.866025 0.500000 -0.000000 0.866025 0.500000 -0.000000 0.062425 0.108124 0.992176 0.000000 0.124850 0.992176 -0.000000 0.000000 1.000000 0.108123 0.062425 0.992176 0.124850 0.000000 0.992176 0.108123 -0.062425 0.992176 0.062425 -0.108123 0.992176 0.000000 -0.124850 0.992176 -0.062425 -0.108124 0.992176 -0.108123 -0.062425 0.992176 -0.124850 -0.000000 0.992176 -0.108123 0.062425 0.992176 -0.062425 0.108124 0.992176 0.000000 1.000000 -0.000003 0.000000 1.000000 -0.000003 0.000000 1.000000 -0.000003 0.000000 1.000000 -0.000003 0.000000 1.000000 -0.000003 0.000000 1.000000 -0.000003 -0.942952 0.332928 -0.000001 -0.942952 0.332928 0.000000 -0.942952 0.332928 -0.000000 -0.942952 0.332928 -0.000001 -0.942952 -0.332930 -0.000000 -0.942952 -0.332930 -0.000000 -0.942952 -0.332930 -0.000000 -0.942952 -0.332930 -0.000000 0.000000 -1.000000 -0.000000 0.000000 -1.000000 -0.000000 0.000000 -1.000000 -0.000000 0.000000 -1.000000 -0.000000 0.000000 -1.000000 -0.000000 0.000000 -1.000000 -0.000000 0.942951 -0.332931 0.000000 0.942951 -0.332931 -0.000000 0.942951 -0.332931 0.000000 0.942951 -0.332931 0.000000 0.942951 0.332931 -0.000000 0.942951 0.332931 -0.000001 0.942951 0.332931 -0.000001 0.942951 0.332931 0.000000 
						0.000000 0.000008 -1.000000 0.000000 0.000008 -1.000000 -0.000000 0.000004 -1.000000 -0.000000 0.000008 -1.000000 -0.000000 0.000004 -1.000000 0.000000 -0.000000 -1.000000 0.000000 -0.000000 -1.000000 0.000000 -0.000000 -1.000000 0.000000 0.000004 -1.000000 -0.000624 -0.000746 1.000000 0.000128 -0.001734 0.999999 0.000205 -0.001728 0.999999 -0.000620 -0.000829 1.000000 0.000599 -0.000860 1.000000 0.000335 -0.001119 0.999999 0.001256 0.000019 0.999999 0.001298 -0.000057 0.999999 0.001400 -0.000499 0.999999 0.000614 0.000722 1.000000 0.000610 0.000808 1.000000 0.004188 0.004027 0.999983 -0.000125 0.001692 0.999999 -0.000200 0.001687 0.999999 -0.000590 0.000839 1.000000 -0.000327 0.001092 0.999999 -0.001259 -0.000028 0.999999 -0.001295 0.000052 0.999999 -0.001366 0.000487 0.999999 -0.004188 -0.004027 0.999983 0.000000 1.000000 0.000000 0.000000 1.000000 0.000000 0.500002 0.866024 0.000000 0.500002 0.866025 0.000000 -0.500001 0.866025 0.000000 -0.500001 0.866025 0.000000 -0.866026 0.499998 0.000000 -0.866026 0.499998 0.000000 -1.000000 0.000000 -0.000000 -1.000000 0.000000 -0.000000 -0.866026 -0.500000 -0.000000 -0.866026 -0.500000 -0.000000 -0.499998 -0.866027 -0.000000 -0.499998 -0.866027 -0.000000 0.000002 -1.000000 0.000000 0.000002 -1.000000 0.000000 0.499999 -0.866026 -0.000000 0.499998 -0.866026 -0.000000 0.866025 -0.500001 -0.000000 0.866025 -0.500001 -0.000000 1.000000 0.000001 0.000000 1.000000 0.000001 0.000000 0.866026 0.499999 0.000000 0.866026 0.499999 0.000000 0.000001 0.694730 0.719270 0.347368 0.601658 0.719265 0.347367 0.601657 0.719267 0.000001 0.694731 0.719270 0.601663 0.347374 0.719259 0.601664 0.347370 0.719260 0.694738 0.000000 0.719263 0.694739 0.000001 0.719262 0.601658 -0.347367 0.719267 0.601656 -0.347369 0.719267 0.347367 -0.601658 0.719266 
						0.347366 -0.601658 0.719266 0.000003 -0.694737 0.719264 0.000002 -0.694738 0.719263 -0.347366 -0.601650 0.719273 -0.347364 -0.601653 0.719272 -0.601658 -0.347366 0.719266 -0.601656 -0.347368 0.719267 -0.694738 -0.000000 0.719263 -0.694738 -0.000000 0.719263 -0.601660 0.347370 0.719263 -0.601663 0.347367 0.719262 -0.347367 0.601657 0.719267 -0.347367 0.601659 0.719266 -0.000001 0.000002 -1.000000 -0.000002 0.000002 -1.000000 -0.382137 0.000000 -0.924106 -0.382136 0.000000 -0.924106 -0.707107 -0.000001 -0.707106 -0.707108 -0.000001 -0.707106 -0.923957 -0.000001 -0.382496 -0.923957 -0.000001 -0.382496 -1.000000 -0.000000 0.000001 -1.000000 -0.000000 -0.000000 0.382137 0.000002 -0.924106 0.382136 0.000002 -0.924106 -0.923957 0.000000 0.382496 -0.923957 0.000000 0.382496 0.704546 0.000001 -0.709658 0.704546 0.000000 -0.709658 -0.707107 0.000001 0.707106 -0.707107 0.000001 0.707106 0.827430 0.000001 -0.561569 0.827429 0.000002 -0.561570 -0.389879 0.000001 0.920866 -0.389880 0.000002 0.920866 0.000002 -0.000001 1.000000 0.000001 0.000000 1.000000 0.389880 -0.000000 0.920866 0.389880 -0.000000 0.920866 0.706751 -0.000001 0.707462 0.706752 -0.000001 0.707462 0.830910 -0.000001 0.556406 0.830910 -0.000001 0.556406 -0.000001 0.000003 -1.000000 0.000000 0.000004 -1.000000 -0.000001 0.000002 -1.000000 -0.000003 0.000001 -1.000000 0.000000 -0.000001 1.000000 0.000001 -0.000001 1.000000 0.000000 -0.000001 1.000000 -0.000000 -0.000001 1.000000 0.000000 1.000000 0.000000 0.000000 1.000000 0.000000 0.000000 1.000000 0.000000 0.000000 1.000000 0.000000 -0.000000 1.000000 0.000000 0.000000 1.000000 0.000000 0.000000 1.000000 0.000000 0.000000 1.000000 0.000000 0.000000 1.000000 0.000000 0.000000 1.000000 0.000000 0.000000 1.000000 0.000000 0.000000 1.000000 0.000000 1.000000 0.000000 0.000000 
						1.000000 0.000000 0.000000 1.000000 0.000000 0.000000 1.000000 0.000000 0.000000 0.000000 -1.000000 -0.000000 0.000000 -1.000000 -0.000000 0.000000 -1.000000 -0.000000 0.000000 -1.000000 -0.000000 0.000000 -1.000000 -0.000000 0.000000 -1.000000 -0.000000 0.000000 -1.000000 -0.000000 0.000000 -1.000000 -0.000000 0.000000 -1.000000 -0.000000 0.000000 -1.000000 -0.000000 0.000000 -1.000000 -0.000000 0.000000 -1.000000 -0.000000 0.000000 -1.000000 -0.000000 -0.000000 -1.000000 -0.000000 0.000000 -1.000000 -0.000000 0.000000 -1.000000 -0.000000 0.000000 -1.000000 -0.000000 0.000000 -1.000000 -0.000000 0.000000 -1.000000 -0.000000 0.000000 -1.000000 -0.000000 1.000000 0.000000 0.000000 1.000000 0.000000 0.000000 1.000000 0.000000 0.000000 1.000000 0.000000 0.000000 0.000000 1.000000 0.000000 0.000000 1.000000 0.000000 0.000000 1.000000 0.000000 -0.000000 1.000000 0.000000 0.000000 1.000000 0.000000 0.000000 1.000000 0.000000 -0.000000 1.000000 0.000000 -0.000000 1.000000 0.000000 -0.000000 1.000000 0.000000 0.000000 1.000000 0.000000 0.000000 1.000000 0.000000 0.000000 1.000000 0.000000 -0.000000 1.000000 0.000000 0.000000 1.000000 0.000000 0.000000 1.000000 0.000000 0.000000 1.000000 0.000000 0.000003 1.000000 0.000000 0.000003 1.000000 0.000000 -0.000000 1.000000 0.000000 0.000000 1.000000 0.000000 0.000000 1.000000 0.000000 -0.000000 1.000000 0.000000 -0.000000 0.000000 1.000000 -0.000000 0.000000 1.000000 -0.000000 0.000000 1.000000 -0.000000 0.000000 1.000000 -0.832049 0.000000 0.554703 -0.832049 0.000000 0.554703 -0.707475 0.000000 0.706738 -0.707476 -0.000001 0.706737 -0.382137 -0.000003 0.924106 -0.382137 -0.000004 0.924106 0.000001 -0.000003 1.000000 0.000001 -0.000003 1.000000 0.382136 -0.000003 0.924106 0.382137 -0.000002 0.924106 0.707107 0.000000 0.707107 
						0.707108 0.000001 0.707106 0.923957 0.000001 0.382496 0.923957 0.000001 0.382496 1.000000 0.000000 -0.000000 1.000000 0.000000 -0.000001 0.923957 -0.000000 -0.382496 0.923957 -0.000000 -0.382496 0.707107 -0.000000 -0.707106 0.707107 -0.000001 -0.707106 0.389880 -0.000001 -0.920866 0.389879 -0.000001 -0.920866 0.000000 -0.000000 -1.000000 0.000000 -0.000000 -1.000000 0.000000 -0.000000 -1.000000 0.000000 -0.000000 -1.000000 -0.832049 0.000001 -0.554703 -0.832048 0.000000 -0.554703 -0.707476 0.000001 -0.706737 -0.707476 0.000001 -0.706737 -0.389880 0.000000 -0.920866 -0.389880 0.000000 -0.920866 -0.000001 0.000001 -1.000000 -0.000001 0.000000 -1.000000 0.000000 -1.000000 -0.000000 0.000000 -1.000000 -0.000000 0.000000 -1.000000 -0.000000 0.000000 -1.000000 -0.000000 0.000000 -1.000000 -0.000000 -0.000000 -1.000000 -0.000000 -0.000003 -1.000000 -0.000000 -0.000003 -1.000000 -0.000000 0.000000 -1.000000 -0.000000 -0.000000 -1.000000 0.000000 0.000000 -1.000000 -0.000000 0.000000 -1.000000 -0.000000 -0.000000 -1.000000 -0.000000 -0.000000 -1.000000 -0.000000 
					</float_array>
					<technique_common>
						<accessor count="5477" offset="0" source="#meshId0-normals-array" stride="3">
							<param name="X" type="float" />
							<param name="Y" type="float" />
							<param name="Z" type="float" />
						</accessor>
					</technique_common>
				</source>
				<source id="meshId0-tangents" name="meshId0-tangents">
					<float_array id="meshId0-tangents-array" count="16431"> 
						0.854882 -0.030522 0.517924 0.926973 -0.064721 0.369503 0.932976 -0.064551 0.354104 0.831888 0.046307 0.553008 0.001677 -0.045793 0.998950 0.019479 -0.076488 0.996880 0.055112 -0.123595 0.990801 0.016095 -0.027333 0.999497 0.675296 0.130553 0.725900 0.001690 -0.071926 0.997409 0.450694 0.091747 0.887952 0.031272 -0.091538 0.995310 0.019785 -0.073941 0.997066 0.387918 -0.396637 0.831985 0.377655 -0.560542 0.737000 0.828341 -0.091714 0.552666 0.812874 -0.016549 0.582205 0.903756 0.071979 0.421952 0.978873 -0.038315 0.200846 -0.002515 0.000476 0.999997 0.002085 0.000254 0.999998 0.467253 -0.000542 0.884123 0.029971 -0.053446 0.998121 0.391351 -0.209262 0.896133 0.598883 0.243902 0.762792 0.002830 -0.004235 0.999987 0.076745 -0.039533 0.996267 0.002085 0.000254 0.999998 -0.005258 -0.001969 0.999984 -0.005566 -0.005228 0.999971 0.001638 -0.078282 0.996930 0.466731 0.026431 0.884004 0.428142 -0.048819 0.902392 0.046018 0.018057 0.998777 0.058374 0.014981 0.998182 0.819516 -0.116169 0.561158 0.845433 -0.110992 0.522422 0.999999 0.000513 0.001277 1.000000 -0.000133 -0.000977 0.006587 0.000474 0.999978 -0.073229 -0.039545 0.996531 0.011007 -0.014481 0.999835 0.006503 -0.007996 0.999947 0.000794 0.001430 0.999999 -0.002485 -0.009647 0.999950 -0.012764 -0.027515 0.999540 0.001576 -0.071996 0.997404 -0.016158 -0.076531 0.996936 0.099339 -0.000039 0.995054 0.000001 -0.000001 1.000000 0.687135 0.000009 0.726530 0.329789 -0.000165 0.944054 0.392953 0.004570 0.919547 -0.267203 0.639530 -0.720836 -0.252587 0.382100 -0.888932 -0.048517 0.281079 -0.958458 0.124948 -0.045681 0.991111 0.004235 -0.005063 0.999978 -0.029014 -0.025931 0.999243 -0.006682 -0.045355 0.998949 0.017533 -0.013450 0.999756 0.000480 0.001859 0.999998 0.000057 0.017570 0.999846 0.008572 0.013924 0.999866 
						0.004662 0.018102 0.999825 -0.051817 -0.123743 0.990961 0.008464 -0.003639 0.999958 -0.028517 -0.093445 0.995216 -0.017623 -0.076385 0.996923 0.008254 -0.007330 0.999939 0.901315 -0.063923 -0.428421 0.978762 0.038806 -0.201293 0.039787 -0.000001 0.999208 -0.000000 -0.000000 1.000000 0.044637 -0.000001 0.999003 -0.000000 -0.000001 1.000000 0.010666 -0.000001 0.999943 0.058909 -0.000000 0.998263 -0.113731 0.276143 -0.954364 -0.040075 0.263555 -0.963812 -0.252587 0.382100 -0.888932 -0.368415 0.258655 -0.892954 0.051201 0.479175 -0.876225 0.029689 0.213262 -0.976544 -0.048517 0.281079 -0.958458 0.325229 -0.922131 0.209525 0.709003 -0.134788 0.692204 0.714019 -0.068749 0.696743 0.704221 -0.058286 0.707584 0.701775 -0.084006 0.707428 0.693716 -0.098611 0.713466 0.709437 -0.067246 0.701554 0.875843 -0.089975 0.474135 0.964418 -0.031508 0.262498 -0.005597 -0.299340 0.954130 -0.013136 -0.171699 0.985062 0.012334 -0.466720 0.884319 0.075729 -0.536011 0.840808 -0.007177 -0.014815 0.999864 0.001946 -0.000658 0.999998 -0.003165 -0.009065 0.999954 -0.121925 -0.045712 0.991486 -0.014451 -0.013450 0.999805 0.010145 -0.045302 0.998922 0.032522 -0.025938 0.999134 0.114060 -0.674245 0.729647 -0.015460 -0.730909 0.682300 0.175316 -0.644168 0.744521 0.313182 -0.568733 0.760565 0.550023 -0.456992 0.699023 0.654448 -0.476580 0.587000 0.643748 -0.477517 0.597968 0.490422 -0.472781 0.732096 0.005657 0.021927 0.999744 0.000001 0.023872 0.999715 -0.000000 0.004091 0.999992 0.000000 0.032125 0.999484 0.000001 0.024065 0.999710 0.927940 0.060328 -0.367815 0.932983 0.064507 -0.354092 0.855720 0.023500 -0.516906 0.831858 -0.046217 -0.553061 -0.385776 -0.399334 0.831691 -0.374695 -0.562805 0.736786 -0.036293 -0.057848 0.997666 0.004077 -0.012322 0.999916 -0.000000 -0.007900 0.999969 0.000000 -0.007899 0.999969 
						0.000000 -0.007898 0.999969 -0.000000 -0.007899 0.999969 0.000546 0.013110 0.999914 0.038044 0.921967 0.385396 0.000469 0.924467 0.381261 0.000823 0.834943 0.550336 0.034807 0.834436 0.550004 -0.000000 -0.000005 1.000000 -0.000000 -0.000157 1.000000 0.000000 0.000069 1.000000 -0.000000 0.000016 1.000000 -0.000000 -0.000000 1.000000 -0.000000 -0.000000 1.000000 -0.000000 -0.000001 1.000000 -0.233630 -0.926685 -0.294400 -0.000000 -0.953022 -0.302901 -0.035190 -0.952474 -0.302579 -0.262424 -0.919622 -0.292282 0.000000 -0.007897 0.999969 0.000000 -0.007897 0.999969 -0.520587 0.046786 -0.852526 -0.203418 0.226113 -0.952625 0.049159 0.171627 -0.983935 0.051201 0.479175 -0.876225 0.675465 -0.280826 0.681824 0.578930 -0.230653 0.782073 0.989704 0.002263 0.143113 0.919250 -0.040894 0.391544 0.367313 0.582243 -0.725310 0.136875 0.232604 -0.962892 -0.011159 -0.103765 0.994539 -0.029329 -0.188216 0.981690 -0.009242 -0.464135 0.885716 0.015544 -0.168712 0.985543 0.008300 -0.296416 0.955023 -0.072362 -0.533400 0.842762 0.421532 -0.501950 0.755220 0.303944 -0.555061 0.774290 0.025926 0.011737 0.999595 0.026853 0.012379 0.999563 0.018513 0.014143 0.999729 0.018430 0.014276 0.999728 0.781850 -0.083701 0.617822 0.801544 -0.076983 0.592960 0.750158 -0.111346 0.651817 0.742593 -0.161936 0.649872 0.714256 -0.185733 0.674790 0.685596 -0.278228 0.672716 0.321112 -0.103484 0.941371 0.381190 -0.066424 0.922107 0.213532 -0.058672 0.975173 0.133227 -0.053766 0.989626 0.675286 -0.130520 -0.725916 -0.386872 -0.209292 0.898068 0.001648 -0.000451 0.999999 -0.056305 0.034481 0.997818 -0.008601 0.025416 0.999640 0.000333 0.039221 0.999231 -0.010568 0.044561 0.998951 0.561368 -0.139860 -0.815663 0.813716 0.026637 -0.580651 0.000546 0.013089 0.999914 0.040751 0.999152 -0.005902 -0.000000 1.000000 0.000301 
						-0.113603 0.000182 -0.993526 -0.011826 0.000000 -0.999930 -0.255548 0.000281 -0.966796 -0.760315 -0.000000 -0.649555 -0.100303 0.315548 -0.943594 -0.024998 0.322178 -0.946349 0.016733 0.297115 -0.954695 0.055860 0.248493 -0.967022 -0.265002 0.185351 -0.946266 -0.443589 -0.007362 -0.896200 0.467560 0.021924 0.883689 0.428117 0.021005 0.903479 0.712000 0.026662 0.701674 0.758995 0.028495 0.650472 -0.242207 -0.923083 -0.298752 -0.000000 -0.953021 -0.302904 -0.032215 -0.952342 -0.303328 -0.268526 -0.916263 -0.297247 0.468496 0.015755 0.883325 0.427172 0.014563 0.904053 0.714000 0.021415 0.699818 0.709605 0.021724 0.704265 -0.240490 -0.925063 -0.293977 0.000000 -0.953022 -0.302900 -0.029187 -0.952629 -0.302732 -0.264330 -0.919125 -0.292127 0.704139 0.019466 0.709795 0.466440 0.014089 0.884440 0.421351 0.012680 0.906809 0.702903 0.019061 0.711030 -0.243761 -0.924278 -0.293752 -0.000000 -0.953025 -0.302891 -0.024955 -0.952731 -0.302790 -0.264330 -0.919127 -0.292122 0.697838 -0.135457 0.703330 0.533554 -0.189492 0.824265 0.501403 -0.177359 0.846841 0.483961 -0.198079 0.852377 0.981638 0.002127 0.190742 0.994055 0.001690 0.108864 0.865372 -0.105748 0.489845 0.309705 0.308645 -0.899345 0.049496 0.158726 -0.986081 0.136875 0.232604 -0.962892 -0.076469 0.122130 0.989564 0.013908 -0.004715 0.999892 0.045172 0.006129 0.998960 0.027531 0.040187 0.998813 0.053278 0.024195 0.998287 0.024674 0.025290 0.999376 -0.035751 0.058147 0.997668 -0.171290 -0.644506 0.745166 0.019441 -0.730843 0.682269 -0.110029 -0.674467 0.730061 -0.309247 -0.569276 0.761769 0.031471 -0.185458 0.982148 0.013311 -0.100813 0.994816 0.002061 0.006204 0.999979 0.006422 0.019331 0.999793 0.012380 0.010851 0.999864 0.008892 0.008805 0.999922 0.021890 0.008740 0.999722 0.028688 0.008885 0.999549 -0.000081 -0.040110 0.999195 
						-0.010239 -0.030818 0.999473 -0.008256 -0.024851 0.999657 0.000297 0.012859 0.999917 -0.000113 -0.029851 0.999554 0.831215 0.051956 -0.553518 0.444617 -0.090539 -0.891133 -0.641947 -0.480772 0.597297 -0.652628 -0.479713 0.586475 -0.547397 -0.460372 0.698866 -0.487873 -0.476087 0.731657 0.001391 0.039091 0.999235 0.000000 -0.222756 0.974874 -0.011241 0.049501 0.998711 0.001560 0.070505 0.997510 0.001318 0.065857 0.997828 0.000589 0.014116 0.999900 0.037854 0.918191 -0.394324 0.000455 0.924657 -0.380802 -0.160783 0.295163 -0.941821 0.062142 0.199557 -0.977914 0.984094 0.058310 0.167805 0.984298 0.038353 0.172300 0.972663 -0.102238 0.208503 -0.398208 -0.152829 -0.904474 -0.378821 -0.201661 -0.903232 -0.316205 -0.027342 -0.948297 -0.313666 0.072140 -0.946789 0.062831 0.011254 0.997961 0.066057 0.010066 0.997765 0.071361 -0.000151 0.997451 0.000001 0.000001 1.000000 0.711830 -0.000082 0.702352 0.328396 -0.000719 0.944540 0.000000 -0.999852 -0.017180 0.000000 -0.999852 -0.017182 0.000000 -0.999852 -0.017181 0.000000 -0.999853 -0.017178 -0.075839 0.000463 -0.997120 -0.012712 0.000002 -0.999919 -0.278132 0.001051 -0.960542 -0.760316 -0.000000 -0.649553 -0.042887 -0.000178 -0.999080 -0.000001 0.000000 -1.000000 -0.282607 -0.000744 -0.959235 -0.748395 -0.000000 -0.663253 0.723215 0.000083 0.690623 0.325697 0.000567 0.945474 0.048349 0.000089 0.998830 0.000001 -0.000001 1.000000 0.000000 0.007798 0.999970 0.000000 0.007798 0.999970 0.000001 0.007799 0.999970 0.000001 0.007798 0.999970 0.016211 -0.000061 0.999869 0.000001 0.000002 1.000000 0.713582 -0.000069 0.700572 0.304627 -0.000745 0.952472 -0.014183 0.000054 -0.999899 0.000000 -0.004180 -0.999991 -0.290102 -0.004423 -0.956986 -0.688580 0.000000 -0.725161 -0.000000 -0.009061 0.999959 -0.000000 -0.009060 0.999959 0.000000 -0.009061 0.999959 
						0.000000 -0.009063 0.999959 0.436518 0.058341 0.897802 0.372575 0.050679 0.926617 0.675779 0.086914 0.731962 0.678347 0.087247 0.729543 -0.090892 -0.941397 -0.324824 0.000000 -0.945306 -0.326184 -0.009608 -0.945264 -0.326164 -0.099872 -0.940583 -0.324546 0.474512 0.113293 0.872928 0.504314 0.122816 0.854742 0.088090 0.039224 0.995340 0.088906 0.041040 0.995194 0.122930 0.035813 0.991769 0.453257 0.103812 0.885314 0.485193 0.040679 0.873460 0.125667 0.031756 0.991564 0.128360 -0.663754 0.736854 0.127100 0.000531 0.991890 1.000000 -0.000031 -0.000018 1.000000 0.000427 0.000607 1.000000 0.000018 0.000016 0.416760 -0.263758 0.869909 0.076739 0.174402 -0.981680 0.309705 0.308645 -0.899345 0.003852 -0.618896 0.785463 0.004016 -0.618881 0.785475 -0.058529 -0.614313 0.786888 -0.095650 -0.608987 0.787392 -0.115613 -0.597881 0.793203 -0.192416 -0.578647 0.792555 -0.059027 -0.259607 0.963909 -0.034860 -0.324938 0.945093 -0.418757 -0.505101 0.754662 -0.301467 -0.557829 0.773268 -0.041286 0.004781 0.999136 -0.010131 -0.006024 0.999931 0.079227 0.119773 0.989635 -0.024039 0.038237 0.998980 0.038622 0.054895 0.997745 -0.020369 0.021289 0.999566 -0.050997 0.023543 0.998421 0.018477 0.056128 0.998253 0.048125 0.044547 0.997847 0.000016 0.014358 0.999897 0.000841 0.020185 0.999796 0.027999 0.012982 0.999524 0.027190 0.005634 0.999614 0.000526 0.012643 0.999920 0.011016 0.023362 0.999666 0.010950 0.018979 0.999760 0.000114 0.056757 0.998388 0.002253 -0.009959 0.999948 -0.014971 0.006574 0.999866 -0.000603 -0.007592 0.999971 -0.004975 -0.014500 0.999882 0.004912 0.056611 0.998384 0.007261 0.034929 0.999363 0.458043 -0.003796 -0.888922 -0.264455 -0.026905 0.964023 -0.391357 -0.058761 0.918361 -0.390803 -0.051940 0.919008 -0.208139 -0.009844 0.978050 -0.697727 -0.234820 0.676784 
						-0.745957 -0.135095 0.652149 -0.732762 -0.205707 0.648648 -0.650647 -0.359014 0.669155 -0.801731 -0.075961 0.592839 -0.780670 -0.090371 0.618374 -0.000972 0.023313 0.999728 -0.044704 0.038051 0.998275 -0.054886 0.028751 0.998079 -0.054317 0.028500 0.998117 -0.044547 0.038297 0.998273 0.394252 0.021171 -0.918759 -0.042599 0.000001 -0.999092 0.000000 0.000000 -1.000000 0.024947 0.015497 0.999569 0.024281 0.012058 0.999632 0.000599 0.014369 0.999897 0.034815 0.834437 -0.550002 0.000816 0.834943 -0.550336 -0.047350 0.000001 -0.998878 -0.062431 0.000000 -0.998049 -0.011244 0.000001 -0.999937 0.000000 0.000000 -1.000000 -0.105784 0.405989 -0.907735 -0.017794 0.435843 -0.899847 -0.163938 0.359180 -0.918757 0.035705 0.397334 -0.916979 0.042062 0.177820 -0.983164 0.075740 0.333923 -0.939552 -0.235710 0.110848 -0.965481 -0.234740 0.194712 -0.952357 0.045780 -0.000006 0.998952 -0.000000 -0.000000 1.000000 0.074285 0.004935 0.997225 0.071008 0.007034 0.997451 0.082810 0.006711 0.996543 0.079535 0.004893 0.996820 0.083887 -0.000000 0.996475 0.027884 0.000009 0.999611 0.087509 0.020719 0.995948 0.086946 0.014166 0.996112 0.004680 -0.000006 0.999989 -0.000000 -0.000000 1.000000 0.684089 -0.000007 0.729398 0.296995 -0.000205 0.954879 -0.066167 -0.000002 -0.997809 0.000000 0.000000 -1.000000 -0.026747 -0.000003 -0.999642 -0.089574 0.000000 -0.995980 -0.000000 -0.001325 0.999999 -0.000000 -0.001331 0.999999 -0.000000 -0.001320 0.999999 0.090934 0.022290 0.995607 0.092198 0.008234 0.995707 0.123636 0.017669 0.992170 0.012414 -0.955307 -0.295353 0.013685 -0.955292 -0.295347 0.001282 -0.955377 -0.295385 0.000000 -0.955378 -0.295386 0.089772 0.034528 0.995364 0.089239 0.038167 0.995279 0.011270 -0.952963 -0.302878 0.000000 -0.953022 -0.302901 0.001181 -0.953022 -0.302900 0.012460 -0.952949 -0.302873 
						0.994589 0.002648 0.103852 1.000000 0.000020 0.000043 0.984363 0.006713 0.176024 0.114271 -0.015637 0.993326 0.095061 -0.040634 0.994642 0.082970 -0.020282 0.996346 0.370979 0.051172 0.927230 0.935419 -0.061516 0.348147 0.115428 0.182494 -0.976408 0.381756 0.174640 -0.907614 0.026083 0.182956 -0.982775 0.061277 -0.614010 0.786916 0.098378 -0.608584 0.787367 0.051558 0.014891 0.998559 0.015594 -0.000000 0.999878 0.004960 0.000001 0.999988 0.012646 0.000001 0.999920 0.070643 0.011360 0.997437 0.195476 -0.577762 0.792452 0.118272 -0.597249 0.793288 0.037041 -0.322462 0.945857 0.061233 -0.257044 0.964458 0.061903 0.057303 0.996436 0.024897 0.075107 0.996865 0.012291 0.006657 0.999902 0.028095 0.008245 0.999571 0.000540 0.013074 0.999914 0.000731 0.017436 0.999848 0.038057 0.922141 0.384977 0.000451 0.924310 0.381643 0.000811 0.834948 0.550328 0.034815 0.834436 0.550004 0.075646 0.007067 0.997110 0.072101 0.008908 0.997358 0.037864 0.918162 -0.394392 0.034815 0.834438 -0.550001 0.000809 0.834936 -0.550346 0.000453 0.924697 -0.380704 0.010746 0.008278 0.999908 -0.011519 -0.015093 0.999820 -0.041925 -0.047016 0.998014 -0.041486 -0.046524 0.998055 -0.004265 -0.007753 0.999961 -0.005451 0.028595 0.999576 -0.002731 -0.008240 0.999962 -0.000185 0.021174 0.999776 0.022825 0.016955 0.999596 0.022776 0.016714 0.999601 0.036371 0.028234 0.998939 0.036451 0.028317 0.998934 0.845767 0.091670 -0.525618 0.820070 0.086999 -0.565612 0.000123 -0.038505 0.999258 0.012461 -0.037507 0.999219 0.015724 -0.047328 0.998756 0.000069 -0.034682 0.999398 -0.000317 0.033733 0.999431 -0.000614 0.001849 0.999998 -0.004195 0.012626 0.999911 0.099339 -0.000062 -0.995054 0.000000 0.000000 -1.000000 0.039788 -0.000002 -0.999208 0.329792 -0.000267 -0.944054 0.010666 -0.000000 -0.999943 
						0.000000 0.000001 -1.000000 0.044637 -0.000001 -0.999003 0.058909 -0.000000 -0.998263 0.000821 -0.834943 -0.550336 0.000469 -0.924725 -0.380635 0.038041 -0.921694 -0.386049 0.034809 -0.834437 -0.550004 -0.000971 0.023269 0.999729 -0.018133 0.026006 0.999497 -0.007014 0.024908 0.999665 -0.010653 0.037178 0.999252 -0.026587 0.049062 0.998442 0.037623 0.922600 0.383920 0.000003 0.923875 0.382694 0.000823 0.834937 0.550346 0.034815 0.834435 0.550005 0.067346 0.010291 0.997677 0.063839 0.011411 0.997895 -0.247034 0.111973 -0.962516 -0.246738 0.204726 -0.947211 0.031636 0.624949 -0.780024 0.075674 0.536093 -0.840760 0.075122 0.273117 -0.959043 0.989991 0.001877 -0.141121 0.924957 0.071561 -0.373274 0.342374 -0.167194 -0.924568 0.237994 0.047612 -0.970099 0.239828 -0.027879 -0.970415 0.321476 -0.206421 -0.924145 0.118384 0.155986 -0.980639 0.118923 0.113252 -0.986423 0.000000 -0.999852 -0.017188 0.000000 -0.999852 -0.017190 -0.048806 0.000006 -0.998808 0.000000 -0.000000 -1.000000 0.051969 0.000006 0.998649 -0.000000 0.000000 1.000000 -0.026991 0.000007 -0.999636 -0.079353 0.000000 -0.996847 -0.000000 0.007797 0.999970 -0.000000 0.007797 0.999970 -0.000000 -0.009060 0.999959 -0.000000 -0.009060 0.999959 -0.028497 -0.008067 -0.999561 -0.087443 -0.008029 -0.996137 0.088696 -0.000000 0.996059 0.027652 0.000003 0.999618 0.068456 0.000006 0.997654 0.090771 -0.000000 0.995872 0.025535 0.000006 0.999674 -0.000000 -0.000000 1.000000 -0.074754 -0.000002 -0.997202 0.000000 -0.000000 -1.000000 -0.019866 -0.000002 -0.999803 -0.091544 0.000000 -0.995801 0.010612 -0.952969 -0.302883 0.000000 -0.953022 -0.302901 0.001117 -0.953022 -0.302900 0.011737 -0.952957 -0.302879 -0.070528 -0.000004 -0.997510 0.000001 0.000000 -1.000000 -0.023493 -0.000005 -0.999724 -0.090860 0.000000 -0.995864 -0.000000 0.000000 1.000000 
						-0.000000 0.000000 1.000000 -0.000000 0.000000 1.000000 -0.000000 0.000000 1.000000 0.072501 0.000002 0.997368 0.091488 0.000000 0.995806 0.022131 0.000002 0.999755 -0.000000 -0.000000 1.000000 -0.000000 -0.999937 0.011192 -0.000000 -0.999937 0.011192 -0.000000 -0.999937 0.011192 -0.000000 -0.999937 0.011192 0.994065 -0.001582 -0.108772 0.994604 -0.002583 -0.103714 0.652507 -0.268960 0.708446 0.025582 0.199044 -0.979657 -0.012555 -0.000000 0.999921 -0.040241 0.011623 0.999122 -0.001118 0.000000 0.999999 0.071416 0.020618 0.997234 -0.067866 0.011397 0.997629 0.011090 -0.003567 0.999932 0.011226 -0.008736 0.999899 0.041203 0.999127 -0.006913 0.000457 0.999999 0.001298 0.000632 0.015160 0.999885 0.040784 0.999158 -0.004503 0.000000 0.999999 -0.001028 0.058552 0.000002 0.998284 -0.000000 0.000000 1.000000 0.013341 0.000002 0.999911 0.075434 -0.000000 0.997151 0.000000 -0.000016 1.000000 -0.000000 0.000089 1.000000 0.000000 -0.000052 1.000000 0.000000 -0.000012 1.000000 0.000000 -0.000006 1.000000 -0.000000 0.000006 1.000000 -0.000000 0.000004 1.000000 -0.106660 -0.000533 -0.994295 -0.125831 -0.000568 -0.992052 -0.058054 -0.000455 -0.998313 -0.043350 -0.000435 -0.999060 0.574239 0.008277 0.818646 0.567277 -0.156039 0.808609 0.567994 -0.147882 0.809638 0.574239 0.008256 0.818646 -0.425855 0.119438 0.896874 -0.023462 0.042965 0.998801 -0.908214 0.202395 0.366310 -0.933502 0.212747 0.288640 -0.000000 -0.023243 0.999730 -0.000000 0.018920 0.999821 0.003646 -0.005400 0.999979 0.002553 -0.019960 0.999798 0.007689 0.013478 0.999880 0.009043 0.002422 0.999956 0.010788 0.015811 0.999817 0.010888 0.034462 0.999347 0.687135 0.000016 -0.726530 0.000000 0.000000 -1.000000 -0.010903 0.043977 0.998973 -0.007239 0.056683 0.998366 -0.004853 0.096659 0.995306 -0.010929 0.053294 0.998519 
						-0.000167 0.082013 0.996631 -0.002256 -0.002621 0.999994 0.014977 0.004786 0.999876 0.000019 -0.018332 0.999832 0.007200 -0.021673 0.999739 -0.016356 0.049230 0.998654 -0.042910 0.039720 0.998289 -0.000000 -0.006509 0.999979 -0.000000 -0.006508 0.999979 -0.000000 -0.006508 0.999979 -0.000000 -0.006509 0.999979 -0.000000 -0.999996 -0.002854 0.000000 -0.999996 -0.002763 0.000000 -0.999996 -0.002771 0.000000 -0.999996 -0.002829 -0.000000 -0.999996 -0.002828 -0.000000 -0.999996 -0.002826 0.000000 -0.999996 -0.002787 0.000001 -1.000000 0.000512 0.040759 -0.999156 0.005056 -0.001061 0.025437 0.999676 -0.000881 0.021146 0.999776 -0.028892 0.018072 0.999419 -0.029742 0.025771 0.999225 -0.000871 0.020836 0.999783 -0.000016 0.018248 0.999833 0.170700 0.147366 -0.974241 0.495457 -0.022534 -0.868340 0.103556 0.000534 0.994623 0.043112 0.000434 0.999070 0.057235 0.000456 0.998361 0.121928 0.000568 0.992539 0.035614 0.647111 -0.761564 -0.191914 0.411978 -0.890754 0.013040 0.769080 -0.639019 0.098655 0.403431 -0.909676 0.043567 0.245007 -0.968542 0.984304 -0.058025 -0.166670 0.972946 0.101950 -0.207321 0.984507 -0.038336 -0.171103 -0.000000 -0.001332 0.999999 -0.000000 -0.001332 0.999999 0.077116 0.000003 0.997022 0.092540 -0.000000 0.995709 0.018561 0.000003 0.999828 -0.000000 -0.000000 1.000000 -0.082660 -0.000002 -0.996578 0.000000 -0.000000 -1.000000 -0.016770 -0.000002 -0.999859 -0.096213 -0.000000 -0.995361 0.015323 -0.421083 -0.906893 0.003745 -0.422769 -0.906229 0.014534 -0.095752 -0.995299 -0.022958 -0.427927 -0.903522 -0.065733 -0.132625 -0.988984 -0.044396 -0.140170 -0.989132 -0.203778 -0.331963 -0.921019 -0.317242 -0.264232 -0.910791 -0.005815 -0.112691 -0.993613 -0.088273 -0.390205 -0.916487 0.055728 0.205498 -0.977070 0.015735 0.260967 -0.965220 0.016186 0.284629 -0.958501 -0.071438 0.020624 0.997232 
						0.000103 -0.007839 0.999969 0.000862 -0.020526 0.999789 0.033947 0.017849 0.999264 0.032564 0.046029 0.998409 -0.000760 0.018005 0.999838 0.004957 -0.003736 0.999981 0.013328 -0.004560 0.999901 0.012273 -0.003761 0.999918 0.004895 -0.003840 0.999981 0.007633 -0.011038 0.999910 0.005324 -0.031762 0.999481 0.031657 0.023958 0.999212 0.030537 0.007119 0.999508 0.000734 0.017561 0.999846 0.037927 0.919267 -0.391802 0.000450 0.923651 -0.383234 0.034814 0.834443 -0.549993 0.000813 0.834942 -0.550338 -0.000000 0.999767 -0.021571 0.000000 0.999767 -0.021566 0.000000 0.999767 -0.021569 0.000000 0.999767 -0.021580 0.000000 0.999767 -0.021573 0.000000 0.999768 -0.021525 0.000000 0.999768 -0.021539 0.566466 0.164756 0.807447 0.565666 0.172920 0.806301 -0.960685 -0.004574 0.277602 -0.960687 0.004192 0.277602 0.002303 0.017232 0.999849 -0.000000 0.074033 0.997256 -0.000012 0.027346 0.999626 0.010790 -0.001893 0.999940 0.008000 -0.006577 0.999946 0.964126 0.027721 -0.263993 0.875856 0.090286 -0.474051 0.693722 0.098922 -0.713417 0.701759 0.084352 -0.707403 0.704228 0.058551 -0.707555 0.714019 0.068732 -0.696744 0.718042 0.058077 -0.693573 0.687292 0.066018 -0.723375 0.708979 0.135581 -0.692074 0.324565 0.922500 -0.208930 -0.047812 0.041001 0.998015 -0.032724 0.027856 0.999076 -0.032984 0.028333 0.999054 -0.047919 0.041113 0.998005 0.005232 -0.008046 0.999954 -0.003235 0.000652 0.999995 0.039798 -0.044630 0.998211 0.040272 -0.045162 0.998168 0.005456 0.019736 0.999790 0.000009 0.004013 0.999992 0.003200 -0.009639 0.999948 -0.020335 0.061242 0.997916 -0.052751 0.048831 0.997413 -0.097929 -0.923736 0.370300 -0.068252 -0.921164 0.383144 -0.025939 0.024561 0.999362 -0.026612 0.027348 0.999272 -0.001003 0.024046 0.999710 -0.010743 0.023706 0.999661 -0.000867 0.020909 0.999781 
						0.037886 -0.918672 0.393201 0.000453 -0.924213 0.381877 0.000814 -0.834943 0.550336 0.034816 -0.834438 0.550000 -0.071372 0.018478 0.997279 -0.074848 0.013991 0.997097 0.000812 -0.834948 -0.550328 0.000451 -0.924310 -0.381643 0.038056 -0.922141 -0.384977 0.034824 -0.834436 -0.550003 -0.001013 0.024148 0.999708 -0.024528 0.003954 0.999691 -0.010357 0.013556 0.999854 0.584773 0.245658 -0.773106 0.693258 0.306877 -0.652089 -0.261328 0.216540 -0.940648 -0.261630 0.266516 -0.927642 0.100372 0.160293 -0.981953 0.100449 0.114970 -0.988277 -0.095080 0.751886 -0.652401 0.008863 0.734387 -0.678674 0.087245 0.330353 -0.939817 0.209179 0.121824 -0.970259 0.396927 -0.058710 -0.915971 0.084746 0.199551 -0.976216 -0.000000 -0.915426 0.402487 -0.000000 -0.915428 0.402483 -0.000000 -0.915427 0.402485 -0.000000 -0.915425 0.402488 0.981666 -0.001935 -0.190599 0.027455 -0.421433 -0.906444 0.984401 -0.006610 -0.175815 0.010349 0.988962 -0.147808 -0.000173 -0.004131 0.999992 0.001563 -0.012145 0.999925 -0.077156 -0.000003 -0.997019 0.000000 -0.000000 -1.000000 -0.018244 -0.000003 -0.999834 -0.096213 -0.000000 -0.995361 0.046949 0.271222 -0.961371 -0.014853 0.378466 -0.925496 -0.032067 0.465826 -0.884295 -0.001678 0.039779 0.999207 0.000527 -0.012510 0.999922 -0.037709 0.919732 0.390732 -0.000000 0.923212 0.384290 -0.000843 0.834942 0.550337 -0.035013 0.834430 0.550000 0.089894 0.033974 0.995372 0.089344 0.037808 0.995283 -0.034159 0.834455 -0.550016 -0.000000 0.834943 -0.550336 -0.000424 0.923737 -0.383027 -0.038263 0.922740 -0.383518 0.000002 -0.007796 0.999970 0.000000 -0.021051 0.999778 0.000000 0.008167 0.999967 -0.000000 0.258459 0.966022 0.000334 -0.002577 0.999997 0.012473 -0.005364 0.999908 0.025989 -0.016648 0.999524 0.025930 -0.016587 0.999526 0.012511 -0.005220 0.999908 0.001735 0.023448 0.999724 
						-0.000003 0.002471 0.999997 0.131332 0.053710 0.989883 0.202455 0.063563 0.977227 0.000614 0.014705 0.999892 0.038102 0.923274 0.382247 0.000445 0.923208 0.384301 0.000815 0.834943 0.550336 0.034822 0.834437 0.550002 0.084068 0.009703 0.996413 0.080642 0.007105 0.996718 -0.062530 0.000003 -0.998043 0.000000 0.000000 -1.000000 -0.014679 0.000003 -0.999892 -0.079353 0.000000 -0.996846 -0.000000 0.018129 0.999836 0.000000 -0.000969 1.000000 -0.921597 -0.197854 0.333936 -0.941091 -0.201886 0.271274 -0.022655 0.027575 0.999363 -0.015380 0.020208 0.999678 -0.054770 0.061424 0.996608 -0.055323 0.062045 0.996539 -0.035388 0.952470 0.302569 -0.000000 0.953022 0.302901 -0.233551 0.926706 0.294399 -0.262424 0.919622 0.292281 0.000000 -0.006509 0.999979 0.000000 -0.006509 0.999979 -0.574031 0.028284 0.818345 -0.574020 0.028924 0.818330 -0.568959 -0.136131 0.811020 -0.568259 -0.144755 0.810017 -0.010783 0.030013 0.999491 -0.009045 0.013621 0.999866 -0.007676 0.027664 0.999588 -0.010872 0.051136 0.998632 -0.003649 0.001195 0.999993 0.000000 0.021973 0.999759 0.000000 -0.019721 0.999806 -0.002551 -0.011643 0.999929 0.909387 0.197263 0.366200 0.023441 0.038649 0.998978 0.426601 0.113641 0.897272 0.934584 0.207991 0.288604 0.000021 0.024882 0.999690 -0.196507 -0.828603 0.524215 -0.164040 -0.833634 0.527394 -0.066787 0.022998 0.997502 -0.063304 0.026024 0.997655 0.000818 -0.834943 -0.550336 0.000003 -0.924365 -0.381509 0.037608 -0.922092 -0.385139 0.034817 -0.834435 -0.550005 -0.011103 0.004734 0.999927 0.041209 -0.999136 0.005322 0.000458 -1.000000 0.000235 -0.000000 0.718051 0.695991 0.000000 0.718059 0.695982 0.000000 0.718059 0.695982 -0.000000 0.718083 0.695958 -0.000001 0.718189 0.695848 0.000000 0.717960 0.696085 -0.000001 0.718035 0.696007 -0.054271 0.000001 0.998526 
						-0.000000 -0.000000 1.000000 -0.012592 0.000000 0.999921 -0.070747 0.000000 0.997494 0.013341 -0.000002 -0.999911 0.000000 0.000000 -1.000000 0.058552 -0.000002 -0.998284 0.075434 0.000000 -0.997151 -0.000000 -1.000000 0.000004 -0.000000 -1.000000 0.000000 -0.000000 -1.000000 0.000000 -0.000000 -1.000000 0.000003 -0.000000 -1.000000 0.000005 0.000000 -1.000000 0.000000 -0.000000 -1.000000 0.000001 0.000000 -1.000000 0.001028 0.040778 -0.999158 0.004503 -0.000873 0.020953 0.999780 -0.011238 -0.003613 0.999930 0.076570 0.782789 -0.617558 -0.250573 0.254869 -0.933946 -0.254488 0.312097 -0.915331 0.072139 0.877885 -0.473407 0.093430 0.246228 -0.964698 0.091913 0.223386 -0.970387 0.114086 0.657367 -0.744884 -0.191256 0.768116 -0.611080 0.038712 0.305184 -0.951506 0.068240 0.238519 -0.968737 0.055539 -0.425296 -0.903349 0.000169 -0.016162 0.999869 0.023382 -0.024481 -0.999427 0.005062 -0.039381 -0.999211 -0.004719 0.921857 -0.387502 -0.000000 0.834945 -0.550334 0.000000 0.834937 -0.550346 -0.000105 0.923727 -0.383050 0.029971 -0.004168 -0.999542 0.011316 0.000749 -0.999936 -0.096521 0.506001 -0.857115 -0.001268 0.030259 0.999541 -0.000456 0.999999 0.001091 -0.041470 0.999130 0.004453 -0.000183 0.004301 0.999991 -0.041461 0.999128 0.004989 -0.000459 1.000000 0.000566 0.073635 0.000001 0.997285 0.091487 -0.000000 0.995806 0.017076 0.000002 0.999854 -0.000000 -0.000000 1.000000 -0.000000 -0.000023 1.000000 0.000000 0.000179 1.000000 0.000000 -0.000010 1.000000 0.000000 -0.000008 1.000000 -0.000000 -0.000012 1.000000 -0.000000 -0.000005 1.000000 -0.000000 -0.000007 1.000000 -0.073209 -0.000003 -0.997317 0.000000 0.000000 -1.000000 -0.016872 -0.000003 -0.999858 -0.090861 0.000000 -0.995864 0.000000 0.000015 1.000000 -0.000000 0.000113 1.000000 0.000000 0.000030 1.000000 0.000000 -0.000000 1.000000 
						-0.000000 -0.000002 1.000000 -0.000000 -0.000002 1.000000 -0.000000 -0.000000 1.000000 0.354386 0.082921 0.931415 0.312411 0.106719 0.943933 0.700554 0.222463 0.678037 0.745058 0.134711 0.653254 0.734391 0.195817 0.649866 0.662692 0.329476 0.672522 0.789770 0.072462 0.609108 0.768192 0.087704 0.634183 0.011418 -0.012744 -0.999854 0.002576 -0.020023 -0.999796 0.000996 0.014718 0.999891 0.040786 0.999144 -0.006939 0.000000 0.999999 0.001366 0.067121 0.000003 0.997745 0.083886 -0.000000 0.996475 0.015346 0.000003 0.999882 -0.000000 -0.000000 1.000000 -0.000027 -0.026520 0.999648 -0.000017 -0.041560 0.999136 -0.434875 -0.145253 0.888699 0.000661 -0.027045 0.999634 -0.015077 0.007026 0.999862 -0.000137 0.049268 0.998786 0.865411 0.106021 -0.489718 0.483969 0.198403 -0.852297 0.501412 0.177686 -0.846767 0.533561 0.189731 -0.824205 0.697845 0.135761 -0.703265 -0.711339 0.042180 0.701582 -0.425819 0.037508 0.904031 -0.465367 0.038455 0.884282 -0.758002 0.043969 0.650769 -0.025354 0.952723 0.302781 0.000000 0.953025 0.302891 -0.243586 0.924322 0.293760 -0.264331 0.919127 0.292122 -0.419471 0.016812 0.907613 -0.464741 0.018230 0.885259 -0.704040 0.023260 0.709780 -0.702802 0.022853 0.711018 -0.029187 0.952629 0.302731 0.000000 0.953022 0.302900 -0.240491 0.925064 0.293973 -0.264331 0.919126 0.292123 -0.713697 0.029936 0.699814 -0.425088 0.023811 0.904839 -0.466615 0.025010 0.884107 -0.717461 0.030244 0.695942 -0.760316 -0.000085 0.649553 -0.075836 0.000085 0.997120 -0.000000 0.000000 1.000000 -0.031892 0.952560 0.302675 0.000000 0.953021 0.302904 -0.237595 0.925753 0.294160 -0.263664 0.919300 0.292179 -0.255551 0.000456 0.966796 -0.011826 0.000000 0.999930 -0.113603 0.000296 0.993526 -0.760315 -0.000000 0.649555 -0.565410 0.175448 0.805934 -0.564613 0.183089 0.804792 
						-0.010796 0.010711 0.999884 -0.008004 0.003462 0.999962 -0.002303 0.022689 0.999740 -0.000000 0.075004 0.997183 0.960680 0.001422 0.277656 0.960655 -0.007266 0.277649 0.000011 0.034228 0.999414 -0.042599 0.000002 0.999092 -0.000000 0.000000 1.000000 -0.047350 0.000001 0.998878 -0.000000 -0.000000 1.000000 -0.011244 0.000001 0.999937 -0.062431 0.000000 0.998049 0.011993 -0.000000 -0.999928 0.000000 0.000000 -1.000000 0.051378 -0.000000 -0.998679 0.067032 0.000000 -0.997751 0.037928 -0.919265 0.391808 0.000450 -0.923651 0.383235 0.000813 -0.834941 0.550338 0.034816 -0.834436 0.550004 -0.032181 0.018077 0.999319 -0.033200 0.031868 0.998941 -0.000891 0.021357 0.999772 0.000784 0.018625 0.999826 -0.032713 0.046636 0.998376 -0.033190 0.039824 0.998655 0.000152 0.003651 0.999993 0.000566 -0.009409 0.999956 -0.010201 -0.002544 0.999945 -0.010644 -0.002965 0.999939 -0.005867 -0.006412 0.999962 -0.005801 -0.006557 0.999962 -0.005332 -0.013305 0.999897 -0.007644 -0.002594 0.999967 0.103153 0.896291 -0.431303 0.044679 0.899796 -0.434018 0.089114 0.268302 -0.959204 0.081036 0.262402 -0.961550 -0.197043 0.854012 -0.481496 0.107243 0.569556 -0.814926 -0.362521 0.797028 -0.483037 0.935506 0.061652 -0.347889 -0.000165 0.003897 0.999992 -0.025365 0.999675 0.002389 0.000000 1.000000 0.000968 -0.000000 -0.206916 0.978359 0.000000 -0.206810 0.978381 0.000000 -0.206917 0.978359 0.000000 -0.206925 0.978357 -0.000000 -0.206925 0.978357 -0.000000 -0.206922 0.978357 0.000000 -0.206898 0.978363 0.003752 0.001472 -0.999992 0.008975 0.001115 -0.999959 -0.057810 0.007512 -0.998299 0.008891 -0.000890 -0.999960 0.014489 -0.001863 -0.999893 0.011404 0.001116 -0.999934 -0.004009 -0.000327 -0.999992 0.024947 -0.049921 -0.998442 0.010110 -0.011932 -0.999878 -0.008058 -0.011051 -0.999907 0.011908 -0.011948 -0.999858 
						-0.157625 0.673556 -0.722133 0.087750 0.290760 -0.952764 0.081174 0.578855 -0.811380 0.123263 0.598194 -0.791814 -0.000456 0.923040 0.384704 -0.038171 0.919895 0.390302 0.033127 0.027617 0.999070 0.033182 0.020757 0.999234 -0.000652 0.015585 0.999878 0.031936 0.070655 0.996989 0.031995 0.064925 0.997377 -0.038289 0.922901 -0.383129 -0.000460 0.923575 -0.383418 -0.035003 0.834432 -0.549998 -0.000843 0.834942 -0.550337 -0.000836 0.834942 0.550338 -0.035008 0.834431 0.550000 -0.008678 0.043399 0.999020 -0.011420 0.057113 0.998302 -0.000099 0.048963 0.998801 -0.531970 -0.528053 -0.661943 -0.458672 -0.573065 -0.679129 -0.652528 -0.476284 -0.589373 -0.682353 -0.434409 -0.587949 0.016786 -0.006667 -0.999837 0.000062 -0.030626 0.999531 0.033213 0.017596 0.999293 0.029512 0.919496 -0.391990 0.000445 0.924075 -0.382210 -0.000000 0.000073 1.000000 0.000000 -0.000145 1.000000 -0.000000 -0.000004 1.000000 -0.000000 0.000016 1.000000 0.000000 -0.000000 1.000000 -0.000000 0.000000 1.000000 -0.000000 -0.000000 1.000000 -0.005458 -0.021214 0.999760 -0.000019 0.019537 0.999809 0.416783 0.264044 -0.869812 0.711826 -0.000015 -0.702356 0.000000 -0.000000 -1.000000 0.071363 -0.000027 -0.997450 0.328379 -0.000129 -0.944546 -0.064471 0.026627 0.997564 -0.067748 0.023665 0.997422 -0.123287 0.029588 0.991930 -0.126843 0.005080 0.991910 -0.128352 -0.659072 0.741046 -0.125805 0.026313 0.991706 -0.486013 0.034259 0.873280 -0.454696 0.095462 0.885516 -0.088166 0.037011 0.995418 -0.505324 0.117097 0.854948 -0.475432 0.107696 0.873136 -0.088961 0.037235 0.995339 -0.009516 0.946117 0.323687 0.000000 0.946246 0.323449 -0.090894 0.941483 0.324574 -0.099876 0.940582 0.324546 -0.675947 0.085976 0.731918 -0.372316 0.049727 0.926773 -0.436345 0.057466 0.897943 -0.678466 0.086444 0.729528 -0.290108 0.005643 0.956977 
						-0.000000 0.004181 0.999991 -0.014181 0.000050 0.999899 -0.688582 -0.000001 0.725158 0.000000 -0.999974 0.007231 -0.000000 -0.999974 0.007231 -0.000000 -0.999974 0.007231 -0.000000 -0.999974 0.007231 0.016211 -0.000056 -0.999869 0.304623 -0.000671 -0.952473 0.713584 -0.000063 -0.700569 0.000000 -0.000001 -1.000000 -0.297627 0.000695 0.954682 -0.013493 0.000001 0.999909 -0.042884 0.000178 0.999080 -0.748396 0.000000 0.663252 0.000000 0.009345 -0.999956 0.000000 0.009344 -0.999956 0.000000 0.009345 -0.999956 0.000000 0.009346 -0.999956 0.048349 -0.000089 -0.998831 0.325696 -0.000567 -0.945474 0.723216 -0.000083 -0.690622 0.000000 0.000001 -1.000000 -0.278107 0.000188 0.960550 -0.012712 0.000000 0.999919 0.000000 0.003118 -0.999995 0.000000 0.003118 -0.999995 0.000000 0.003118 -0.999995 0.000000 0.003118 -0.999995 -0.006038 0.001840 0.999980 -0.005862 0.002224 0.999980 -0.017843 -0.007567 0.999812 -0.017892 -0.007618 0.999811 0.055958 0.062758 0.996459 0.018129 0.023288 0.999564 0.024733 0.029904 0.999247 0.056538 0.063407 0.996385 0.921322 -0.199085 0.333964 0.940885 -0.202848 0.271271 -0.000000 0.011160 0.999938 -0.000011 -0.008352 0.999965 -0.014679 -0.000003 0.999892 -0.000000 -0.000000 1.000000 -0.062530 -0.000003 0.998043 -0.079353 -0.000000 0.996847 -0.000795 0.019062 0.999818 -0.079775 0.012462 0.996735 -0.083725 0.012868 0.996406 0.000807 -0.834949 -0.550326 0.000444 -0.924034 -0.382310 0.038074 -0.922435 -0.384272 0.034816 -0.834437 -0.550003 0.001744 0.041459 0.999139 -0.000424 -0.923642 0.383256 -0.000000 -0.834944 0.550336 -0.034169 -0.834455 0.550016 -0.038268 -0.922836 0.383287 -0.089449 0.033699 0.995421 -0.090044 0.029333 0.995506 -0.000840 -0.834942 -0.550338 -0.000000 -0.923452 -0.383715 -0.037700 -0.919490 -0.391302 -0.035010 -0.834431 -0.550000 -0.000431 -0.010240 0.999947 
						0.000001 0.119146 0.992877 0.000002 0.062804 0.998026 0.000971 0.026459 0.999649 0.003638 0.017225 0.999845 -0.001115 -0.015672 0.999876 0.000325 -0.013474 0.999909 -0.092544 0.076416 0.992772 -0.171179 0.082933 0.981743 0.000028 0.021988 0.999758 -0.001735 0.029920 0.999551 -0.119909 0.829380 -0.545666 -0.343197 0.898533 -0.273595 -0.007581 0.890332 -0.455249 0.128964 0.877231 -0.462422 0.056861 0.565754 -0.822612 -0.477777 0.720429 -0.502704 -0.591524 0.771116 -0.235542 -0.304051 0.744043 -0.594939 0.032810 -0.107810 -0.993630 0.115812 -0.383664 -0.916182 -0.008425 -0.000190 -0.999965 0.011316 0.000749 -0.999936 -0.000466 0.923105 0.384547 -0.038165 0.919820 0.390481 0.189562 0.622651 -0.759191 -0.153178 0.659108 -0.736283 -0.233674 0.806561 -0.543006 0.089076 0.034882 0.995414 0.088289 0.034498 0.995497 -0.037863 0.922911 -0.383147 -0.035020 0.834430 -0.550000 -0.000823 0.834942 -0.550337 0.000001 0.923587 -0.383389 -0.000720 0.017168 0.999852 -0.000854 0.834929 0.550357 -0.035018 0.834429 0.550002 0.092158 0.018532 0.995572 0.090178 0.036144 0.995270 -0.073586 -0.000002 -0.997289 0.000000 -0.000000 -1.000000 -0.017181 -0.000002 -0.999852 -0.091545 -0.000000 -0.995801 0.073229 0.000003 0.997315 0.090770 -0.000000 0.995872 0.016764 0.000003 0.999860 -0.000000 -0.000000 1.000000 -0.004352 0.021767 0.999754 0.034922 -0.030239 -0.998933 0.037776 -0.039936 -0.998488 0.018070 -0.090368 -0.995745 0.017266 -0.086349 -0.996115 -0.184569 -0.611140 -0.769703 -0.179434 -0.592101 -0.785634 -0.286219 -0.570339 -0.769930 -0.364299 -0.539898 -0.758813 -0.000835 0.019931 0.999801 0.032013 0.036605 0.998817 0.018488 0.834800 -0.550243 0.000427 0.834943 -0.550336 -0.000008 -0.007992 0.999968 -0.123982 0.010781 0.992226 -0.372373 0.044450 0.927018 -0.114879 -0.026954 0.993014 0.000000 0.000000 -1.000000 
						0.045779 -0.000001 -0.998952 -0.090864 0.020663 0.995649 -0.092862 0.001550 0.995678 0.001184 0.953021 0.302904 0.000000 0.953021 0.302905 0.011268 0.952963 0.302878 0.012462 0.952949 0.302873 -0.089468 0.034802 0.995381 -0.090080 0.029789 0.995489 0.012418 0.955308 0.295353 0.000000 0.955379 0.295382 0.001280 0.955379 0.295382 0.013687 0.955292 0.295347 -0.026742 0.000015 0.999642 -0.000000 -0.000000 1.000000 -0.066170 0.000014 0.997808 -0.089573 -0.000000 0.995980 -0.000000 0.007910 0.999969 -0.000000 0.007909 0.999969 -0.000000 0.007911 0.999969 0.004678 -0.031509 -0.999493 0.297050 0.001107 -0.954861 0.684098 -0.000419 -0.729390 0.000000 -0.065798 -0.997833 -0.087089 0.013086 0.996115 -0.087820 0.019634 0.995943 -0.080870 0.009275 0.996682 -0.083559 0.009489 0.996458 0.027885 0.000008 -0.999611 0.083887 0.000000 -0.996475 -0.072524 0.017110 0.997220 -0.075818 0.012981 0.997037 0.000133 0.046380 0.998924 0.015046 0.004096 0.999878 0.431631 -0.150109 0.889473 -0.005103 -0.032007 0.999475 -0.000003 -0.027802 0.999614 -0.000020 -0.028302 0.999599 -0.001128 0.019086 0.999817 -0.000000 -0.999999 0.001230 0.040795 -0.999158 0.004290 0.015346 0.000003 -0.999882 0.083888 0.000000 -0.996475 0.067123 0.000003 -0.997745 0.000000 0.000000 -1.000000 0.001361 0.032444 0.999473 -0.000456 -1.000000 -0.000792 -0.041465 -0.999129 -0.004763 0.000000 -1.000000 0.000000 0.000000 -1.000000 0.000000 0.000000 -1.000000 0.000000 0.000000 -1.000000 0.000000 0.000000 -1.000000 0.000000 0.000000 -1.000000 0.000000 0.000000 -1.000000 0.000000 -0.016872 0.000002 0.999858 -0.000000 0.000000 1.000000 -0.073209 0.000002 0.997317 -0.090861 -0.000000 0.995864 0.017077 0.000000 -0.999854 0.091488 0.000000 -0.995806 0.073636 0.000001 -0.997285 0.000000 -0.000000 -1.000000 0.000000 -0.510821 -0.859687 
						-0.000000 -0.510543 -0.859852 0.000000 -0.510835 -0.859679 0.000000 -0.510879 -0.859653 0.000000 -0.510876 -0.859654 0.000000 -0.510888 -0.859647 0.000000 -0.510888 -0.859647 -0.000460 -1.000000 0.000167 -0.041463 -0.999124 -0.005745 0.000207 0.004892 0.999988 0.000165 -0.006476 0.999979 -0.010333 0.988871 -0.148413 -0.083609 -0.026301 0.996152 -0.267042 0.139122 0.953590 -0.335100 0.097193 0.937156 -0.205964 0.758306 -0.618507 -0.286550 0.863311 -0.415432 -0.227724 0.877030 -0.423037 0.190337 0.816945 -0.544401 -0.752210 0.611875 -0.244518 -0.602674 0.593304 -0.533642 0.652616 0.269186 -0.708259 0.013193 0.001499 -0.999912 0.068425 0.006965 -0.997632 0.007521 -0.001378 -0.999971 0.001341 -0.011953 -0.999928 0.018797 -0.011057 -0.999762 0.007596 -0.011912 -0.999900 -0.002623 -0.050341 -0.998729 0.027837 0.000465 -0.999612 0.007458 0.001965 -0.999970 0.001073 0.001939 -0.999998 0.060743 -0.121721 -0.990704 -0.010297 -0.009223 -0.999904 0.074241 0.000003 0.997240 0.092541 0.000000 0.995709 0.017472 0.000003 0.999847 -0.000000 -0.000000 1.000000 0.043992 -0.680781 -0.731165 -0.040845 -0.644929 -0.763151 0.026669 -0.394204 -0.918636 0.038815 -0.111972 -0.992953 0.035980 -0.220520 -0.974719 -0.011580 -0.454823 -0.890506 -0.002682 -0.203137 -0.979147 -0.020494 -0.090240 -0.995709 -0.069471 -0.388199 -0.918953 -0.007028 -0.389201 -0.921126 0.317965 0.725412 -0.610472 0.443309 0.647267 -0.620099 -0.000450 1.000000 0.000465 -0.041471 0.999127 0.005097 -0.072209 -0.000001 -0.997390 0.000000 0.000000 -1.000000 -0.016446 -0.000001 -0.999865 -0.089574 0.000000 -0.995980 -0.001519 0.007602 0.999970 0.003351 -0.016760 -0.999854 -0.000327 0.000307 -1.000000 -0.001337 0.009344 -0.999955 0.026265 -0.000103 -0.999655 0.011679 -0.013579 -0.999840 0.043866 -0.024722 -0.998731 -0.001493 -0.009016 -0.999958 -0.038165 0.919642 0.390898 
						-0.000450 0.923292 0.384099 -0.000823 0.834949 0.550327 -0.035002 0.834431 0.550000 0.087669 0.022986 0.995884 0.087513 0.015123 0.996049 -0.070072 -0.008044 -0.997510 0.000000 -0.008060 -0.999968 -0.015941 -0.008063 -0.999840 -0.087444 -0.008029 -0.996137 0.000000 0.003118 -0.999995 0.000000 0.003118 -0.999995 0.001112 0.953022 0.302900 0.000000 0.953022 0.302900 0.010614 0.952970 0.302880 0.011735 0.952958 0.302876 -0.019867 -0.000000 0.999803 -0.000000 0.000000 1.000000 -0.074755 -0.000000 0.997202 -0.091545 -0.000000 0.995801 -0.000000 0.534667 -0.845063 0.000000 0.534667 -0.845063 -0.000000 0.534667 -0.845063 -0.000000 0.534667 -0.845063 0.072501 0.000001 -0.997368 0.000000 -0.000000 -1.000000 0.022132 0.000001 -0.999755 0.091488 -0.000000 -0.995806 -0.023494 0.000004 0.999724 -0.000000 -0.000000 1.000000 -0.070528 0.000003 0.997510 -0.090861 -0.000000 0.995864 -0.000000 0.105440 0.994426 -0.000000 0.105441 0.994426 -0.000000 0.105440 0.994426 -0.000000 0.105440 0.994426 0.068455 -0.000004 -0.997654 0.000000 0.000000 -1.000000 0.025535 -0.000004 -0.999674 0.090770 0.000000 -0.995872 -0.000000 0.007912 0.999969 -0.000000 0.007912 0.999969 0.027647 -0.000016 -0.999618 0.088697 0.000000 -0.996059 -0.028499 0.008049 0.999561 -0.087443 0.008029 0.996137 -0.055217 0.000006 0.998474 -0.000000 -0.000000 1.000000 0.000000 0.009344 -0.999956 0.000000 0.009344 -0.999956 0.000000 -0.000000 -1.000000 0.051969 -0.000006 -0.998649 -0.048806 0.000001 0.998808 -0.000000 0.000000 1.000000 0.000134 0.066825 0.997765 0.010880 0.054410 0.998459 0.008120 0.040610 0.999142 0.000009 0.009134 0.999958 0.005424 -0.029381 0.999554 -0.033352 0.021463 0.999213 0.000445 -0.923249 0.384202 0.029636 -0.920339 0.389997 0.000000 0.180929 0.983496 0.000000 0.180934 0.983495 0.000000 0.180920 0.983498 
						-0.000000 0.180923 0.983497 -0.000000 0.180821 0.983516 0.000000 0.180907 0.983500 0.000000 0.180930 0.983496 -0.000456 -0.923135 -0.384476 -0.038170 -0.919795 -0.390538 0.000792 0.018915 0.999821 -0.033431 0.021782 0.999204 -0.033356 0.029529 0.999007 -0.000835 -0.834942 -0.550338 -0.035017 -0.834430 -0.550000 -0.038301 -0.923141 0.382549 -0.000460 -0.923344 0.383973 -0.000845 -0.834942 0.550338 -0.035011 -0.834432 0.549998 -0.032263 0.064926 0.997368 -0.032069 0.074350 0.996716 0.000194 0.004589 0.999989 -0.000148 -0.015361 0.999882 -0.004700 -0.921539 0.388256 -0.000106 -0.924037 0.382304 -0.000000 -0.834937 0.550346 -0.000000 -0.834945 0.550334 0.068854 -0.106164 -0.991962 -0.003004 -0.016389 -0.999861 -0.000010 -0.004099 0.999992 -0.504814 0.613721 -0.607049 -0.038125 0.774509 -0.631414 0.010501 0.774878 -0.632024 0.103744 0.985275 -0.135904 -0.640049 0.762317 0.095964 -0.800647 0.356216 -0.481741 -0.884308 0.346303 -0.313166 0.222016 -0.313927 -0.923124 -0.000515 -0.001374 -0.999999 -0.001456 0.000127 -0.999999 0.031869 -0.519986 -0.853580 -0.036420 -0.501289 -0.864513 -0.048708 -0.428975 -0.902002 -0.072561 -0.410269 -0.909073 -0.018271 -0.214305 -0.976596 -0.003728 -0.090950 -0.995848 -0.071398 -0.543943 -0.836080 -0.046092 -0.490252 -0.870361 0.011499 -0.583402 -0.812102 0.011365 -0.582125 -0.813020 0.492173 0.797505 -0.348930 0.717072 0.613557 -0.330690 0.524739 0.562817 -0.638659 0.233305 0.629242 -0.741366 0.000000 0.999379 -0.035244 0.000000 0.999377 -0.035299 0.000000 0.999378 -0.035273 0.000000 0.999380 -0.035201 0.000000 0.999380 -0.035220 -0.000000 0.999378 -0.035258 0.000000 0.999379 -0.035232 0.000314 -0.001572 -0.999999 -0.003639 0.003429 -0.999988 -0.003831 0.000645 -0.999993 0.038035 -0.084815 -0.995670 0.039541 -0.137895 -0.989657 0.071585 0.000001 0.997434 0.088696 -0.000000 0.996059 
						0.016193 0.000001 0.999869 -0.000000 -0.000000 1.000000 0.325119 -0.237193 -0.915444 -0.016769 0.000005 0.999859 -0.000000 0.000000 1.000000 -0.082661 0.000004 0.996578 -0.096212 -0.000000 0.995361 0.000000 0.999968 0.007993 -0.000000 0.999968 0.007992 -0.000000 0.999968 0.007993 -0.000000 0.999968 0.007993 0.077119 -0.000005 -0.997022 0.000000 -0.000000 -1.000000 0.018560 -0.000006 -0.999828 0.092542 -0.000000 -0.995709 -0.000000 -0.999974 0.007228 -0.000000 -0.999974 0.007229 -0.766738 0.098469 0.634363 -0.788077 0.084253 0.609784 -0.743649 0.142149 0.653284 -0.732949 0.201911 0.649629 -0.009865 -0.049337 -0.998733 -0.013157 -0.016619 -0.999775 -0.011904 -0.008446 -0.999893 -0.009589 -0.047953 -0.998804 0.002690 0.013451 0.999906 -0.000001 -0.000538 1.000000 -0.032250 0.036932 0.998797 0.000965 0.022998 0.999735 0.000431 -0.834949 0.550326 0.018479 -0.834800 0.550243 0.000852 0.020309 0.999793 -0.037840 -0.922248 0.384742 0.000001 -0.924233 0.381828 -0.000817 -0.834942 0.550338 -0.035018 -0.834430 0.550000 -0.089074 0.032322 0.995500 -0.088213 0.030417 0.995637 0.016765 -0.000002 -0.999859 0.090771 -0.000000 -0.995872 0.073229 -0.000002 -0.997315 0.000000 0.000000 -1.000000 -0.017181 -0.000000 0.999852 -0.000000 0.000000 1.000000 -0.073586 -0.000000 0.997289 -0.091545 0.000000 0.995801 -0.091741 0.013887 0.995686 -0.090471 0.027209 0.995527 -0.000857 -0.834935 -0.550347 -0.000465 -0.922801 -0.385277 -0.038179 -0.920132 -0.389742 -0.035025 -0.834429 -0.550002 -0.025294 -0.999679 -0.001390 0.000001 -0.999998 -0.001938 0.000000 -0.999933 0.011585 -0.000000 -0.999933 0.011579 0.000000 -0.999933 0.011612 0.000000 -0.999933 0.011595 0.000000 -0.999933 0.011593 -0.000000 -0.999933 0.011549 0.000000 -0.999934 0.011509 -0.018243 0.000006 0.999834 -0.000000 0.000000 1.000000 -0.077157 0.000006 0.997019 
						-0.096212 -0.000000 0.995361 -0.001467 -0.000336 -0.999999 -0.698583 0.228099 0.678198 -0.660826 0.333672 0.672289 -0.643594 0.231993 -0.729360 -0.866693 0.472332 0.160453 0.082567 -0.383697 -0.919761 0.030690 -0.081741 -0.996181 0.014979 -0.195026 -0.980684 0.023695 -0.383903 -0.923069 0.090865 -0.542273 -0.835275 0.067795 -0.487500 -0.870487 0.833040 0.423861 -0.355507 0.591615 0.444702 -0.672482 -0.019708 0.003316 -0.999800 0.998071 -0.000019 -0.062082 -0.994518 0.000000 -0.104569 0.010492 -0.000352 -0.999945 0.009894 -0.000000 -0.999951 -0.009633 0.012139 -0.999880 0.027537 -0.208050 -0.977730 0.059384 -0.211003 -0.975680 0.667626 -0.444071 -0.597559 0.473704 -0.548891 -0.688712 0.548599 -0.500516 -0.669719 0.698120 -0.399600 -0.594095 0.000454 0.002268 -0.999997 0.011236 0.010590 -0.999881 0.021110 -0.002216 -0.999775 -0.020022 -0.016467 -0.999664 0.017552 -0.003450 -0.999840 0.008742 0.010968 -0.999902 0.033752 0.014700 -0.999322 -0.000474 -0.002371 0.999997 -0.087387 0.016744 0.996034 -0.087514 0.021848 0.995924 -0.000829 -0.834943 -0.550337 -0.000450 -0.922636 -0.385671 -0.038193 -0.920305 -0.389333 -0.035010 -0.834437 -0.549989 -0.015942 0.008056 0.999840 -0.000000 0.008060 0.999968 -0.070070 0.008037 0.997510 -0.087443 0.008029 0.996137 -0.000450 -0.999997 -0.002507 -0.041474 -0.999135 -0.003027 -0.016443 0.000006 0.999865 -0.000000 -0.000000 1.000000 -0.072212 0.000007 0.997389 -0.089574 -0.000000 0.995980 0.017471 -0.000006 -0.999847 0.092540 -0.000000 -0.995709 0.074242 -0.000006 -0.997240 0.000000 -0.000000 -1.000000 0.352789 0.562561 -0.747706 0.470279 0.267503 -0.840999 -0.897130 -0.140291 -0.418898 0.789868 0.608475 0.076598 -0.999812 -0.015219 -0.011989 0.959567 0.266522 0.090539 0.054626 -0.427290 -0.902463 0.004796 -0.503328 -0.864082 -0.028083 -0.520248 -0.853554 0.093538 -0.403665 -0.910113 
						0.032390 -0.205069 -0.978212 0.015018 -0.081759 -0.996539 0.066518 -0.643690 -0.762390 -0.020347 -0.680791 -0.732195 0.214311 -0.604103 -0.767548 0.207000 -0.585734 -0.783624 -0.016624 -0.236283 -0.971542 -0.019547 -0.129087 -0.991441 -0.005662 -0.408266 -0.912846 0.032214 -0.468174 -0.883049 0.093824 -0.496766 -0.862798 0.041699 -0.527681 -0.848419 0.147695 -0.476554 -0.866650 0.044910 -0.005520 -0.998976 0.021911 0.002772 -0.999756 0.022599 -0.000539 -0.999744 -0.000945 -0.005515 -0.999984 0.026224 -0.003475 -0.999650 0.063361 -0.005513 -0.997975 0.881297 0.177107 -0.438119 0.721525 0.248196 -0.646374 0.006366 -0.000000 -0.999980 0.021347 0.003594 -0.999766 0.994594 0.000000 -0.103836 0.137387 -0.000308 -0.990517 0.019203 0.018100 -0.999652 0.004452 0.022272 -0.999742 0.016190 -0.000006 -0.999869 0.088696 0.000000 -0.996059 0.071588 -0.000007 -0.997434 0.000000 0.000000 -1.000000 0.000000 -0.999978 0.006699 -0.000000 -0.999978 0.006635 0.000000 -0.999978 0.006646 0.000000 -0.999978 0.006685 0.000000 -0.999978 0.006665 0.000000 -0.999978 0.006645 0.000000 -0.999978 0.006641 0.318859 -0.556457 -0.767257 0.400873 -0.522005 -0.752869 0.975074 -0.174296 -0.137299 0.792385 -0.193724 -0.578444 -0.018205 -0.103665 -0.994446 -0.017015 -0.157719 -0.987337 0.030623 0.005153 -0.999518 -0.004439 -0.003419 -0.999984 0.016163 -0.005416 -0.999855 0.009904 -0.000394 -0.999951 -0.035272 -0.005521 -0.999363 0.007882 -0.005525 -0.999954 0.042171 0.011730 -0.999042 -0.040127 -0.527829 -0.848402 -0.081028 -0.499303 -0.862630 -0.118400 -0.483216 -0.867458 -0.037519 -0.228091 -0.972917 -0.000933 -0.228463 -0.973552 0.002770 -0.999996 0.000000 0.000000 -1.000000 -0.000000 0.028843 -0.999584 0.000000 0.031556 -0.999502 0.000000 -0.031461 0.999505 0.000004 -0.034554 0.999403 0.000004 -0.003028 0.999995 0.000000 -0.000000 1.000000 0.000000 
						-0.038347 0.999265 0.000000 -0.042096 0.999114 -0.000000 -0.003652 0.999993 0.000000 -0.000000 1.000000 -0.000000 0.038341 -0.999265 0.000000 0.000000 -1.000000 0.000004 0.003611 -0.999994 0.000004 0.042048 -0.999116 0.000000 0.003622 -0.999994 0.000004 0.000000 -1.000000 0.000004 0.038597 -0.999255 0.000000 0.042120 -0.999113 -0.000000 -0.003665 0.999993 -0.000000 -0.042194 0.999109 -0.000000 -0.038630 0.999254 -0.000000 -0.000000 1.000000 0.000000 0.040075 -0.999197 -0.000000 0.000000 -1.000000 0.000000 0.003678 -0.999993 -0.000000 0.043854 -0.999038 0.000000 -0.040690 0.999172 0.000000 -0.044569 0.999006 0.000000 -0.003773 0.999993 0.000000 -0.000000 1.000000 -0.000000 -0.002446 -0.999997 0.000000 0.000000 -1.000000 0.000000 -0.027174 -0.999631 0.000000 -0.029659 -0.999560 0.000000 0.024722 0.999694 -0.000000 0.026884 0.999639 -0.000000 0.002206 0.999998 -0.000004 0.000000 1.000000 -0.000004 -0.030330 -0.999540 -0.000004 -0.000000 -1.000000 -0.000000 -0.002810 -0.999996 -0.000000 -0.033080 -0.999453 -0.000004 0.027383 0.999625 0.000004 0.029893 0.999553 0.000004 0.002560 0.999997 0.000000 0.000000 1.000000 -0.000000 -0.030755 -0.999527 -0.000000 0.000000 -1.000000 0.000000 -0.002850 -0.999996 -0.000000 -0.033545 -0.999437 0.000000 0.027965 0.999609 0.000000 0.030528 0.999534 -0.000000 0.002612 0.999997 0.000000 -0.000000 1.000000 -0.000000 -0.031114 -0.999516 -0.000000 0.000000 -1.000000 0.000000 -0.002929 -0.999996 -0.000000 -0.033980 -0.999423 0.000000 0.028481 0.999594 0.000000 0.031128 0.999515 0.000000 0.002701 0.999996 0.000004 -0.000000 1.000000 0.000004 0.058909 0.014439 0.998159 -0.064216 0.030827 0.997460 -0.425507 -0.034236 0.904308 -0.457545 0.039156 0.888324 0.025374 0.999678 -0.000000 0.022525 0.999746 -0.000000 0.053267 0.998580 -0.000000 0.056175 0.998421 -0.000000 
						0.028471 -0.999595 -0.000000 -0.000000 -1.000000 -0.000000 0.002710 -0.999996 -0.000000 0.031127 -0.999515 0.000000 -0.057839 0.030389 0.997863 0.027952 -0.999609 -0.000004 -0.000000 -1.000000 -0.000000 0.002630 -0.999997 -0.000000 0.030530 -0.999534 -0.000004 -0.030740 0.999527 0.000002 -0.033547 0.999437 0.000000 -0.002869 0.999996 0.000020 -0.000000 1.000000 0.000022 -0.030332 0.999540 0.000000 -0.033082 0.999453 0.000000 -0.002810 0.999996 0.000000 0.000000 1.000000 0.000000 0.027385 -0.999625 -0.000000 -0.000000 -1.000000 0.000000 0.002560 -0.999997 0.000000 0.029896 -0.999553 0.000000 -0.027261 0.999628 0.000000 -0.029661 0.999560 0.000000 -0.002455 0.999997 -0.000000 0.000000 1.000000 0.000000 0.002201 -0.999998 -0.000000 -0.000000 -1.000000 -0.000000 0.024654 -0.999696 -0.000004 0.026885 -0.999639 -0.000004 0.040106 0.999195 -0.000001 0.043853 0.999038 0.000000 0.003650 0.999993 -0.000008 -0.000000 1.000000 -0.000009 -0.040725 -0.999170 -0.000000 -0.000000 -1.000000 -0.000000 -0.003744 -0.999993 -0.000000 -0.044571 -0.999006 0.000000 0.003618 0.999994 -0.000000 0.042121 0.999113 0.000000 0.038602 0.999255 -0.000000 0.000000 1.000000 0.000000 -0.003660 -0.999993 0.000004 -0.000000 -1.000000 0.000004 -0.038632 -0.999254 0.000000 -0.042192 -0.999110 -0.000000 0.038509 0.999258 0.000000 -0.000000 1.000000 0.000004 0.003637 0.999993 0.000004 0.042048 0.999116 -0.000000 -0.003678 -0.999993 -0.000004 0.000000 -1.000000 -0.000004 -0.038516 -0.999258 -0.000000 -0.042095 -0.999114 -0.000000 0.028777 0.999586 -0.000000 0.031557 0.999502 -0.000000 0.002727 0.999996 -0.000000 0.000000 1.000000 0.000000 -0.003078 -0.999995 -0.000000 -0.000000 -1.000000 -0.000000 -0.031548 -0.999502 0.000000 -0.034556 -0.999403 0.000000 -0.094538 -0.041145 0.994671 -0.751105 0.660151 -0.006541 -0.751093 0.660148 -0.008014 
						-0.751101 0.660150 -0.006987 -0.999851 0.015505 -0.007548 -0.999940 0.008009 -0.007552 -0.999937 0.008351 -0.007559 -0.999955 0.005658 -0.007555 -0.189287 0.981906 -0.005593 0.003226 0.999979 -0.005544 -0.002732 0.999981 -0.005544 -0.190518 0.981667 -0.005654 -0.184209 0.982870 -0.005821 0.203786 0.978999 -0.005589 0.198229 0.980139 -0.005655 0.999970 -0.001955 -0.007542 0.999931 -0.009051 -0.007473 0.999969 -0.002441 -0.007538 0.758820 0.651250 -0.008045 0.758832 0.651253 -0.006593 0.758828 0.651253 -0.007031 0.192875 0.981206 -0.005830 -0.999968 0.002879 -0.007538 -0.999968 0.002691 -0.007538 0.999953 0.006182 -0.007535 0.999933 -0.008751 -0.007534 -0.999897 -0.012233 -0.007546 -0.999954 -0.005983 -0.007444 0.999921 -0.010037 -0.007540 0.999921 -0.010043 -0.007540 -0.999969 0.006046 -0.005016 -0.999960 -0.007948 -0.004150 0.999704 -0.023348 -0.006820 0.999876 -0.013890 -0.007423 -0.999949 -0.009237 -0.004019 0.923967 0.382455 0.003725 0.923967 0.382455 0.003746 0.923966 0.382455 0.003850 0.999934 0.010787 -0.004088 0.999827 -0.018159 -0.004151 0.135364 0.990787 0.004196 0.096110 0.995361 0.004306 0.112074 0.993691 0.004277 0.999800 -0.019582 -0.004020 0.009255 0.999942 0.005513 0.003976 0.999977 0.005515 -0.917132 0.398567 0.003720 -0.917132 0.398567 0.003700 -0.917131 0.398567 0.003821 -0.132128 0.991223 0.004314 -0.134364 0.990923 0.004294 -0.133960 0.990978 0.004303 0.000000 -0.996721 0.080910 0.000001 -0.784264 0.620427 -0.000000 -0.970184 0.242371 -0.000000 -0.999999 -0.001182 0.000001 -0.948079 0.318035 0.968730 -0.241026 -0.058893 0.993510 -0.110493 -0.026998 0.976286 -0.188952 -0.105652 0.949218 -0.274608 -0.153546 -0.000000 -0.987039 0.160478 0.000000 -0.981280 -0.192587 -0.000000 -0.880392 0.474247 0.979085 -0.192501 -0.065842 0.995499 -0.089676 -0.030672 0.966328 -0.148820 -0.209912 
						0.961976 -0.157971 -0.222819 0.000000 0.848971 -0.528439 0.000000 0.891988 -0.452058 0.000000 0.799845 -0.600206 0.000000 0.582653 -0.812721 -0.000000 -0.992442 0.122711 0.932883 0.060470 -0.355067 0.879202 0.079990 -0.469686 0.987379 0.001238 -0.158371 0.996785 0.000626 -0.080125 0.992541 -0.018587 -0.120485 0.995786 -0.013982 -0.090639 0.983784 -0.158220 -0.084476 0.997309 -0.064669 -0.034528 0.000000 0.799542 -0.600610 0.969589 -0.042002 -0.241110 0.967350 -0.043496 -0.249685 0.000000 0.881092 -0.472945 -0.000000 -0.999826 0.018671 0.000000 0.595131 -0.803628 0.000000 0.986657 -0.162814 0.948954 0.023635 -0.314529 0.946622 0.024155 -0.321441 -0.000000 0.866627 -0.498957 -0.000000 -0.985538 0.169457 -0.000000 -0.992212 0.124564 0.766617 -0.000041 -0.642105 0.966101 -0.000016 -0.258165 0.000000 0.900824 -0.434185 0.000000 -0.981510 0.191409 0.562502 -0.101720 -0.820515 0.993127 -0.014400 -0.116155 0.000000 0.849354 -0.527823 0.000000 0.594514 -0.804085 0.000000 -0.982549 0.186003 0.985130 -0.128455 -0.114098 0.992566 -0.090993 -0.080823 0.990746 -0.111872 -0.076853 0.975045 -0.182987 -0.125708 0.000000 0.311987 -0.950086 0.000000 -0.983534 0.180725 0.983569 -0.151706 -0.097862 0.959898 -0.235585 -0.151971 0.000000 0.700574 -0.713580 0.000000 -0.983312 0.181925 0.979493 -0.158146 -0.124837 0.960238 -0.219137 -0.172982 0.000000 0.778234 -0.627975 -0.000000 -0.988655 0.150206 0.977377 -0.032247 -0.209030 0.971983 -0.035837 -0.232302 0.975670 -0.003646 -0.219214 0.978691 -0.003414 -0.205312 0.000000 0.811455 -0.584415 0.000000 -0.965252 -0.261321 0.000000 -0.977620 -0.210378 0.985069 0.020577 -0.170929 0.985827 0.020051 -0.166561 0.000000 0.832830 -0.553529 -0.206427 -0.975034 -0.081831 -0.206426 -0.975035 -0.081829 -0.206427 -0.975034 -0.081831 -0.206428 -0.975034 -0.081833 0.000000 0.989002 -0.147905 
						0.000000 0.996341 -0.085466 -0.983237 -0.167116 0.072925 -0.964981 -0.209068 0.158435 -0.909861 -0.337433 0.241436 -0.958549 -0.252401 0.132205 -0.707527 -0.581928 0.400955 -0.875567 -0.427318 0.225346 -0.991547 -0.120010 0.049309 -0.996394 -0.080096 0.027989 -0.965290 -0.239130 0.105036 -0.994866 -0.093323 0.039144 -0.988394 -0.118574 0.094955 0.110112 -0.993163 -0.038759 0.070876 -0.995106 -0.068854 -0.038495 -0.949329 -0.311916 0.056580 -0.960934 -0.270934 0.013451 -0.995202 -0.096916 -0.216193 -0.929503 -0.298806 -0.454583 -0.789728 0.411927 -0.762160 -0.584947 0.277398 -0.951021 -0.282757 0.124931 -0.960018 -0.259535 0.104915 -0.999266 -0.037459 0.007978 -0.998571 -0.052945 0.007234 0.090721 -0.950831 -0.296126 0.123785 -0.991689 -0.035085 -0.999928 -0.008527 -0.008429 -0.999880 -0.014722 -0.004890 0.139562 -0.989793 0.028847 0.137546 -0.990488 0.003724 0.138786 -0.989015 0.050870 0.109308 -0.992772 -0.049561 -0.023846 -0.994168 -0.105169 -0.319572 -0.927697 -0.193010 -0.344972 -0.848763 0.400743 -0.728809 -0.628434 0.271861 -0.999069 -0.043124 -0.000823 -0.999974 -0.005257 -0.005031 0.128564 -0.946398 -0.296314 0.128982 -0.991337 -0.024805 0.024722 -0.997437 0.067143 0.074704 -0.995083 0.065036 0.026496 -0.996663 0.077208 -0.077991 -0.993689 0.080626 0.132868 -0.987614 0.083449 -0.009672 -0.996011 -0.088705 -0.278966 -0.952647 -0.121006 -0.999203 -0.036284 -0.016653 -0.999315 -0.030229 -0.021334 -0.964301 -0.251706 0.082260 -0.999838 -0.017934 0.001204 -0.995494 0.079156 -0.052214 -0.990150 0.097176 -0.100796 0.059210 -0.997557 0.037064 0.113560 -0.990488 0.077697 0.084348 -0.992898 0.083905 0.094315 -0.991454 0.090134 -0.033973 0.996675 -0.074065 -0.041385 0.995594 -0.084142 -0.049199 0.998474 0.025079 -0.052364 0.998551 0.012381 0.090637 -0.995641 0.021977 0.076323 -0.997042 -0.009022 0.070976 -0.993928 -0.084075 
						-0.300365 -0.844619 0.443170 -0.730773 -0.619508 0.286672 0.008314 -0.996835 -0.079063 -0.225189 -0.968806 -0.103459 -0.999700 -0.015015 -0.019374 -0.998531 0.048083 -0.024996 -0.057625 0.952726 0.298316 -0.095669 0.957590 0.271790 -0.993364 -0.000000 0.115012 -0.998367 0.000000 -0.057128 -0.999708 0.000001 -0.024155 -0.999431 0.000006 0.033732 -0.997396 0.000001 0.072127 -0.979314 0.000002 0.202347 -0.977742 0.000000 0.209813 -0.763533 -0.000001 0.645769 0.088394 -0.996023 -0.011153 0.088514 -0.995917 -0.017753 -0.032336 0.997074 -0.069272 -0.061997 0.998076 -0.000605 0.112423 -0.989770 0.087840 0.094294 -0.991456 0.090134 0.114188 -0.989931 0.083649 0.168851 -0.981387 0.091484 0.063335 -0.997970 -0.006672 0.099333 -0.969305 -0.224900 0.046119 -0.994493 -0.094110 -0.996413 -0.083307 -0.014837 -0.998531 -0.048594 -0.023989 -0.999253 -0.025790 -0.028772 -0.958473 -0.272098 0.085397 -0.999683 0.023971 -0.007727 -0.982824 0.164989 -0.082672 -0.965769 0.203303 -0.161118 -0.139511 0.962836 0.231263 -0.000001 0.917426 0.397908 -0.000001 0.954821 0.297181 -0.083282 0.832634 0.547526 -0.090518 0.798537 0.595101 -0.195096 0.754622 0.626485 -0.197639 0.747098 0.634652 -0.955814 0.243022 0.165407 -0.875544 0.368558 0.312390 -0.859679 0.408498 0.306727 -0.947649 0.273984 0.163994 -0.997615 0.069023 -0.000001 -0.998767 0.049640 -0.000002 0.064559 -0.929965 -0.361935 0.078869 -0.760265 -0.644808 0.088255 -0.996098 -0.000000 -0.965701 0.000000 0.259656 -0.980801 -0.000000 0.195010 -0.949841 0.000000 0.312733 -0.958573 0.000000 0.284846 -0.971508 0.000000 0.237008 -0.097150 0.994756 0.031980 -0.024590 0.997270 -0.069624 0.157152 -0.980856 0.115002 0.265744 -0.956325 0.121750 0.037338 -0.994537 -0.097479 -0.284346 -0.826304 0.486179 -0.718744 -0.618066 0.318436 0.013556 -0.996875 -0.077829 -0.191131 -0.974792 -0.115108 
						-0.999521 -0.030314 -0.006179 -0.996788 -0.079777 -0.007084 -0.998244 -0.055895 -0.019615 -0.995719 0.085736 -0.034535 -0.996458 -0.000000 0.084094 -0.995674 0.000000 -0.092917 -0.988612 -0.000001 -0.150487 -0.990889 -0.000000 0.134678 0.009190 -0.995794 -0.091157 0.007203 -0.995530 -0.094171 0.039610 -0.927858 -0.370824 0.087440 -0.996109 0.011033 0.088223 -0.996101 -0.000000 -0.978425 0.000000 0.206604 -0.980198 0.000000 0.198019 -0.960818 0.000000 0.277181 -0.247308 0.937093 0.246366 0.111779 -0.988085 0.105800 0.052952 -0.988913 0.138736 0.086636 -0.996088 0.017377 0.060450 -0.834854 -0.547142 -0.991617 -0.128957 -0.008100 -0.985508 -0.161867 0.050730 -0.948173 -0.304566 0.090599 -0.999864 0.014725 0.007371 -0.997788 0.061373 -0.025527 -0.956906 0.260562 -0.128212 -0.904893 0.353370 -0.237274 -0.976330 -0.000001 0.216287 -0.973204 -0.000001 0.229946 -0.000001 -0.995328 -0.096554 0.026478 -0.970802 -0.238418 -0.986435 -0.000000 0.164154 -0.987265 -0.000000 0.159085 0.001467 0.999999 0.000002 0.001467 0.999999 0.000002 0.001382 0.999999 -0.000569 0.001382 0.999999 -0.000570 0.001106 0.999999 -0.001105 0.001104 0.999999 -0.001104 -0.123784 0.992231 0.012458 0.001496 0.997505 -0.070573 0.034384 -0.992911 0.113779 0.023327 -0.989739 0.140973 -0.970374 -0.000001 0.241610 -0.978302 -0.000005 0.207184 -0.945630 -0.000001 0.325243 -0.929127 -0.000006 0.369762 -0.927241 -0.000001 0.374466 -0.821395 -0.000001 0.570359 -0.954898 -0.000000 0.296934 -0.920402 0.000001 -0.390973 -0.028950 -0.981294 -0.190327 -0.000000 -0.997477 0.070992 -0.000000 -0.999626 -0.027360 -0.027950 -0.982576 -0.183750 -0.991888 -0.000000 0.127119 -0.992734 -0.000000 0.120332 -0.975970 0.000000 0.217904 0.049352 -0.994283 -0.094687 -0.244130 -0.833368 0.495881 -0.681494 -0.651439 0.333457 0.022153 -0.996969 -0.074580 -0.153612 -0.982551 -0.104862 
						0.345082 -0.035002 -0.937920 0.356573 -0.034755 -0.933621 0.351690 -0.035204 -0.935454 0.340374 -0.035361 -0.939625 -0.999065 -0.028207 -0.032761 -0.926606 -0.356290 0.120241 -0.997982 0.058965 -0.023562 -0.990942 0.126534 -0.044971 0.000626 0.999999 -0.001513 0.000627 0.999999 -0.001515 -0.000000 0.999999 -0.001714 -0.000001 0.999999 -0.001713 -0.940378 -0.000000 0.340130 -0.965163 -0.000000 0.261651 -0.007003 -0.995775 -0.091562 0.035005 -0.995514 -0.087897 0.054267 -0.932006 -0.358357 0.001385 0.999999 0.000576 0.001369 0.999999 0.000569 0.001414 -0.000000 -0.999999 0.000520 0.000000 -1.000000 -0.257103 0.000001 -0.966384 -0.532623 0.000000 -0.846353 -0.607244 0.000000 -0.794515 -0.815880 0.000001 -0.578221 -0.367647 0.914926 0.166570 -0.085311 -0.957954 -0.273945 -0.116547 -0.919976 -0.374248 -0.061991 -0.994707 -0.081950 -0.020581 -0.992257 0.122483 -0.067866 -0.830981 -0.552146 -0.043708 -0.972949 -0.226847 -0.870869 -0.491515 0.000001 -0.720579 -0.682067 -0.124700 -0.748358 -0.650529 -0.129506 -0.903619 -0.428336 0.000002 -0.611535 -0.760538 -0.218192 -0.620544 -0.752266 -0.221406 -0.991146 -0.000000 0.132779 0.048903 -0.992722 -0.110053 0.351543 -0.034528 -0.935535 0.362886 -0.034369 -0.931200 0.079137 0.319544 -0.944261 0.077426 0.313226 -0.946517 0.096477 0.367742 -0.924910 0.098558 0.372323 -0.922855 -0.282924 0.958791 0.025960 -0.281853 0.958837 0.034503 -0.281853 0.958836 0.034522 -0.282924 0.958789 0.026027 -0.999276 0.002372 -0.037962 -0.998756 -0.042952 -0.025336 -0.999184 -0.023292 -0.033001 -0.962288 -0.255765 0.092661 -0.747350 -0.601412 0.282440 -0.948326 -0.307927 0.076550 -0.990836 -0.133074 -0.023131 -0.996766 -0.080281 0.003546 -0.997498 0.065745 -0.025997 -0.909919 0.373071 -0.181288 -0.975338 0.196060 -0.101374 -0.868164 0.444587 -0.220531 -0.711500 0.580537 -0.395910 -0.000679 0.999998 -0.001639 
						-0.000679 0.999998 -0.001639 -0.974993 0.000000 -0.222234 -0.865071 0.000001 -0.501649 -1.000000 -0.000000 -0.001030 -0.999998 0.000000 -0.001842 -0.972269 -0.000000 0.233865 -0.771375 0.000001 0.636381 -0.847874 0.000000 0.530199 0.071637 -0.989047 -0.129055 -0.008793 -0.996150 -0.087220 0.028816 -0.996257 -0.081495 0.001075 0.999999 0.001077 0.001064 0.999999 0.001064 0.258452 0.000001 -0.966024 0.535196 0.000000 -0.844728 0.000709 1.000000 -0.000001 0.000710 1.000000 -0.000001 0.000665 1.000000 -0.000275 0.000665 1.000000 -0.000275 0.000529 1.000000 -0.000530 0.000529 1.000000 -0.000529 -0.091180 0.995050 -0.039527 0.029039 0.996768 -0.074896 0.007290 -0.995420 0.095320 0.009299 -0.995692 0.092253 -0.021308 -0.973569 -0.227396 -0.949640 0.000000 0.313343 -0.970609 0.000000 0.240663 -0.794741 0.000001 0.606949 -0.866432 -0.000000 0.499295 -0.162132 -0.982457 -0.092145 -0.241542 -0.841884 0.482585 -0.685635 -0.656571 0.314355 0.078443 -0.300074 -0.950685 0.078023 -0.278990 -0.957119 0.084622 -0.346490 -0.934229 0.086009 -0.352596 -0.931815 -0.280755 0.958795 0.043449 -0.280756 0.958797 0.043419 -0.302901 -0.075467 -0.950029 -0.303028 -0.074412 -0.950072 -0.301436 -0.074654 -0.950559 -0.300309 -0.075937 -0.950815 -0.997422 0.055147 -0.045916 -0.996249 -0.080634 0.031392 -0.999253 -0.001981 -0.038598 -0.998614 -0.045200 -0.026951 -0.999356 -0.019968 -0.029800 -0.693995 -0.673184 0.255331 -0.944748 -0.309639 0.107591 -0.918393 0.342085 -0.198828 -0.968611 0.228683 -0.097449 -0.865877 0.000001 0.500257 -0.975766 0.000000 0.218815 -0.001308 0.999998 -0.001308 -0.001308 0.999998 -0.001308 0.000301 1.000000 -0.000729 0.000301 1.000000 -0.000729 -0.000000 1.000000 -0.000827 -0.000000 1.000000 -0.000827 -0.989539 0.000000 0.144267 -0.583943 0.784603 -0.208348 -0.587005 0.782023 -0.209441 -0.720971 0.681640 -0.124768 
						-0.693625 0.710265 -0.120035 -0.849841 0.527039 0.000000 -0.886914 0.461934 0.000000 0.070442 -0.994422 -0.078509 0.000603 0.999999 0.001457 0.000610 0.999999 0.001474 0.608394 0.000000 -0.793635 0.817711 0.000001 -0.575630 0.000665 1.000000 0.000273 0.000673 1.000000 0.000276 -0.198053 0.819322 -0.538039 -0.195197 0.819322 -0.539082 0.000570 0.817357 -0.576132 0.000542 0.817230 -0.576312 -0.399657 0.825478 -0.398572 -0.342707 0.822949 -0.453107 -0.382851 0.923249 0.032207 -0.030783 0.996768 -0.074200 0.025431 0.997328 -0.068490 -0.048763 -0.895608 -0.442163 0.000001 -0.995538 0.094358 -0.018560 -0.996875 -0.076784 -0.979513 0.000001 0.201383 -0.981910 0.000000 0.189347 -0.163466 -0.982114 -0.093444 -0.237273 -0.855628 0.460002 -0.673831 -0.676389 0.297405 -0.955408 -0.291885 0.044713 -0.993257 -0.002829 0.115899 -0.991011 -0.000331 0.133779 -0.991352 -0.000310 0.131227 0.059352 -0.994209 -0.089583 0.035868 -0.996911 -0.069870 -0.301164 -0.076794 -0.950475 -0.297441 -0.076887 -0.951639 -0.994752 -0.101523 -0.012705 -0.994434 -0.104480 -0.013606 0.238144 -0.039039 -0.970445 0.241006 -0.038655 -0.969754 0.238226 -0.038682 -0.970439 0.233818 -0.039188 -0.971490 -0.999478 0.005255 -0.031877 -0.060165 -0.347294 -0.935824 -0.061621 -0.353301 -0.933478 -0.053424 -0.301358 -0.952013 -0.052760 -0.281478 -0.958116 -0.998746 -0.045811 -0.020194 -0.999332 -0.021475 -0.029558 -0.920573 -0.378301 0.097130 -0.896667 -0.404267 0.180432 -0.989617 -0.139375 -0.035119 -0.998241 -0.059068 0.005089 -0.995288 0.086388 -0.044037 -0.982946 0.174181 -0.058975 -0.756671 0.589951 -0.281791 -0.474717 0.771847 -0.422961 -0.000326 1.000000 -0.000788 -0.000327 1.000000 -0.000789 -0.608517 0.000000 0.793541 -0.817898 0.000000 0.575364 -0.001816 0.999998 -0.000751 -0.001817 0.999998 -0.000751 -0.518213 0.831265 -0.201131 -0.552143 0.833749 -0.000612 
						-0.552066 0.833800 -0.000651 -0.484851 0.829206 -0.278096 -0.986154 0.000000 0.165834 -0.075589 0.967145 -0.242727 -0.109363 0.929899 -0.351181 -0.023851 0.987342 -0.156804 -0.022586 0.988656 -0.148489 -0.958535 0.000001 0.284975 -0.965710 0.000005 0.259622 -0.931894 0.000001 0.362731 -0.910948 0.000007 0.412522 -0.914102 0.000001 0.405483 -0.789577 0.000002 0.613651 -0.942713 0.000000 0.333606 -0.921498 0.000001 -0.388384 -0.990567 -0.000195 0.137030 -0.015449 -0.996929 -0.076775 0.007138 -0.997018 -0.076840 -0.000000 0.999999 0.001684 -0.000000 0.999999 0.001702 0.865834 0.000001 -0.500332 0.975729 0.000000 -0.218983 0.000534 1.000000 0.000533 0.000541 1.000000 0.000539 0.196359 0.819345 -0.538625 0.199166 0.819345 -0.537594 1.000000 -0.000000 -0.000004 1.000000 -0.000000 -0.000002 1.000000 -0.000000 -0.000004 -0.321228 0.945909 -0.045476 -0.010185 0.996530 -0.082609 0.019291 0.997529 -0.067560 -0.044645 -0.971137 -0.234307 -0.048329 -0.995191 0.085206 -0.006793 -0.996025 0.088814 -0.998573 0.000000 0.053404 -0.993777 0.000000 0.111386 -0.170730 -0.985024 -0.024046 -0.025645 -0.999607 -0.011327 -0.226971 -0.879379 0.418542 -0.641816 -0.699841 0.313520 0.100243 -0.987182 -0.124191 0.337766 -0.003940 -0.941222 0.348484 -0.003916 -0.937306 0.341494 -0.003957 -0.939876 0.331011 -0.003973 -0.943618 -0.997717 0.064121 -0.021214 0.233428 -0.039545 -0.971570 0.228875 -0.039589 -0.972650 -0.304670 0.951700 -0.037981 -0.305819 0.951669 -0.028304 -0.305822 0.951667 -0.028346 -0.304673 0.951699 -0.037987 -0.999267 0.002612 -0.038200 -0.997091 0.064396 -0.040788 -0.996933 0.067290 -0.039966 -0.414977 -0.065170 -0.907495 -0.425635 -0.065040 -0.902555 -0.421369 -0.065684 -0.904508 -0.408307 -0.065334 -0.910504 0.083965 0.357780 -0.930023 0.082091 0.347094 -0.934230 0.103457 0.428620 -0.897542 0.106012 0.435337 -0.894004 
						-0.999364 -0.022132 -0.027958 -0.999874 -0.009111 -0.012976 -0.925741 -0.360126 0.115383 -0.856489 0.471195 -0.210716 -0.872487 0.443379 -0.205380 -0.942277 0.300817 -0.147049 -0.819306 0.509053 -0.263821 -0.993639 0.100320 -0.051159 -0.987665 0.144708 -0.059806 -0.518695 0.831254 0.199931 -0.485420 0.829284 0.276867 -0.000629 1.000000 -0.000629 -0.000629 1.000000 -0.000628 -0.258683 0.000000 0.965962 -0.535618 0.000000 0.844460 -0.002036 0.999998 0.000000 -0.002036 0.999998 -0.000000 -0.986127 0.000000 0.165990 -0.990437 0.000000 0.137968 -0.990334 -0.000000 0.138704 0.000000 0.993397 0.114728 0.000000 0.999925 0.012248 -0.373305 -0.924590 -0.076009 -0.083632 -0.995948 -0.033070 -0.160961 -0.985332 -0.056673 -0.411452 -0.908038 -0.078572 -0.070590 -0.996725 -0.039461 -0.070588 -0.996725 -0.039459 -0.026414 -0.996726 -0.076417 -0.026417 -0.996726 -0.076419 -0.991657 -0.023665 0.126713 -0.000673 0.999998 0.001626 -0.000673 0.999999 0.001626 1.000000 -0.000000 0.001011 0.999998 0.000000 0.001809 0.000307 1.000000 0.000740 0.000303 1.000000 0.000730 0.343619 0.823026 -0.452277 0.400490 0.825480 -0.397731 1.000000 -0.000000 -0.000011 1.000000 0.000000 -0.000005 1.000000 -0.000001 -0.000006 -0.080990 -0.996272 0.029697 -0.045974 -0.995424 0.083766 -0.008801 -0.996143 0.087298 -0.991153 -0.000000 -0.132724 -0.980938 -0.000000 -0.194323 -0.984554 0.000000 0.175082 -0.945376 -0.308556 0.105152 -0.983922 -0.176087 -0.029836 -0.980796 -0.192906 -0.028736 0.089162 -0.995917 -0.014108 0.585984 -0.719318 0.373103 0.463706 -0.861443 0.207103 0.079203 -0.996296 -0.033472 0.188929 -0.975176 -0.115488 0.252824 -0.951982 -0.172658 0.820149 -0.341584 0.458994 0.715117 -0.626994 0.309009 0.346319 -0.003895 -0.938109 0.355666 -0.003881 -0.934605 -0.228338 0.973269 0.024685 -0.238981 0.970510 0.031606 -0.248776 0.968066 0.030953 
						-0.228340 0.973271 0.024572 -0.992471 0.110826 -0.052135 -0.989659 0.127244 -0.066212 -0.103469 0.330447 -0.938136 -0.101773 0.322854 -0.940961 -0.121267 0.387815 -0.913725 -0.123457 0.393259 -0.911101 -0.303491 0.951657 -0.047353 -0.303493 0.951658 -0.047325 -0.069170 -0.297950 -0.952072 -0.071241 -0.303194 -0.950262 -0.059303 -0.260573 -0.963631 -0.057419 -0.244447 -0.967961 -0.994986 0.094574 -0.032527 -0.992709 0.115474 -0.034564 0.228421 -0.008114 -0.973529 0.232269 -0.008056 -0.972618 0.228944 -0.008063 -0.973406 0.223934 -0.008139 -0.974570 -0.421346 -0.064511 -0.904603 -0.430048 -0.064218 -0.900519 -0.993897 -0.108333 -0.020821 -0.992403 -0.122888 -0.005876 -0.999887 -0.010838 -0.010422 -0.706082 0.619116 -0.343721 -0.870580 0.446084 -0.207603 -0.903597 0.392761 -0.171031 -0.674783 0.669422 -0.310712 -0.355962 0.843242 -0.402784 -0.400568 0.825478 0.397657 -0.343703 0.823031 0.452203 -0.000879 1.000000 -0.000363 -0.000879 1.000000 -0.000362 -0.000729 0.000000 1.000000 -0.336788 0.000000 0.941580 -0.978422 0.000000 0.206617 -0.980131 0.000000 0.198353 -0.002020 0.999998 -0.000000 -0.002020 0.999998 0.000000 -0.001801 0.999998 0.000745 -0.001801 0.999998 0.000745 -0.104212 -0.994335 -0.020904 -0.096042 -0.995303 -0.012119 -0.144705 -0.989306 -0.018283 -0.071572 -0.997394 -0.009079 -0.991728 -0.028838 0.125080 -0.992046 -0.018356 0.124531 -0.992402 -0.009596 0.122663 -0.001296 0.999998 0.001297 -0.001297 0.999998 0.001297 0.974969 0.000000 0.222341 0.865042 0.000001 0.501699 0.000000 1.000000 0.000823 0.000000 1.000000 0.000813 0.485397 0.829281 -0.276916 0.518678 0.831254 -0.199976 0.552068 0.833799 0.000655 0.552147 0.833747 0.000621 1.000000 0.000001 -0.000003 -0.075121 0.815044 0.574509 -0.196521 0.819350 0.538559 -0.199324 0.819348 0.537531 -0.000732 0.817224 0.576320 -0.268815 0.961319 -0.060030 
						0.000559 0.996198 -0.087117 0.035661 0.997149 -0.066501 -0.093045 -0.992301 0.081744 -0.945940 -0.280001 0.163699 -0.935767 -0.313233 0.161939 -0.994356 -0.106096 -0.000001 -0.996578 -0.082662 -0.000001 -0.862504 -0.401726 0.307738 -0.844755 -0.442203 0.301405 -0.963459 -0.000000 0.267854 -0.016582 -0.999860 0.002232 -0.089801 -0.905452 0.414841 -0.096389 -0.254361 -0.962294 -0.097686 -0.258880 -0.960957 -0.087140 -0.230623 -0.969133 -0.082704 -0.222028 -0.971526 -0.286483 -0.909924 -0.299944 -0.425084 -0.812217 -0.399508 0.930968 -0.340602 0.131489 0.803399 -0.589758 0.082072 -0.338828 0.940201 0.034889 -0.370835 0.928094 0.033519 -0.295812 -0.021673 -0.955000 -0.298083 -0.021545 -0.954297 -0.294888 -0.021504 -0.955290 -0.293439 -0.021724 -0.955731 -0.990888 0.121958 -0.057160 -0.951131 0.273828 -0.142714 -0.956591 0.255373 -0.140420 -0.991302 0.117625 -0.059029 -0.995446 0.080124 -0.051656 -0.997224 0.064647 -0.036938 -0.418852 -0.022673 -0.907771 -0.423997 -0.022387 -0.905387 -0.422945 -0.022771 -0.905869 -0.420729 -0.023072 -0.906893 0.222953 -0.008191 -0.974795 0.219016 -0.008198 -0.975687 -0.965351 0.240438 -0.101426 -0.299769 0.953185 -0.039711 -0.283853 0.958270 -0.033851 -0.287480 0.957193 -0.033703 -0.301052 0.952802 -0.039196 -0.791152 0.526011 -0.312075 -0.723798 0.612529 -0.317686 -0.581191 0.741078 -0.336185 -0.979964 0.180056 -0.085149 -0.820242 0.532058 -0.210040 -0.000992 1.000000 -0.000002 -0.000991 1.000000 -0.000001 0.333052 0.000000 0.942909 -0.000714 0.000000 1.000000 0.256889 0.000000 0.966441 0.532231 0.000000 0.846599 -0.967594 -0.000000 0.252511 -0.971844 -0.000000 0.235624 -0.087694 -0.996148 -0.000001 -0.084232 -0.996446 -0.000025 -0.994264 -0.019871 0.105096 -0.994355 -0.063563 0.084957 -0.994258 -0.024591 0.104143 -0.993952 -0.078725 0.076564 -0.080770 -0.996733 -0.000050 0.815722 0.000000 0.578444 
						0.607137 0.000000 0.794597 -0.000321 1.000000 0.000775 -0.000321 1.000000 0.000776 0.518194 0.831265 0.201180 0.484829 0.829203 0.278143 0.399592 0.825476 0.398642 0.342637 0.822941 0.453176 0.197894 0.819318 0.538104 0.195028 0.819320 0.539147 0.073577 0.815138 0.574575 -0.000738 0.817224 0.576320 -0.998294 0.002715 0.058320 -0.998291 0.000205 0.058431 -0.998300 0.000356 0.058281 -0.998300 0.000380 0.058277 -0.044614 -0.995802 0.079927 -0.016129 -0.996659 0.080062 -0.997434 -0.000000 0.071591 -0.995365 -0.000001 -0.096170 -0.998475 -0.000001 -0.055204 -0.999920 -0.000007 -0.012683 -0.999648 -0.000001 0.026525 -0.988785 -0.000002 0.149345 -0.988192 -0.000000 0.153218 -0.768626 -0.000000 0.639698 -0.078829 -0.851588 0.518251 -0.188332 -0.773815 0.604766 -0.188918 -0.772197 0.606648 -0.085444 -0.822884 0.561749 -0.890488 -0.403858 -0.209595 -0.912373 -0.340889 -0.226651 -0.783890 -0.470490 -0.405162 -0.596561 -0.713509 -0.367451 -0.980363 -0.191879 0.045514 -0.999081 -0.036951 -0.021701 -0.999758 0.000000 0.022020 -0.999866 0.000090 0.016385 -0.768745 -0.631237 0.102815 -0.922535 -0.382413 0.051861 -0.960947 -0.273700 -0.040845 -0.958433 -0.281463 -0.046750 -0.967962 -0.249779 -0.025696 -0.294248 -0.021891 -0.955478 -0.292820 -0.021925 -0.955916 0.767519 -0.527546 -0.364157 0.657479 -0.709128 -0.254675 -0.977473 0.196029 -0.078222 -0.419719 -0.022280 -0.907381 -0.428783 -0.022141 -0.903136 -0.308378 0.255471 -0.916317 -0.302815 0.250832 -0.919449 -0.335711 0.274039 -0.901222 -0.339774 0.276273 -0.899014 -0.294245 0.954895 -0.039933 -0.296080 0.954256 -0.041628 -0.924536 0.354996 -0.138602 -0.314984 0.835223 -0.450764 -0.000976 1.000000 -0.000001 -0.000976 1.000000 -0.000002 -0.000865 1.000000 0.000355 -0.000864 1.000000 0.000356 -0.084187 -0.996450 -0.000025 -0.087608 -0.996155 -0.000001 -0.086819 -0.996164 0.010953 
						-0.083432 -0.996458 0.010499 -0.957060 0.000000 0.289891 -0.961984 -0.000000 0.273108 -0.994397 -0.043146 0.096502 -0.994338 -0.048736 0.094426 -0.080768 -0.996733 -0.000050 -0.080047 -0.996741 0.010046 -0.000618 1.000000 0.000618 -0.000618 1.000000 0.000618 -0.234070 0.971242 -0.043586 -0.001542 0.995683 -0.092809 0.044200 0.997352 -0.057760 -0.998026 0.023205 0.058363 -0.000000 -0.929776 0.368124 -0.000000 -0.962824 0.270128 -0.026443 -0.996727 0.076395 -0.026441 -0.996727 0.076394 -0.073335 -0.996857 0.029975 -0.070644 -0.996724 0.039386 -0.070642 -0.996724 0.039385 -0.073334 -0.996857 0.029975 -0.077608 -0.996815 0.018363 -0.080400 -0.996599 0.018054 -0.716922 -0.657701 -0.231197 -0.138310 -0.989308 -0.046264 -0.007406 -0.999973 -0.000366 0.004969 -0.997972 -0.063468 -0.897284 0.000087 -0.441454 -0.948984 -0.180148 -0.258796 -0.344862 -0.921656 0.177823 -0.377279 -0.901974 0.210009 0.182112 -0.983200 -0.012332 0.042694 -0.995882 -0.079976 -0.100719 -0.985834 -0.134117 0.341758 -0.882967 -0.321825 0.318789 -0.909240 -0.267685 0.309222 -0.950563 0.028498 0.273488 -0.961221 0.035468 -0.687477 0.605542 -0.400867 -0.703893 0.599839 -0.380430 -0.977982 0.204891 -0.039636 -0.985929 0.162321 -0.039961 -0.987219 0.153471 -0.042948 -0.716487 0.598203 -0.358887 -0.998337 -0.057476 -0.004438 -0.998921 -0.046345 0.003139 -0.999295 -0.000012 -0.037541 -0.999184 -0.004160 -0.040184 -0.303051 0.799464 -0.518668 -0.086020 -0.996144 0.017252 -0.994516 -0.048667 0.092571 -0.989573 -0.062610 0.129713 -0.993866 -0.065667 0.088986 -0.994288 -0.064015 0.085404 -0.993723 0.002816 0.111835 -0.994496 -0.023691 0.102063 -0.998664 -0.025112 0.045162 -0.998165 0.016511 0.058265 -0.998290 0.006061 0.058137 -0.996492 -0.017287 0.081883 -0.830224 -0.551042 0.084143 -0.671483 -0.740985 0.007216 -0.787887 -0.615411 -0.022422 -0.788915 -0.614503 -0.000001 
						-0.789671 -0.613531 -0.000002 -0.838329 -0.545165 -0.000003 -0.784305 -0.620375 -0.000001 -0.206101 -0.965116 -0.161471 -0.128778 -0.991044 -0.035337 -0.064340 -0.993761 -0.091106 0.256949 -0.961144 -0.100893 -0.246206 0.793947 -0.555905 -0.250476 0.789038 -0.560964 -0.995815 0.057321 -0.071181 -0.995790 0.046084 -0.079239 -0.993501 -0.083362 -0.077497 -0.976203 -0.204308 -0.072707 -0.995070 -0.097695 0.017075 -0.996338 -0.068086 -0.051712 -0.994752 -0.101452 0.013262 -0.999280 -0.037951 0.000127 -0.999249 -0.038761 0.000024 -0.999241 -0.038943 0.000034 -0.999282 -0.037876 0.000127 -0.994299 -0.060424 0.087855 -0.996567 -0.044130 0.070049 -0.183166 0.982075 -0.044483 -0.017565 0.994766 -0.100655 0.049119 0.994169 -0.095997 0.071001 0.996402 -0.046283 0.119463 0.991392 0.053583 0.077993 0.996901 0.010317 -0.425151 -0.903374 0.056228 -0.547398 -0.818054 0.176475 -0.261524 -0.948504 -0.178732 -0.151766 -0.950403 0.271480 -0.209868 -0.974305 0.081765 -0.466236 -0.877103 0.115388 -0.411370 -0.849379 0.330652 -0.725472 -0.688252 0.000001 -0.623995 -0.781429 0.000002 -0.067666 -0.978462 0.195020 -0.345188 -0.885628 0.310657 0.136053 -0.979144 -0.150884 -0.251781 0.803287 -0.539757 -0.188485 0.980594 -0.053938 -0.999323 -0.036794 0.000206 -0.999313 -0.037053 0.000213 -0.990477 0.096856 -0.097846 -0.990883 0.100774 -0.089414 -0.979225 0.202661 -0.006900 -0.996609 0.082285 0.000308 -0.997556 0.066399 -0.021738 -0.974750 0.222562 -0.018120 -0.973352 0.227664 -0.027475 -0.964600 0.224287 -0.138716 -0.958896 -0.248918 -0.136226 -0.997433 -0.071472 -0.004428 -0.998491 -0.054645 -0.005448 -0.999637 -0.022604 -0.014692 -0.999674 -0.022582 -0.011880 -0.999287 -0.000025 -0.037751 -0.999279 -0.000026 -0.037972 -0.994573 -0.078207 0.068614 -0.982899 -0.141166 0.118247 -0.994434 -0.087711 0.058377 -0.993214 -0.095883 0.065816 -0.202136 0.975250 -0.089603 
						-0.182997 0.971124 -0.153073 -0.036300 0.988587 -0.146215 -0.998066 -0.056018 0.026965 -0.996487 -0.061923 0.056386 -0.245057 -0.962429 -0.116950 -0.911408 -0.337488 -0.235451 -0.914844 -0.345818 -0.208495 -0.104610 -0.862458 0.495200 -0.653640 0.648936 -0.389406 -0.220593 0.836287 -0.501958 -0.999909 0.013412 0.001637 -0.999530 0.030666 0.000191 -0.997809 0.022546 -0.062194 -0.997973 0.022573 -0.059495 -0.966419 0.248909 0.063863 -0.390129 0.882217 -0.263615 -0.826133 0.536902 -0.170998 -0.931184 0.340708 -0.129674 -0.349760 0.873851 -0.337715 -0.977501 0.152660 -0.145559 -0.995675 0.069663 -0.061473 -0.932493 -0.361105 0.007768 -0.979885 -0.199557 0.001623 -0.999119 -0.037488 -0.018861 -0.999281 -0.037769 0.003293 -0.999295 -0.000025 -0.037547 -0.999710 -0.022559 -0.008425 -0.993806 -0.107594 0.027795 -0.992517 -0.109051 0.054932 -0.994091 -0.087956 0.063620 -0.083762 0.996483 -0.002553 -0.045067 0.998212 -0.039263 0.303444 0.897298 -0.320591 0.407495 0.809923 -0.421869 -0.590870 0.734970 0.332703 -0.410425 0.890360 0.197002 0.612903 0.657529 -0.438185 0.763166 0.396774 -0.510047 0.771862 0.563404 -0.294628 0.918247 0.285613 -0.274315 -0.156660 -0.982722 -0.098561 -0.203922 -0.977036 -0.061778 -0.211176 -0.974535 -0.075412 0.002894 -0.996720 -0.080875 -0.503598 -0.863701 0.020244 -0.864333 -0.502896 0.004944 -0.820398 -0.571793 0.000651 -0.012035 -0.993083 -0.116796 -0.996736 0.080373 0.007634 -0.938866 0.344283 0.000263 -0.996617 0.037528 -0.073114 -0.995598 0.037661 -0.085831 -0.997580 0.022517 -0.065777 -0.074353 0.828041 -0.555715 -0.305537 0.870204 -0.386513 -0.129699 0.951520 -0.278905 -0.996209 -0.000012 -0.086995 -0.992045 -0.000100 -0.125885 -0.978663 -0.204767 0.017028 -0.978119 -0.204968 0.035646 -0.998899 -0.038087 0.027375 -0.999302 0.037365 -0.000125 -0.999305 0.037285 -0.000126 -0.999786 -0.020667 -0.000024 
						-0.999755 -0.022151 -0.000027 -0.978723 -0.186651 0.085224 -0.935617 -0.329984 0.125422 -0.992409 -0.118762 0.031941 -0.994250 -0.103021 0.029206 -0.997193 -0.070752 0.024492 -0.878812 0.382144 0.285754 -0.698872 0.676680 0.231695 0.876845 0.452936 0.161223 0.734655 0.676344 0.053295 -0.999546 -0.029808 -0.004352 -0.565667 -0.812541 0.140702 -0.527190 -0.779807 0.337597 -0.479636 -0.877095 0.025554 -0.090956 0.864437 -0.494445 -0.020243 0.982100 -0.187272 -0.974086 0.204345 -0.096957 -0.976738 0.204577 -0.064269 -0.994054 0.037851 -0.102099 -0.995318 0.096658 -0.000207 -0.995485 0.094923 -0.000213 -0.928259 0.348600 0.129665 -0.926869 0.338500 0.162271 -0.780858 0.621279 -0.065368 -0.965877 0.177573 0.188545 -0.924712 -0.000084 0.380667 -0.934437 -0.355250 0.024996 -0.934656 -0.353941 0.033821 -0.977313 -0.205722 0.050377 -0.996559 -0.082889 0.000279 -0.994781 -0.102028 0.000250 -0.998706 -0.048213 -0.016202 -0.999255 0.004692 -0.038304 -0.999293 0.005356 -0.037218 -0.993953 -0.108512 0.016818 -0.993638 -0.111109 0.018405 -0.997172 -0.073699 0.014714 -0.997368 -0.071072 0.014360 -0.939001 0.152321 0.308343 -0.888788 0.141873 0.435808 -0.848967 0.282948 0.446313 -0.903081 0.300984 0.306354 -0.996376 -0.085026 -0.002302 -0.995291 -0.095919 0.014008 -0.909252 0.412224 0.057718 -0.747068 0.661263 0.067971 0.461164 0.879894 0.114523 0.528616 0.818904 0.223520 0.049985 -0.984036 -0.170807 0.046206 -0.980240 -0.192339 0.056501 -0.978511 -0.198301 0.041987 -0.986031 -0.161185 -0.582503 -0.812463 -0.024380 -0.216595 -0.973787 0.069469 -0.426303 -0.901785 0.071066 -0.072686 0.975523 -0.207538 -0.012112 0.984876 -0.172836 -0.973056 0.230131 -0.014174 -0.947107 0.320839 -0.007058 -0.929252 0.352615 -0.110240 -0.928875 0.352472 -0.113822 -0.970721 0.203947 -0.126907 -0.984467 0.175566 -0.000434 -0.988087 0.153898 -0.000472 
						-0.996515 0.059811 -0.058146 -0.847348 0.531038 -0.000000 -0.652157 0.758084 -0.000000 -0.792455 0.609931 -0.000000 -0.852209 0.523201 0.000000 -0.896442 0.443160 0.000000 -0.851827 0.523823 0.000001 0.000002 1.000000 -0.000295 0.000002 0.999971 0.007664 -0.000007 0.998156 -0.060696 -0.000001 0.997269 -0.073857 0.000000 0.996367 -0.085165 -0.000000 0.998692 -0.051133 -0.934677 -0.353958 0.033039 -0.971577 -0.236723 0.000124 -0.911708 -0.410839 0.000086 -0.997840 -0.058548 0.029808 -0.976665 -0.199986 0.078298 -0.942248 -0.000000 0.334915 -0.975058 -0.000000 0.221949 -0.995302 -0.004627 0.096706 -0.989800 0.004691 0.142389 -0.993286 0.000816 0.115678 -0.996364 -0.005909 0.084996 -0.985307 0.022350 0.169326 -0.960456 0.010271 0.278243 -0.000119 0.601986 0.798507 -0.000139 0.589244 0.807955 -0.101376 0.623658 0.775096 -0.108552 0.608613 0.786006 -0.209537 0.627964 0.749503 -0.196815 0.589907 0.783118 -0.998117 0.061333 0.000082 -0.981192 -0.193035 0.000204 -0.999922 -0.012519 0.000153 -0.999829 -0.018484 0.000209 -0.993315 0.115437 0.000054 -0.994527 0.104475 -0.000012 -0.990718 -0.134680 0.018436 -0.991249 -0.130791 0.017858 -0.996297 -0.011974 0.085137 -0.997330 -0.013790 0.071715 -0.999632 0.013100 -0.023748 -0.989161 0.137907 -0.050411 -0.009024 0.996448 -0.083722 0.128649 0.980731 -0.147025 0.235733 0.950230 -0.203699 -0.852099 0.520459 -0.055225 -0.657902 0.749335 -0.075242 -0.142408 0.989322 -0.031001 0.298260 0.924874 -0.235900 0.105262 0.992654 -0.059654 0.087731 0.994586 -0.055703 0.284800 0.951114 -0.119463 0.034431 -0.984296 -0.173136 0.034729 -0.984286 -0.173131 -0.955778 -0.236378 0.174968 -0.913208 -0.333898 0.233588 -0.937308 -0.340882 0.072475 -0.822621 -0.568590 0.000498 -0.757276 -0.653094 0.000835 -0.496107 0.855531 -0.148139 -0.459543 0.862781 -0.210782 -0.558506 0.801534 -0.213575 
						-0.580970 0.811775 -0.059121 -0.929682 0.352778 -0.106016 -0.878746 0.477289 -0.000245 -0.950183 0.311691 -0.000264 -0.968016 0.199720 -0.151842 -0.992376 0.063330 -0.105733 -0.210894 0.968386 -0.133235 -0.152345 0.928789 -0.337850 -0.405324 0.826104 -0.391490 -0.989983 0.028698 0.138238 -0.995358 0.042148 0.086522 -0.997181 0.037328 -0.065097 -0.131354 -0.737230 -0.662750 -0.239312 -0.717998 -0.653612 -0.264508 -0.793330 -0.548327 -0.124872 -0.769435 -0.626400 0.000074 -0.701487 -0.712682 0.000037 -0.678519 -0.734583 -0.998725 -0.022314 0.045290 -0.992832 -0.032294 0.115074 -0.978030 -0.158685 -0.135194 -0.916892 -0.305613 -0.256729 -0.912650 -0.304213 -0.272990 -0.963656 -0.153785 -0.218443 -0.504358 0.833521 -0.225535 -0.326321 0.927705 -0.181321 -0.267060 0.963548 0.015970 -0.232363 0.972626 -0.002360 0.015416 0.996484 -0.082350 0.006118 0.992716 -0.120319 0.006133 0.991499 -0.129969 0.015404 0.997637 -0.066954 0.028128 0.989395 -0.142499 0.028130 0.989346 -0.142839 0.026315 0.991035 -0.130987 0.026254 0.995029 -0.096062 0.028773 0.987497 -0.154989 0.028751 0.986857 -0.159017 0.189691 0.979579 -0.066647 -0.588768 0.798532 0.125295 -0.474244 0.870576 -0.131109 -0.693851 0.720118 -0.001046 -0.773345 0.633985 -0.000690 -0.941431 0.232337 -0.244390 -0.994321 -0.003542 0.106363 -0.971100 -0.238673 -0.000105 -0.999543 -0.030221 -0.000226 -0.998840 -0.048145 -0.000200 -0.972551 -0.232691 -0.000066 -0.908077 -0.418802 0.000042 -0.560680 -0.828032 0.000030 -0.992940 0.000000 -0.118617 -0.999659 0.000000 0.026111 0.025792 0.999400 -0.023111 0.025846 0.997253 -0.069418 -0.220089 0.971923 -0.083226 0.009971 0.995121 -0.098153 0.011495 0.996665 -0.080787 0.011494 0.996647 -0.081008 0.009905 0.992934 -0.118252 -0.004187 -0.867686 -0.497095 -0.004748 -0.863982 -0.503501 -0.017069 -0.999841 -0.005246 -0.015448 -0.999880 -0.001174 
						-0.017110 -0.500938 0.865314 -0.019141 -0.498765 0.866526 -0.005313 0.001493 0.999985 -0.004859 -0.001611 0.999987 0.046077 0.994513 -0.093924 0.017287 0.499360 0.866222 0.015425 0.498906 0.866519 0.032470 0.989122 -0.143472 0.032649 0.991690 -0.124437 -0.930619 0.337669 -0.141163 -0.895849 0.326802 -0.301091 -0.000051 0.998852 -0.047910 -0.000001 0.998582 -0.053238 0.035561 0.999323 0.009436 0.027679 0.999576 0.008998 0.027645 0.999577 0.008998 0.038931 0.998802 0.029635 -0.991911 -0.033806 0.122351 -0.971807 -0.054004 0.229511 -0.990240 -0.050452 0.129925 -0.026511 -0.867009 0.497586 -0.023682 -0.867477 0.496913 0.009954 0.998549 -0.052917 0.009984 0.999537 -0.028736 -0.099796 0.984986 -0.140869 -0.001359 -0.000411 -0.999999 -0.001493 0.000539 -0.999999 -0.007936 -0.498195 -0.867029 -0.007079 -0.501194 -0.865306 0.007211 -0.058980 -0.998233 0.005287 -0.060193 -0.998173 -0.001763 -0.064008 -0.997948 0.003671 -0.065941 -0.997817 0.005820 -0.062314 -0.998040 0.019211 0.997571 -0.066959 0.019308 0.998228 -0.056283 0.035534 0.863952 0.502320 0.031791 0.865181 0.500452 -0.004879 -0.062900 -0.998008 0.055495 0.998151 0.024794 0.042822 0.999035 -0.009812 -0.419040 0.900033 0.119771 -0.205065 0.963567 0.171716 0.004909 -0.059711 -0.998204 0.004359 0.500736 -0.865589 0.004884 0.499025 -0.866574 0.005664 0.999868 -0.015245 0.005729 0.999977 -0.003559 -0.001341 -0.062989 -0.998013 -0.002638 -0.066734 -0.997767 0.041536 0.999137 -0.000381 0.036946 0.999315 0.002166 -0.011629 -0.061978 -0.998010 0.002432 0.867601 -0.497254 0.002746 0.864292 -0.502983 -0.004077 -0.070342 -0.997515 0.002465 0.999994 0.002313 0.002633 0.999996 -0.000215 -0.013258 -0.066516 -0.997697 -0.010079 -0.069483 -0.997532 -0.922855 0.376802 0.079744 -0.859106 0.506450 -0.073794 -0.855373 0.511865 -0.079569 -0.855242 0.511790 -0.081438 
						-0.000002 0.956599 -0.291406 0.000000 0.995272 -0.097123 0.000006 0.998123 -0.061236 0.000001 0.995769 -0.091890 0.000050 0.998810 -0.048778 0.867753 0.487990 -0.094183 0.863341 0.497099 -0.086806 0.913607 0.283049 -0.291899 -0.146880 0.981977 -0.118943 -0.001618 0.996370 -0.085116 -0.211132 0.965796 -0.150539 -0.216610 0.973767 -0.069692 -0.000733 0.999994 0.003243 0.863772 0.495707 -0.090399 0.040609 0.997851 0.051432 0.040206 0.997109 0.064469 0.057083 0.998077 0.024166 -0.884910 -0.457125 -0.089274 -0.887144 -0.451774 -0.094213 -0.884558 -0.457313 -0.091777 0.000000 -0.992181 -0.124806 -0.000001 -0.991320 -0.131473 0.000000 -0.991205 -0.132336 0.000000 -0.995047 -0.099404 -0.000001 -0.997842 0.065666 -0.000001 -0.994151 0.107997 -0.000065 -0.992299 -0.123869 -0.000005 -0.993881 -0.110459 -0.000001 -0.971626 -0.236524 0.000002 -0.996689 -0.081304 0.000000 -0.993193 -0.116480 0.000003 -0.998137 -0.061013 0.000057 -0.994009 -0.109297 -0.063578 -0.997502 0.030779 0.253299 -0.933831 -0.252586 0.093653 -0.948594 -0.302322 0.027842 -0.950860 -0.308368 0.869555 -0.472897 -0.142277 0.868773 -0.472476 -0.148322 0.867062 -0.472150 -0.158993 0.882406 -0.455396 0.118212 -0.999121 -0.007970 -0.041161 -0.999305 0.000475 -0.037272 -0.996493 -0.069050 -0.047271 -0.997648 -0.045849 -0.050962 -0.999333 -0.001215 -0.036508 -0.986268 0.161454 -0.034756 -0.968954 0.242179 -0.049770 -0.997072 0.072281 -0.024954 -0.998172 -0.055998 -0.022736 -0.959623 0.249786 -0.129350 -0.916970 0.360561 -0.170769 -0.984230 -0.167554 0.056728 -0.963028 -0.265630 0.044917 -0.983277 0.139747 -0.116774 -0.998970 -0.001888 -0.045332 -0.973505 0.184416 -0.135198 -0.985835 -0.161226 -0.046219 -0.964750 -0.262480 -0.019022 -0.973023 -0.214023 0.086139 -0.997674 0.050803 -0.045455 -0.999312 -0.000519 -0.037088 -0.997398 0.053398 -0.048432 -0.908403 -0.403502 0.109499 
						0.996537 0.078450 0.027565 0.996715 0.076136 0.027600 0.999651 0.000160 0.026409 0.996814 -0.075707 0.025105 0.996582 -0.078697 0.025109 -0.996616 -0.060437 -0.055712 -0.999380 0.011653 -0.033222 -0.998393 0.051543 -0.023557 -0.997922 0.061364 -0.019638 -0.997848 -0.048429 -0.044197 -0.998440 0.047573 -0.029231 -0.998222 -0.052221 -0.028745 -0.999316 0.000884 -0.036963 0.997026 -0.072775 0.025352 0.997051 0.071713 0.027318 0.868070 0.043251 -0.494553 0.506022 0.070409 -0.859642 0.491526 0.070812 -0.867979 0.862462 0.044233 -0.504185 0.506155 0.065297 -0.859967 0.000696 0.025503 -0.999675 -0.001164 0.025218 -0.999681 0.491667 0.065243 -0.868336 -0.506396 -0.029954 -0.861781 -0.493092 -0.029263 -0.869485 -0.869776 -0.050259 -0.490881 -0.859958 -0.049684 -0.507941 -0.999997 -0.000443 -0.002480 -0.999996 -0.000474 -0.002629 -0.871056 0.049654 0.488667 -0.861278 0.049103 0.505757 -0.506390 0.029838 0.861788 -0.493103 0.029160 0.869482 0.000712 -0.025616 0.999672 -0.001184 -0.025323 0.999679 0.506122 -0.068162 0.859764 0.491554 -0.068172 0.868175 0.869356 -0.042905 0.492320 0.863753 -0.043901 0.502000 0.999997 0.000427 -0.002502 0.999996 0.000436 -0.002609 0.997331 0.067601 0.027576 0.999651 -0.000161 0.026398 0.997398 -0.067576 0.025127 0.998707 -0.043717 0.025953 0.999652 0.000464 0.026372 0.998688 0.043648 0.026774 0.006064 0.996792 -0.079805 0.015462 0.995650 -0.091882 0.028140 0.984298 -0.174260 0.026334 0.988058 -0.151818 0.028880 0.990558 -0.134016 0.025866 0.994414 -0.102330 0.011566 0.998887 -0.045738 0.010116 0.998762 -0.048696 0.032817 0.993805 -0.106186 0.009844 0.992806 -0.119325 0.019208 0.997439 -0.068890 0.005068 0.992380 -0.123107 0.102136 0.994766 0.002832 0.589936 0.697882 0.406124 0.532999 0.729983 0.427829 0.088640 0.996056 0.003888 0.918708 0.185310 0.348763 
						0.858289 0.245055 0.450874 0.993482 -0.018277 -0.112510 0.999435 -0.018403 0.028126 0.803337 0.287461 -0.521551 0.847655 0.253522 -0.466056 0.452366 0.771688 -0.447060 0.468778 0.762252 -0.446339 -0.047912 0.998851 0.000632 -0.037821 0.999284 0.001055 -0.566017 0.717466 0.406038 -0.499557 0.751351 0.431178 -0.948760 0.171229 0.265584 -0.889227 0.240718 0.389011 -0.973920 0.018166 -0.226163 -0.994850 0.018250 -0.099706 -0.757812 0.338463 -0.557821 -0.794760 0.314691 -0.518966 -0.391014 0.801768 -0.451969 -0.401176 0.796844 -0.451772 0.014734 -0.994473 -0.103954 0.014713 -0.993513 -0.112762 0.005795 -0.997578 -0.069321 0.005751 -0.996235 -0.086501 0.027498 -0.998748 -0.041788 0.025442 -0.996177 -0.083569 0.025658 -0.998412 -0.050159 0.027519 -0.998890 -0.038224 0.029257 -0.998845 -0.038106 0.029259 -0.999020 -0.033213 0.025097 -0.988848 -0.146796 0.025341 -0.994338 -0.103198 0.010421 -0.993978 -0.109088 0.010394 -0.996278 -0.085573 0.011711 -0.992592 -0.120932 0.011710 -0.992073 -0.125114 -0.999581 -0.028618 -0.004275 -0.999581 -0.028617 -0.004272 -0.999581 -0.028618 -0.004275 -0.999581 -0.028621 -0.004276 -0.999582 -0.028589 -0.004271 -0.999582 -0.028586 -0.004270 -0.999582 -0.028589 -0.004271 -0.999582 -0.028597 -0.004271 -0.999582 -0.028593 -0.004272 -0.999582 -0.028586 -0.004270 0.033742 -0.998330 -0.046889 0.033771 -0.997812 -0.056839 -0.999582 -0.028604 -0.004272 -0.999582 -0.028598 -0.004271 -0.999582 -0.028609 -0.004272 -0.999581 -0.028617 -0.004275 0.010010 -0.987717 -0.155931 0.010020 -0.990152 -0.139638 -0.999581 -0.028624 -0.004277 -0.999581 -0.028621 -0.004276 -0.999581 -0.028624 -0.004276 -0.999581 -0.028624 -0.004276 0.008238 0.000102 0.999966 -0.000428 -0.000063 1.000000 0.005830 0.000075 0.999983 0.005467 0.000117 0.999985 0.007430 0.000120 0.999972 0.020319 -0.993527 -0.111765 0.020359 -0.992831 -0.117781 
						-0.999582 -0.028609 -0.004276 -0.999582 -0.028594 -0.004273 -0.003034 -0.000070 0.999995 0.006532 0.000065 0.999979 -0.999581 -0.028624 -0.004276 -0.999581 -0.028622 -0.004276 0.006526 -0.985697 -0.168400 0.006501 -0.986562 -0.163260 -0.000377 -0.000036 1.000000 -0.001474 -0.000104 0.999999 -0.999581 -0.028620 -0.004276 -0.999581 -0.028612 -0.004277 -0.009416 -0.000239 0.999956 -0.999581 -0.028622 -0.004276 -0.999581 -0.028621 -0.004276 -0.003022 -0.000176 0.999995 -0.011793 -0.000315 0.999930 -0.009498 -0.000289 0.999955 0.014772 -0.994787 -0.100899 0.005195 -0.993697 -0.111980 0.037022 -0.998580 -0.038302 0.048789 -0.998517 -0.024172 0.028597 -0.995765 -0.087378 0.037923 -0.997568 -0.058477 0.009739 -0.995063 -0.098768 0.011646 -0.992790 -0.119296 0.033395 -0.993200 -0.111528 0.010668 -0.988451 -0.151167 0.020386 -0.994182 -0.105762 0.007151 -0.990163 -0.139737 -0.092739 -0.995686 -0.002901 -0.089210 -0.996005 -0.003945 0.354656 -0.807713 -0.470976 0.384709 -0.799064 -0.462056 0.728890 -0.332680 -0.598368 0.802322 -0.288187 -0.522712 0.974567 0.017920 -0.223379 0.997107 0.018376 -0.073754 0.941538 -0.155236 0.299010 0.901263 -0.204649 0.381896 0.620653 -0.675630 0.397886 0.592779 -0.695990 0.405230 0.132103 -0.991236 -0.000982 0.133878 -0.990998 -0.000556 -0.342802 -0.813893 -0.469110 -0.387448 -0.801249 -0.455943 -0.774359 -0.326825 -0.541806 -0.853602 -0.272807 -0.443779 -0.994982 -0.018395 -0.098349 -0.998696 -0.018442 0.047611 -0.895582 -0.234987 0.377774 -0.855432 -0.272154 0.440645 -0.554481 -0.724829 0.408868 -0.535663 -0.736425 0.413212 1.000000 0.000000 -0.000004 1.000000 -0.000000 -0.000005 1.000000 -0.000001 -0.000005 1.000000 0.000001 -0.000002 1.000000 -0.000000 -0.000005 1.000000 0.000001 0.000002 1.000000 -0.000000 -0.000001 1.000000 0.000000 -0.000009 1.000000 -0.000001 -0.000004 1.000000 0.000000 0.000000 
						-0.918893 -0.002393 0.394499 -0.917950 -0.000883 0.396696 -0.916867 -0.000899 0.399191 -0.917335 -0.002414 0.398109 -0.916924 0.000685 0.399061 -0.916324 0.000676 0.400438 -0.915489 0.002201 0.402337 -0.915544 0.002202 0.402212 -0.914802 0.003580 0.403888 -0.915037 0.003583 0.403354 -0.914228 0.004720 0.405172 -0.914697 0.004725 0.404112 -0.914657 0.005548 0.404193 -0.914755 0.005548 0.403972 -0.915490 0.005995 0.402295 -0.915128 0.005994 0.403119 -0.916661 0.006027 0.399619 -0.915689 0.006029 0.401843 -0.917928 0.005638 0.396706 -0.916333 0.005647 0.400376 -0.918720 0.004860 0.394879 -0.916874 0.004877 0.399147 -0.919110 0.003751 0.393984 -0.917128 0.003775 0.398574 -0.918841 0.002394 0.394620 -0.917162 0.002417 0.398508 -0.917915 0.000884 0.396776 -0.916762 0.000901 0.399433 -0.916924 -0.000684 0.399060 -0.916315 -0.000675 0.400458 -0.915529 -0.002201 0.402247 -0.915616 -0.002202 0.402048 -0.914851 -0.003581 0.403777 -0.915138 -0.003584 0.403125 -0.914280 -0.004720 0.405056 -0.914789 -0.004725 0.403905 -0.914729 -0.005548 0.404029 -0.914838 -0.005549 0.403784 -0.915590 -0.005995 0.402069 -0.915215 -0.005994 0.402920 -0.916777 -0.006027 0.399353 -0.915796 -0.006028 0.401599 -0.918034 -0.005637 0.396462 -0.916469 -0.005646 0.400067 -0.918804 -0.004859 0.394684 -0.917040 -0.004875 0.398766 -0.919176 -0.003750 0.393830 -0.917315 -0.003772 0.398144 0.000000 -1.000000 0.000000 -0.000000 -1.000000 0.000000 -0.000000 -1.000000 0.000000 -0.000000 -1.000000 0.000000 -0.000000 -1.000000 0.000000 -0.000000 -1.000000 0.000000 0.000001 -1.000000 0.000002 0.000001 -1.000000 0.000002 -0.000000 -1.000000 0.000000 -0.000000 -1.000000 0.000000 0.000003 -1.000000 -0.000000 0.000003 -1.000000 -0.000000 0.000006 -1.000000 0.000000 0.000006 -1.000000 0.000000 0.000000 -1.000000 0.000000 0.000000 -1.000000 0.000000 
						0.000000 -1.000000 0.000000 0.000000 -1.000000 0.000000 0.000000 -1.000000 -0.000000 0.000000 -1.000000 0.000000 -0.000003 -1.000000 -0.000006 -0.000003 -1.000000 -0.000006 0.000000 -1.000000 0.000000 0.000000 -1.000000 -0.000000 0.000000 -1.000000 0.000006 0.000000 -1.000000 0.000006 -0.000000 -1.000000 0.000006 -0.000001 -1.000000 0.000000 -0.000001 -1.000000 0.000000 0.000000 -1.000000 0.000006 -0.000000 -1.000000 -0.000000 -0.000000 -1.000000 0.000000 -0.000003 -1.000000 -0.000003 -0.000003 -1.000000 -0.000003 -0.000004 -1.000000 0.000002 -0.000004 -1.000000 0.000001 0.000000 -1.000000 0.000000 -0.000000 -1.000000 0.000000 0.000003 -1.000000 0.000000 0.000003 -1.000000 0.000000 -0.000001 -1.000000 0.000001 -0.000000 -1.000000 0.000001 0.000000 -1.000000 0.000000 0.000000 -1.000000 0.000000 -0.000001 -1.000000 0.000001 -0.000001 -1.000000 0.000001 -0.000003 -1.000000 0.000000 -0.000003 -1.000000 -0.000000 -0.000001 -1.000000 0.000003 -0.000001 -1.000000 0.000003 0.000000 -1.000000 -0.000000 -0.000000 -1.000000 0.000000 0.796613 0.003666 0.604479 0.796180 0.004795 0.605041 0.800149 -0.152537 0.580080 0.802869 -0.119612 0.584033 0.795540 0.005595 0.605875 0.791655 -0.183782 0.582672 0.794787 0.006012 0.606858 0.784911 -0.192632 0.588904 0.794058 0.006014 0.607812 0.775925 -0.190664 0.601322 0.793667 0.005605 0.608327 0.771625 -0.169640 0.613039 0.793674 0.004814 0.608324 0.774052 -0.158490 0.612964 0.794035 0.003698 0.607861 0.777920 -0.117303 0.617317 0.794851 0.002335 0.606801 0.785687 -0.076207 0.613913 0.795525 0.000813 0.605920 0.793020 -0.025841 0.608648 0.796332 -0.000762 0.604859 0.799758 0.024401 0.599827 0.796577 -0.002291 0.604533 0.803880 0.071769 0.590446 0.796621 -0.003666 0.604468 0.802891 0.119561 0.584013 0.796154 -0.004794 0.605076 0.800148 0.152488 0.580095 
						0.795495 -0.005595 0.605934 0.791625 0.183733 0.582728 0.794734 -0.006011 0.606928 0.784859 0.192594 0.588986 0.794000 -0.006014 0.607888 0.777119 0.198107 0.597361 0.793602 -0.005604 0.608411 0.773585 0.179184 0.607832 0.793592 -0.004813 0.608431 0.774178 0.157820 0.612978 0.793933 -0.003697 0.607994 0.777868 0.117215 0.617399 0.794736 -0.002334 0.606950 0.785615 0.076208 0.614004 0.795413 -0.000812 0.606067 0.792942 0.025827 0.608750 0.796246 0.000763 0.604972 0.799687 -0.024431 0.599920 0.796527 0.002292 0.604599 0.803827 -0.071810 0.590513 -0.912707 -0.181510 0.366087 -0.921220 -0.098269 0.376427 -0.920133 -0.066678 0.385889 -0.826150 0.409620 0.386895 -0.883489 0.230748 0.407680 -0.820511 0.437036 0.368457 -0.912636 0.181592 0.366223 -0.921679 0.097998 0.375372 -0.920091 0.066732 0.385977 -0.826269 -0.409702 0.386553 -0.884558 -0.235117 0.402838 -0.820766 -0.421719 0.385351 0.750266 -0.275782 0.600871 0.797198 0.205890 0.567525 0.749929 0.272080 0.602975 0.797154 -0.205936 0.567571 0.016098 0.972162 -0.233758 -0.017343 0.972141 -0.233753 0.101870 0.972139 -0.211112 0.130832 0.972159 -0.194396 0.193786 0.972136 -0.131902 0.210510 0.972156 -0.102945 0.233785 0.972134 -0.017345 0.233790 0.972154 0.016097 0.211145 0.972132 0.101870 0.194429 0.972152 0.130834 0.131935 0.972132 0.193787 0.102977 0.972152 0.210512 0.017375 0.972132 0.233789 -0.016066 0.972153 0.233795 -0.086733 0.971694 0.219745 -0.116889 0.972282 0.202497 -0.144697 0.971779 0.186303 -0.116889 0.972282 0.202498 -0.193754 0.972138 0.131938 -0.210478 0.972159 0.102980 -0.233753 0.972141 0.017381 -0.233759 0.972162 -0.016061 -0.211114 0.972142 -0.101835 -0.194398 0.972163 -0.130798 -0.102947 0.972163 -0.210478 -0.131905 0.972142 -0.193753 -0.914423 0.026976 0.403859 -0.912766 0.052523 0.405092 
						-0.896351 -0.278061 0.345307 0.800306 -0.042306 0.598098 -0.890793 0.250397 0.379196 -0.825889 0.442741 0.349124 0.747191 -0.344408 0.568408 -0.843266 0.349164 0.408641 -0.914382 -0.026951 0.403955 -0.912774 -0.052538 0.405072 0.800384 0.042248 0.597998 -0.896269 0.278138 0.345456 -0.892974 -0.256951 0.369559 -0.846674 -0.412471 0.336170 -0.826213 -0.433422 0.359886 0.746820 0.338279 0.572561 -0.843273 -0.349199 0.408596 -0.895206 -0.147885 0.420400 -0.868506 -0.271006 0.415034 -0.893287 -0.165819 0.417783 0.770417 0.314222 0.554727 -0.909912 0.199751 0.363537 -0.868609 0.361932 0.338413 -0.846389 0.412576 0.336759 0.777035 -0.131936 0.615475 -0.895595 0.148080 0.419501 -0.868501 0.270974 0.415065 -0.893235 0.165737 0.417926 0.776902 0.132376 0.615548 0.770454 -0.314243 0.554664 -0.910398 -0.199540 0.362435 -0.868828 -0.361794 0.337997 -0.915561 -0.000859 0.402178 -0.916961 -0.000725 0.398977 -0.917485 0.000876 0.397769 -0.916746 0.001086 0.399468 -0.917207 -0.000189 0.398411 -0.918331 -0.000126 0.395813 -0.920330 0.000835 0.391142 -0.917027 0.000725 0.398825 -0.914985 -0.000876 0.403487 -0.917171 -0.001089 0.398493 -0.918433 0.000189 0.395576 -0.918011 0.000126 0.396556 0.797831 0.000081 0.602881 0.797603 -0.000000 0.603183 0.796582 0.000416 0.604530 0.796910 0.000688 0.604097 0.797060 -0.000085 0.603900 0.797073 0.000295 0.603883 0.797359 0.001261 0.603504 0.797041 0.001386 0.603923 0.796380 0.000570 0.604796 0.795019 0.000001 0.606585 0.796096 -0.000700 0.605170 0.795337 -0.000548 0.606167 0.797176 -0.000687 0.603747 0.796904 -0.000415 0.604106 0.797736 -0.000080 0.603007 0.797398 0.000000 0.603454 0.796603 0.000000 0.604503 0.796234 0.000000 0.604989 0.796396 0.000000 0.604775 0.796645 0.000000 0.604448 0.796814 -0.000000 0.604225 0.796582 0.000000 0.604530 
						0.795716 0.000700 0.605669 0.794641 0.000548 0.607080 0.781223 -0.228797 0.580811 0.795719 -0.149696 0.586876 0.768142 -0.245939 0.591161 0.769601 -0.196468 0.607548 0.784589 -0.094867 0.612716 0.797563 0.030783 0.602450 0.795816 0.149711 0.586740 0.781160 0.228861 0.580871 0.768080 0.245889 0.591263 0.769558 0.197140 0.607385 0.784548 0.095676 0.612643 0.797408 -0.030830 0.602653 -0.606215 -0.623012 0.494327 -0.675037 -0.600806 0.428202 -0.529040 -0.821574 0.212446 -0.364913 -0.885778 0.286769 -0.644193 -0.663339 0.380783 -0.476214 -0.855305 0.204143 -0.813068 0.038515 0.580894 -0.850044 0.040100 0.525183 -0.814180 -0.185862 0.550060 -0.432372 -0.841648 0.323548 -0.627401 -0.674609 0.388934 -0.654000 -0.627398 0.422677 -0.483409 -0.760038 0.434348 -0.427954 0.641039 -0.637122 -0.346142 0.626357 -0.698472 -0.197313 0.415383 -0.887989 -0.259635 0.433011 -0.863186 -0.454547 0.805947 -0.379258 -0.369026 0.796881 -0.478331 -0.376004 0.911701 -0.165598 -0.301977 0.906621 -0.294699 -0.270683 0.961902 -0.038400 -0.223447 0.956508 -0.187520 -0.237261 0.971440 -0.003315 -0.198498 0.975380 -0.096083 0.002430 -0.948744 -0.316037 0.002451 -0.946909 -0.321491 0.003322 -0.986012 0.166641 0.002412 -0.984731 -0.174064 0.002596 -0.975822 0.218550 0.005452 -0.920738 0.390144 0.118347 0.062128 -0.991027 0.055801 0.093980 -0.994009 0.107240 0.078464 -0.991132 0.185510 0.035360 -0.982006 0.005047 0.121674 -0.992557 0.037691 0.104780 -0.993781 -0.032635 0.154192 -0.987502 -0.071368 0.140460 -0.987511 -0.016071 0.096589 -0.995195 -0.092514 0.249814 -0.963864 -0.039038 0.099906 -0.994231 -0.159080 0.565048 -0.809577 -0.147665 0.571783 -0.807007 -0.047417 0.101424 -0.993713 0.005776 0.091006 -0.995834 -0.151910 0.443569 -0.883272 0.053449 0.057168 -0.996933 0.147215 0.038308 -0.988362 -0.021000 0.279771 -0.959837 
						0.194754 0.017558 -0.980695 0.142498 0.103031 -0.984418 -0.842783 -0.000000 0.538253 -0.847888 -0.000000 0.530175 -0.786247 0.000000 0.617912 -0.789999 0.000000 0.613109 -0.780364 0.000000 0.625326 -0.784402 0.000000 0.620252 -0.833755 0.000000 0.552135 -0.837842 0.000000 0.545913 -0.873890 0.000000 0.486123 -0.871022 0.000000 0.491243 -0.899607 -0.000000 0.436700 -0.900698 -0.000000 0.434445 -0.905403 0.000000 0.424554 -0.905884 0.000000 0.423526 -0.039053 -0.874086 0.484199 -0.032828 -0.877794 0.477912 0.050953 -0.986718 0.154244 -0.091832 -0.986297 -0.137057 -0.027129 -0.998673 -0.043771 0.045539 -0.989575 0.136632 -0.299309 -0.922745 -0.242808 -0.224686 -0.957175 -0.182572 -0.477945 -0.856079 -0.196717 -0.437082 -0.881488 -0.178712 -0.475788 -0.877602 -0.058654 -0.622137 -0.779189 -0.076218 -0.284788 -0.958575 -0.005454 -0.608674 -0.793335 -0.011619 -0.119009 0.428802 -0.895525 -0.013502 0.281881 -0.959354 -0.168008 0.551668 -0.816967 -0.177676 0.653456 -0.735817 -0.174452 0.695737 -0.696790 -0.168767 0.798470 -0.577896 0.178221 0.026897 -0.983623 0.120117 0.124901 -0.984871 -0.756622 -0.140245 0.638634 -0.674513 0.008941 0.738209 -0.734396 0.021017 0.678396 -0.773450 -0.149862 0.615886 -0.140765 0.580706 -0.801852 -0.118630 0.493560 -0.861583 -0.148128 0.640038 -0.753929 -0.007524 -0.961280 0.275472 0.043477 -0.957060 0.286611 -0.849640 -0.197161 0.489122 -0.863191 0.038808 0.503383 -0.881631 0.037981 0.470409 -0.882503 -0.201121 0.425133 -0.005186 0.309304 -0.950949 -0.893929 0.034486 0.446880 -0.000642 -0.992981 0.118275 -0.003072 -0.992060 0.125731 0.141119 0.133526 -0.980947 0.033815 0.191075 -0.980993 0.003183 0.214054 -0.976817 0.002925 -0.899496 0.436920 0.002836 -0.872390 0.488802 -0.979658 -0.200499 0.008370 -0.907014 -0.420538 0.021749 -0.937643 -0.271958 0.216484 -0.960552 -0.183598 0.208882 
						-0.793082 -0.439515 0.421720 -0.867782 -0.348344 0.354416 -0.981826 0.025107 0.188117 -0.961905 -0.095828 0.256040 -0.952911 0.022023 0.302449 -0.618204 -0.630900 0.468817 -0.752715 -0.501997 0.425934 0.536719 -0.307936 -0.785562 0.293421 -0.063079 -0.953900 0.284421 -0.058780 -0.956896 0.501779 -0.284548 -0.816854 0.661456 -0.522054 -0.538456 0.617310 -0.499654 -0.607680 0.670059 -0.688086 -0.278494 0.632020 -0.674872 -0.380918 0.617894 -0.783641 -0.064146 0.593545 -0.781603 -0.191836 0.589954 -0.807263 0.016712 0.571838 -0.818024 -0.061960 0.002460 -0.767069 0.641560 -0.001830 -0.844213 0.536005 -0.000456 -0.790387 0.612608 0.002016 -0.625479 0.780238 0.001983 -0.629536 0.776968 0.001813 -0.698661 0.715451 0.246619 -0.008591 -0.969074 0.272465 -0.025037 -0.961840 0.316979 -0.044007 -0.947411 0.341757 -0.063351 -0.937651 0.380013 -0.081624 -0.921373 0.430988 -0.126971 -0.893380 0.404535 -0.071778 -0.911702 0.468528 -0.119356 -0.875349 0.430247 -0.081811 -0.898996 0.496235 -0.216791 -0.840686 0.528832 -0.398405 -0.749407 0.409888 -0.071040 -0.909365 0.439583 -0.082479 -0.894407 0.555553 -0.434638 -0.708838 0.448664 -0.255287 -0.856463 0.314143 -0.035137 -0.948725 0.298316 -0.083254 -0.950829 0.233419 -0.007414 -0.972348 -0.949085 -0.000001 0.315021 -0.983040 -0.000000 0.183392 -0.981171 -0.000000 0.193141 -0.939610 -0.000001 0.342248 -0.978283 0.000000 0.207272 -0.978206 0.000000 0.207639 -0.956948 0.000000 0.290258 -0.957322 0.000000 0.289024 -0.937756 -0.000000 0.347295 -0.919264 0.000000 0.393642 -0.919287 -0.000000 0.393588 -0.938706 -0.000000 0.344719 0.028052 -0.938332 0.344596 0.056841 -0.919942 0.387911 -0.188679 -0.763541 0.617581 -0.182983 -0.779586 0.598967 -0.460383 -0.586782 0.666134 -0.480657 -0.533876 0.695661 -0.722050 -0.377647 0.579678 -0.730022 -0.349536 0.587275 -0.912136 -0.174707 0.370790 
						-0.912209 -0.168286 0.373569 -0.991536 0.047090 0.120987 -0.991379 -0.048901 0.121561 -0.994913 0.098950 0.018916 -0.996254 -0.084376 0.018931 0.262429 -0.036088 -0.964276 0.397177 -0.192300 -0.897369 0.488385 -0.339291 -0.803966 0.540092 -0.478923 -0.692051 0.562963 -0.560798 -0.607106 0.570887 -0.670063 -0.474450 -0.996802 -0.025940 0.075588 -0.987110 -0.045644 0.153397 -0.999023 0.004146 0.043997 -0.999169 -0.015214 -0.037800 0.516920 -0.410045 -0.751436 0.429368 -0.278233 -0.859203 0.545859 -0.495364 -0.675761 0.248080 -0.552914 0.795452 0.258700 -0.640801 0.722806 -0.929969 -0.139932 0.339966 -0.909141 0.028906 0.415484 -0.930908 0.021800 0.364602 0.286328 -0.068318 -0.955693 0.293062 0.155886 0.943300 0.267601 0.372302 0.888696 -0.913212 0.051011 0.404279 -0.907920 0.072180 0.412882 -0.912834 0.052593 0.404929 -0.916735 0.035645 0.397903 -0.549033 -0.635821 0.542489 -0.539535 -0.520022 0.662177 -0.548850 -0.627700 0.552048 -0.546380 -0.708734 0.446280 -0.380550 -0.904058 0.194579 -0.305519 -0.884755 0.351949 -0.387770 -0.904473 0.177661 -0.464744 -0.884855 -0.032325 -0.723956 -0.687955 0.051043 -0.554065 -0.811756 0.184567 -0.739585 -0.672074 0.036468 -0.883969 -0.446608 -0.138348 -0.919586 -0.022244 0.392258 -0.912135 -0.055453 0.406121 -0.919072 -0.024727 0.393312 -0.924212 0.001852 0.381875 -0.548501 0.678488 0.488671 -0.532031 0.472356 0.702725 -0.548964 0.664719 0.506742 -0.530195 0.790531 0.306518 -0.413367 0.903339 0.114483 -0.349068 0.899024 0.264401 -0.419479 0.902398 0.098567 -0.483922 0.869685 -0.097300 -0.743100 0.668360 0.033120 -0.618995 0.773178 0.137990 -0.754607 0.655810 0.021952 -0.868453 0.482592 -0.113558 -0.901175 -0.076220 0.426701 -0.899133 0.096964 0.426799 -0.910907 0.000001 0.412612 -0.901562 -0.204823 0.381095 -0.903677 -0.205520 0.375671 -0.905793 -0.093869 0.413193 
						-0.895156 0.073169 0.439708 -0.889618 0.202110 0.409551 -0.897604 0.206736 0.389317 -0.410236 -0.903716 0.122489 -0.487627 -0.865990 -0.110817 -0.402684 -0.904338 0.141486 -0.322942 -0.891379 0.318044 -0.774453 -0.632628 0.001887 -0.899151 -0.404980 -0.165889 -0.760603 -0.649020 0.015986 -0.607254 -0.780837 0.146749 -0.931509 0.050220 0.360234 -0.922465 -0.007636 0.386006 -0.930965 0.045900 0.362212 -0.935683 0.092040 0.340624 -0.545021 0.720982 0.427945 -0.538433 0.512224 0.669116 -0.546499 0.707416 0.448221 -0.515285 0.826689 0.225979 -0.453031 0.891485 0.004126 -0.514466 0.828263 -0.222047 -0.446752 0.894366 0.022833 -0.378465 0.903880 0.199410 -0.781378 0.624035 -0.005345 -0.847140 0.524815 -0.083204 -0.775329 0.631557 0.000998 -0.711812 0.699626 0.062036 -0.929862 -0.037613 0.365980 -0.933388 -0.066675 0.352621 -0.930159 -0.039785 0.364995 -0.926704 -0.016516 0.375429 -0.549031 -0.661503 0.510860 -0.540527 -0.527355 0.655536 -0.549137 -0.652244 0.522519 -0.541833 -0.742670 0.393522 -0.924933 -0.210132 0.316771 -0.939677 -0.000000 0.342063 -0.930820 -0.198796 0.306681 -0.934663 -0.078764 0.346701 -0.922315 0.087707 0.376354 -0.912977 0.207416 0.351356 -0.912157 0.203666 0.355654 -0.938708 0.076366 0.336149 -0.944581 -0.101597 0.312163 -0.922314 0.317727 0.219971 -0.938141 0.164388 0.304741 -0.924507 0.306487 0.226613 -0.893013 0.422769 0.154256 -0.512089 0.832623 0.210961 -0.548902 0.666967 0.503847 -0.517073 0.823145 0.234666 -0.448916 0.893423 -0.016432 -0.510916 0.834691 -0.205562 -0.459745 0.887898 -0.016495 -0.515111 0.827031 -0.225125 -0.546763 0.704579 -0.452348 -0.897676 0.409402 -0.162996 -0.878060 0.460957 -0.128570 -0.899486 0.403978 -0.166513 -0.918500 0.335458 -0.209344 -0.922502 -0.316800 0.220516 -0.936833 -0.204617 0.283682 -0.924118 -0.308553 0.225392 -0.902439 -0.394817 0.172405 
						-0.523841 -0.808027 0.269597 -0.547028 -0.701612 0.456619 -0.526465 -0.801271 0.284252 -0.491721 -0.861572 0.126114 -0.483230 -0.870344 -0.094820 -0.413656 -0.903301 0.113732 -0.489246 -0.864289 -0.116803 -0.539736 -0.753843 -0.374708 -0.879305 -0.458001 -0.130606 -0.807496 -0.588886 -0.034098 -0.885253 -0.443370 -0.140533 -0.932559 -0.253639 -0.256908 -0.983844 0.140154 0.111387 -0.996814 -0.017671 0.077783 -0.996470 -0.000000 0.083946 -0.971080 0.220616 0.091277 -0.980469 0.172641 0.094208 -0.994466 0.023275 0.102454 -0.985906 -0.144966 0.083512 -0.973368 -0.221136 0.060446 -0.985316 -0.165210 0.043112 0.857541 -0.164044 -0.487559 0.857540 -0.164044 -0.487560 0.990203 -0.139101 0.012169 0.990204 -0.139100 0.012168 0.857541 -0.076885 0.508637 0.857542 -0.076886 0.508637 0.495102 -0.145030 -0.856645 0.495101 -0.145029 -0.856645 0.990204 -0.139100 0.012168 0.857541 -0.164046 -0.487558 0.857540 -0.164044 -0.487559 0.990204 -0.139100 0.012169 0.495101 0.005929 0.868815 0.495101 0.005928 0.868815 0.857540 -0.076887 0.508639 0.857540 -0.076888 0.508640 0.000000 -0.087156 -0.996195 0.000001 -0.087156 -0.996195 0.495098 -0.145028 -0.856647 0.495101 -0.145028 -0.856646 -0.525727 -0.000005 -0.850653 -0.525739 -0.000008 -0.850646 -0.525726 -0.000005 -0.850654 -0.525715 -0.000010 -0.850661 -0.525725 -0.000005 -0.850654 -0.525729 -0.000003 -0.850652 -0.525726 -0.000005 -0.850654 -0.525716 -0.000012 -0.850660 -0.525727 -0.000005 -0.850654 -0.525727 -0.000007 -0.850653 -0.525726 -0.000005 -0.850654 -0.525725 -0.000006 -0.850654 -0.000001 0.087155 0.996195 -0.000000 0.087156 0.996195 0.495100 0.005930 0.868816 0.495104 0.005932 0.868813 -0.495102 -0.005929 -0.868815 -0.495101 -0.005930 -0.868815 0.000004 -0.087158 -0.996195 -0.000001 -0.087156 -0.996195 -0.495097 -0.005934 -0.868818 -0.495101 -0.005931 -0.868815 -0.857546 0.076893 -0.508629 
						-0.857545 0.076890 -0.508631 -0.990204 0.139098 -0.012173 -0.990204 0.139099 -0.012173 -0.857541 0.164044 0.487558 -0.857541 0.164045 0.487557 -0.621234 0.023184 0.783282 -0.621234 0.023184 0.783282 -0.000002 0.087155 0.996195 -0.000000 0.087155 0.996195 -0.351078 0.261634 0.899050 -0.351078 0.261633 0.899051 -0.495102 0.145030 0.856645 -0.495101 0.145031 0.856645 -0.857541 0.076886 -0.508637 -0.857542 0.076886 -0.508635 -0.990203 0.139101 -0.012169 -0.990203 0.139102 -0.012168 -0.857542 0.164043 0.487557 -0.857542 0.164044 0.487556 -0.495102 0.145029 0.856645 -0.495102 0.145029 0.856645 -0.475113 0.877405 -0.066546 -0.534930 0.774432 -0.337794 -0.468208 0.882545 -0.043545 -0.389907 0.904536 0.172588 -0.870455 0.478233 -0.116626 -0.929032 0.279798 -0.242102 -0.863328 0.493399 -0.105938 -0.778839 0.627218 -0.002688 -0.929741 -0.275019 0.244838 -0.937829 -0.133231 0.320509 -0.931191 -0.264577 0.250764 -0.908840 -0.373377 0.186011 -0.522202 -0.811961 0.260813 -0.549131 -0.644732 0.531767 -0.526205 -0.801958 0.282795 -0.469504 -0.881636 0.047782 -0.490650 -0.862765 -0.122066 -0.531361 -0.786893 -0.313776 -0.486339 -0.867309 -0.106062 -0.438029 -0.897680 0.047965 -0.867747 -0.484107 -0.112494 -0.916100 -0.345685 -0.203135 -0.862656 -0.494786 -0.104937 -0.805202 -0.592166 -0.031462 -0.935172 0.227985 0.271067 -0.936614 0.208347 0.281684 -0.935295 0.226522 0.271864 -0.933833 0.242152 0.263283 -0.537566 0.763848 0.357154 -0.548454 0.616430 0.564989 -0.539636 0.754327 0.373876 -0.507875 0.839766 0.191977 -0.969794 0.220322 0.104679 -0.992775 -0.000000 0.119991 -0.981194 0.171767 0.088060 -0.991454 0.028901 0.127218 -0.978149 -0.131226 0.161260 -0.966097 -0.219482 0.135959 -0.977203 -0.176045 0.118671 -0.994057 -0.024116 0.106152 -0.984312 0.141107 0.105923 -0.457250 0.223896 0.860693 -0.495913 0.498372 0.711123 
						-0.439998 0.149689 0.885435 -0.370818 -0.079638 0.925285 -0.890653 0.227976 0.393401 -0.922793 0.326614 0.204395 -0.876125 0.201600 0.437906 -0.815000 0.116196 0.567692 -0.915413 -0.191767 -0.353899 -0.934899 -0.238606 -0.262736 -0.909086 -0.179912 -0.375758 -0.885197 -0.141733 -0.443101 -0.429888 -0.064537 -0.900573 -0.374952 0.079542 -0.923625 -0.441892 -0.100012 -0.891476 -0.475242 -0.210192 -0.854380 -0.464699 0.260043 -0.846423 -0.492376 0.449925 -0.745073 -0.454339 0.210527 -0.865595 -0.413787 0.053290 -0.908813 -0.888035 0.222905 -0.402128 -0.917367 0.297381 -0.264581 -0.877284 0.203561 -0.434668 -0.834806 0.140943 -0.532198 -0.921507 -0.204286 0.330290 -0.927589 -0.218330 0.303167 -0.919880 -0.200814 0.336889 -0.914367 -0.189726 0.357684 -0.477937 -0.220088 0.850375 -0.456203 -0.144890 0.878001 -0.482775 -0.238339 0.842688 -0.496749 -0.295385 0.816081 -0.966144 0.036821 0.255363 -0.999755 0.022136 -0.000000 -0.982168 0.058454 0.178687 -0.999890 0.014030 0.004802 -0.984620 -0.028847 -0.172314 -0.966876 -0.004597 -0.255204 -0.982401 0.019621 -0.185749 -0.999152 0.041095 0.002348 -0.982029 0.038337 0.184793 -0.360683 -0.107832 0.926434 -0.431960 0.118454 0.894080 -0.339470 -0.163878 0.926231 -0.266444 -0.332746 0.904593 -0.746426 0.042266 0.664125 -0.881343 0.210630 0.422929 -0.698989 -0.001892 0.715130 -0.527678 -0.134407 0.838743 -0.933739 -0.357709 0.013230 -0.926079 -0.373204 0.055646 -0.935319 -0.353795 0.002825 -0.939545 -0.341096 -0.030154 -0.529997 -0.492526 -0.690306 -0.530638 -0.499064 -0.685098 -0.529834 -0.490919 -0.691574 -0.529303 -0.485807 -0.695579 -0.363321 -0.100610 -0.926216 -0.420678 0.077149 -0.903924 -0.347027 -0.144363 -0.926678 -0.291404 -0.278632 -0.915122 -0.715486 0.012959 -0.698507 -0.846977 0.157304 -0.507824 -0.673607 -0.023877 -0.738704 -0.525978 -0.135583 -0.839622 -0.927752 -0.370195 -0.047250 
						-0.936670 -0.350147 0.006786 -0.925081 -0.374921 -0.060484 -0.915374 -0.389385 -0.102318 -0.534550 -0.552736 0.639327 -0.535243 -0.569386 0.623951 -0.534339 -0.548613 0.643044 -0.533559 -0.535423 0.654704 -0.912950 -0.331346 0.238186 -0.933847 -0.357673 -0.000001 -0.917662 -0.320621 0.234733 -0.923354 -0.369222 0.105323 -0.911787 -0.401254 -0.087399 -0.901836 -0.362591 -0.234986 -0.907783 -0.345804 -0.237381 -0.933708 -0.344137 -0.098789 -0.934733 -0.339990 0.103351 -0.361679 -0.105103 0.926359 -0.432790 0.121609 0.893255 -0.340484 -0.161283 0.926314 -0.267467 -0.330593 0.905080 -0.748640 0.044446 0.661485 -0.883810 0.215056 0.415489 -0.700640 -0.000423 0.713515 -0.526944 -0.134904 0.839125 -0.934752 -0.355239 0.006644 -0.927124 -0.371344 0.050450 -0.936303 -0.351168 -0.004101 -0.940388 -0.337956 -0.038149 -0.525601 -0.454398 -0.719212 -0.525065 -0.450302 -0.722173 -0.525730 -0.455400 -0.718484 -0.526134 -0.458572 -0.716166 -0.382702 -0.045220 -0.922765 -0.438469 0.143581 -0.887203 -0.366385 -0.092100 -0.925894 -0.309868 -0.236334 -0.920939 -0.732682 0.028997 -0.679953 -0.843693 0.152796 -0.514621 -0.698415 -0.002410 -0.715689 -0.577558 -0.099196 -0.810300 -0.929077 -0.367683 -0.040306 -0.937245 -0.348494 0.011105 -0.926637 -0.372218 -0.052900 -0.917773 -0.386127 -0.092728 -0.534449 -0.550714 0.641154 -0.535145 -0.566576 0.626587 -0.534240 -0.546789 0.644677 -0.533481 -0.534237 0.655735 -0.913537 -0.329600 0.238357 -0.934320 -0.356436 -0.000001 -0.918479 -0.318444 0.234498 -0.925091 -0.365153 0.104263 -0.912317 -0.399974 -0.087743 -0.901086 -0.364588 -0.234774 -0.906946 -0.347848 -0.237592 -0.934169 -0.342970 -0.098485 -0.935963 -0.336299 0.104287 -0.358655 0.933337 0.015774 -0.341530 0.939422 -0.029043 -0.362727 0.931511 0.026759 -0.375294 0.924860 0.061546 -0.498071 0.530532 -0.685902 -0.506204 0.531288 -0.679331 -0.496070 0.530337 -0.687500 
						-0.489701 0.529698 -0.692541 0.001586 0.398000 -0.917384 0.268814 0.466406 -0.842736 -0.066588 0.375373 -0.924479 -0.271700 0.294474 -0.916223 0.043542 0.747735 -0.662568 0.136569 0.831423 -0.538596 0.020197 0.723325 -0.690213 -0.052945 0.638210 -0.768040 -0.350270 0.936627 0.006452 -0.337448 0.940517 0.039452 -0.353345 0.935492 -0.001638 -0.362916 0.931422 -0.027288 -0.529404 0.533158 0.659905 -0.541076 0.533919 0.649743 -0.526524 0.532952 0.662371 -0.517340 0.532247 0.670128 -0.119010 0.356572 0.926657 0.087797 0.423658 0.901557 -0.169982 0.337075 0.926006 -0.324510 0.270341 0.906426 0.019414 0.722484 0.691115 0.173758 0.858481 0.482513 -0.020298 0.677819 0.734948 -0.140073 0.519354 0.843001 -0.316219 0.944262 0.091511 -0.328783 0.944406 0.000000 -0.318608 0.941632 -0.108715 -0.324855 0.915116 -0.238813 -0.349209 0.906387 -0.237730 -0.337604 0.936268 -0.097088 -0.310066 0.944233 0.110833 -0.313002 0.918948 0.239926 -0.314249 0.920039 0.234044 0.992728 0.000000 -0.120382 0.992729 0.000000 -0.120375 0.992728 -0.000001 -0.120376 0.992728 -0.000000 -0.120382 0.992727 0.000000 -0.120385 0.992728 0.000000 -0.120383 0.992728 0.000000 -0.120380 0.992727 0.000001 -0.120389 0.992727 0.000000 -0.120384 0.992728 0.000000 -0.120378 0.992728 0.000001 -0.120379 0.992728 0.000000 -0.120378 0.992727 -0.000000 -0.120384 0.992728 0.000000 -0.120381 0.992728 0.000000 -0.120377 0.992729 0.000000 -0.120372 0.992728 -0.000000 -0.120376 0.992728 0.000000 -0.120382 0.992729 -0.000000 -0.120372 0.992729 0.000000 -0.120374 0.992729 -0.000001 -0.120372 0.992728 -0.000000 -0.120380 0.992729 0.000001 -0.120372 0.992729 -0.000000 -0.120374 0.992728 -0.000000 -0.120383 0.992728 0.000000 -0.120378 0.992729 0.000001 -0.120373 0.992729 0.000001 -0.120373 0.992728 0.000001 -0.120378 0.992728 0.000000 -0.120376 
						0.992728 -0.000000 -0.120377 0.992728 -0.000000 -0.120375 0.000005 1.000000 -0.000005 0.000000 1.000000 -0.000000 0.000001 1.000000 -0.000001 0.000009 1.000000 -0.000009 0.000006 1.000000 -0.000013 0.000008 1.000000 -0.000018 0.000000 1.000000 -0.000022 0.000000 1.000000 -0.000028 -0.000011 1.000000 -0.000028 -0.000012 1.000000 -0.000030 -0.000024 1.000000 -0.000024 -0.000023 1.000000 -0.000023 -0.000032 1.000000 -0.000013 -0.000035 1.000000 -0.000015 0.000031 1.000000 -0.000013 0.000031 1.000000 -0.000013 0.000024 1.000000 -0.000024 0.000023 1.000000 -0.000023 0.000013 1.000000 -0.000032 0.000013 1.000000 -0.000031 0.000000 1.000000 -0.000031 0.000000 1.000000 -0.000028 -0.000010 1.000000 -0.000026 -0.000010 1.000000 -0.000023 -0.000016 1.000000 -0.000016 -0.000015 1.000000 -0.000015 -0.000000 -1.000000 -0.000064 -0.000000 -1.000000 -0.000052 0.000033 -1.000000 -0.000077 0.000033 -1.000000 -0.000077 -0.000077 -1.000000 -0.000031 -0.000089 -1.000000 0.000001 -0.000085 -1.000000 0.000001 -0.000075 -1.000000 -0.000030 -0.000027 -1.000000 -0.000064 -0.000058 -1.000000 -0.000058 -0.000056 -1.000000 -0.000056 -0.000027 -1.000000 -0.000065 -0.769253 -0.000000 -0.638945 -0.769247 -0.000000 -0.638951 -0.769249 -0.000000 -0.638949 -0.769255 0.000000 -0.638942 -0.769250 0.000000 -0.638948 -0.769245 -0.000000 -0.638953 -0.769255 0.000000 -0.638942 -0.769253 0.000000 -0.638944 -0.769254 0.000000 -0.638943 -0.769252 0.000000 -0.638946 -0.769247 -0.000000 -0.638952 -0.769253 -0.000000 -0.638945 -0.769253 0.000000 -0.638944 -0.769251 0.000000 -0.638947 -0.769256 -0.000000 -0.638940 -0.769252 0.000000 -0.638945 -0.769250 0.000000 -0.638948 -0.769246 -0.000000 -0.638952 -0.769257 0.000001 -0.638939 -0.769251 0.000000 -0.638947 -0.769249 0.000000 -0.638950 -0.769247 0.000000 -0.638951 -0.769251 0.000000 -0.638947 -0.769251 0.000000 -0.638947 
						-0.769251 -0.000000 -0.638947 -0.769253 -0.000000 -0.638944 -0.769252 -0.000000 -0.638946 -0.769250 -0.000000 -0.638948 -0.769251 -0.000000 -0.638947 -0.769254 -0.000001 -0.638943 -0.769252 0.000000 -0.638946 -0.769250 -0.000000 -0.638948 -0.000005 1.000000 0.000000 -0.000011 1.000000 -0.000000 -0.000040 1.000000 0.000000 -0.000043 1.000000 -0.000000 -0.000039 1.000000 0.000016 -0.000039 1.000000 0.000016 -0.000018 1.000000 -0.000007 -0.000013 1.000000 -0.000005 0.000036 -1.000000 -0.000013 0.000038 -1.000000 -0.000015 0.000034 -1.000000 0.000002 0.000028 -1.000000 0.000003 0.000018 -1.000000 0.000003 0.000028 -1.000000 0.000002 0.000011 -1.000000 0.000009 0.000003 -1.000000 0.000006 -0.000004 -1.000000 -0.000001 -0.000011 -1.000000 -0.000009 -0.000011 -1.000000 -0.000023 -0.000015 -1.000000 -0.000034 0.000076 -1.000000 -0.000073 0.000077 -1.000000 -0.000074 0.000110 -1.000000 -0.000044 0.000113 -1.000000 -0.000046 0.000124 -1.000000 0.000001 0.000125 -1.000000 0.000001 -0.000000 -1.000000 -0.000058 -0.000000 -1.000000 -0.000053 0.000021 -1.000000 -0.000046 0.000019 -1.000000 -0.000043 0.000028 -1.000000 -0.000028 0.000027 -1.000000 -0.000027 -0.000000 0.000000 1.000000 -0.000000 0.258819 0.965926 -0.000000 0.258819 0.965926 -0.000000 -0.000000 1.000000 -0.000000 0.500000 0.866025 -0.000000 0.500000 0.866025 -0.000000 0.707107 0.707107 -0.000000 0.707107 0.707106 -0.000000 0.866026 0.500000 -0.000000 0.866026 0.500000 -0.000000 0.965926 0.258819 -0.000000 0.965926 0.258819 -0.000650 1.000000 0.000003 0.002438 0.999997 0.000045 0.000650 1.000000 -0.000003 0.000000 0.965926 -0.258819 0.000000 0.965926 -0.258820 -0.002438 0.999997 -0.000045 0.000000 0.866025 -0.500000 0.000000 0.866025 -0.500000 0.000000 0.707107 -0.707107 0.000000 0.707107 -0.707107 0.000000 0.500000 -0.866026 0.000000 0.500000 -0.866025 
						0.000000 0.258819 -0.965926 0.000000 0.258819 -0.965926 0.000000 0.000000 -1.000000 0.000000 0.000000 -1.000000 0.000000 -0.258819 -0.965926 0.000000 -0.258819 -0.965926 0.000000 -0.500000 -0.866026 0.000000 -0.500000 -0.866025 0.000000 -0.707107 -0.707107 0.000000 -0.707107 -0.707107 -0.000001 -0.866026 -0.500000 0.000000 -0.866026 -0.500000 -0.000001 -0.965926 -0.258820 -0.000000 -0.965926 -0.258819 0.000000 -1.000000 -0.000000 -0.000000 -1.000000 -0.000001 0.000001 -0.965926 0.258820 -0.000000 -0.965926 0.258820 0.000001 -0.866026 0.500000 0.000000 -0.866025 0.500000 -0.000000 -0.707107 0.707106 0.000000 -0.707107 0.707106 -0.000000 -0.500001 0.866025 -0.000000 -0.500000 0.866025 -0.000000 -0.258819 0.965926 -0.000000 -0.258819 0.965926 -0.001534 0.000524 0.999999 -0.077460 0.025192 0.996677 -0.152876 0.044367 0.987249 -0.218898 0.051921 0.974365 -0.271646 0.045478 0.961322 -0.305975 0.026398 0.951673 -0.324169 -0.000557 0.945999 -0.000000 0.000003 1.000000 -0.000000 0.258819 0.965926 -0.000000 0.000000 1.000000 -0.000000 0.500000 0.866025 -0.000000 0.707107 0.707106 0.000000 0.866026 0.500000 -0.000000 0.965926 0.258819 0.006067 0.999982 0.000280 0.000000 0.965926 -0.258819 -0.006067 0.999982 -0.000280 -0.000000 0.866025 -0.500001 0.000000 0.707107 -0.707107 0.000000 0.500000 -0.866025 0.000000 0.258819 -0.965926 0.000000 0.000000 -1.000000 0.000000 -0.258819 -0.965926 0.000000 -0.500000 -0.866025 0.000000 -0.707107 -0.707107 0.000000 -0.866025 -0.500000 0.000000 -0.965926 -0.258819 0.000000 -1.000000 -0.000001 -0.000000 -0.965926 0.258819 -0.000000 -0.866025 0.500000 0.000000 -0.707107 0.707106 0.000000 -0.500001 0.866025 -0.000000 -0.258819 0.965926 -0.000000 0.258820 0.965926 -0.000000 0.000000 1.000000 0.000000 0.500000 0.866025 -0.000000 0.707107 0.707107 -0.000000 0.866026 0.500000 
						0.000000 0.965926 0.258819 0.011686 0.999931 0.001045 -0.000000 0.965926 -0.258819 -0.011686 0.999931 -0.001046 0.000000 0.866025 -0.500000 0.000000 0.707106 -0.707107 -0.000000 0.500000 -0.866025 0.000000 0.258819 -0.965926 0.000000 0.000000 -1.000000 -0.000000 -0.258819 -0.965926 0.000000 -0.500000 -0.866025 0.000000 -0.707106 -0.707107 0.000000 -0.866025 -0.500000 0.000000 -0.965926 -0.258819 -0.000000 -1.000000 -0.000000 -0.000000 -0.965926 0.258819 -0.000000 -0.866026 0.499999 -0.000000 -0.707107 0.707107 -0.000000 -0.500000 0.866025 -0.000000 -0.258819 0.965926 -0.000000 0.000000 1.000000 -0.000000 0.258819 0.965926 -0.000000 -0.258819 0.965926 -0.000000 -0.500000 0.866025 -0.000000 -0.707107 0.707107 0.000001 -0.866026 0.500000 0.000001 -0.965926 0.258818 0.000000 -1.000000 0.000000 -0.000001 -0.965926 -0.258819 -0.000001 -0.866026 -0.500000 0.000000 -0.707107 -0.707107 -0.000000 -0.499999 -0.866026 0.000000 -0.258819 -0.965926 0.000000 -0.000000 -1.000000 0.000000 0.258819 -0.965926 0.000000 0.500000 -0.866025 -0.000000 0.707107 -0.707107 0.000000 0.866025 -0.500000 0.000000 0.965926 -0.258819 0.006161 0.999981 -0.000289 -0.000000 0.965926 0.258819 -0.006161 0.999981 0.000289 -0.000000 0.866026 0.500000 -0.000000 0.707107 0.707107 0.000000 0.500000 0.866025 -0.000000 0.000000 1.000000 -0.000000 0.258819 0.965926 -0.000000 -0.258819 0.965926 -0.000000 -0.500000 0.866025 0.000000 -0.707107 0.707107 0.000001 -0.866026 0.500000 0.000001 -0.965926 0.258819 0.000000 -1.000000 0.000000 -0.000001 -0.965926 -0.258820 -0.000001 -0.866025 -0.500000 -0.000000 -0.707107 -0.707107 0.000000 -0.500000 -0.866026 -0.000000 -0.258819 -0.965926 0.000000 -0.000000 -1.000000 0.000000 0.258819 -0.965926 0.000000 0.500000 -0.866025 0.000000 0.707107 -0.707107 0.000000 0.866025 -0.500000 -0.000000 0.965926 -0.258819 
						0.011652 0.999932 -0.001040 0.000000 0.965926 0.258819 -0.011652 0.999932 0.001040 -0.000000 0.866025 0.500000 -0.000000 0.707107 0.707107 0.000000 0.500000 0.866025 -0.000000 0.000000 1.000000 -0.000000 0.258819 0.965926 -0.000000 -0.258819 0.965926 -0.000000 -0.500000 0.866025 0.000000 -0.707107 0.707106 0.000000 -0.866025 0.500000 0.000000 -0.965926 0.258819 -0.000000 -1.000000 0.000000 -0.000000 -0.965926 -0.258819 -0.000000 -0.866025 -0.500001 0.000000 -0.707107 -0.707107 0.000000 -0.500000 -0.866025 0.000000 -0.258819 -0.965926 0.000000 0.000000 -1.000000 0.000000 0.258819 -0.965926 -0.000000 0.500000 -0.866025 -0.000000 0.707107 -0.707107 0.000000 0.866025 -0.500000 0.000000 0.965926 -0.258819 -0.014460 0.999894 -0.001608 -0.000000 0.965926 0.258819 0.014461 0.999894 0.001608 -0.000000 0.866026 0.500000 0.000000 0.707107 0.707107 0.000000 0.500000 0.866025 0.000000 0.000000 1.000000 0.000000 0.258819 0.965926 -0.000000 -0.258819 0.965926 0.000000 -0.500001 0.866025 0.000001 -0.707107 0.707106 0.000000 -0.866026 0.499999 -0.000000 -0.965926 0.258819 -0.000000 -1.000000 -0.000000 0.000000 -0.965926 -0.258819 -0.000001 -0.866026 -0.500000 -0.000000 -0.707107 -0.707107 0.000001 -0.500000 -0.866026 0.000000 -0.258819 -0.965926 0.000000 -0.000000 -1.000000 0.000000 0.258819 -0.965926 -0.000000 0.500000 -0.866025 -0.000000 0.707107 -0.707107 0.000000 0.866026 -0.500000 -0.000000 0.965926 -0.258819 -0.054064 0.998134 -0.028367 0.000000 0.965926 0.258819 0.054064 0.998134 0.028366 -0.000000 0.866025 0.500000 0.000000 0.707107 0.707107 -0.000000 0.500000 0.866025 0.000000 0.000000 1.000000 -0.000000 0.258820 0.965926 0.000000 -0.258819 0.965926 0.000001 -0.500001 0.866025 -0.000000 -0.707107 0.707107 -0.000001 -0.866025 0.500000 0.000000 -0.965926 0.258819 0.000000 -1.000000 -0.000000 
						0.000000 -0.965926 -0.258820 0.000000 -0.866025 -0.500000 -0.000001 -0.707107 -0.707106 -0.000000 -0.500000 -0.866026 0.000000 -0.258819 -0.965926 0.000000 -0.000000 -1.000000 0.000000 0.258819 -0.965926 -0.000000 0.500000 -0.866025 0.000000 0.707107 -0.707106 0.000000 0.866025 -0.500000 0.000000 0.965926 -0.258819 -0.065093 0.996214 -0.057627 0.000000 0.965926 0.258819 0.065093 0.996214 0.057626 0.000000 0.866026 0.500000 -0.000000 0.707107 0.707107 -0.000000 0.500000 0.866025 0.000000 0.000000 1.000000 0.000000 0.258819 0.965926 0.000000 -0.258820 0.965926 0.000000 -0.500001 0.866025 -0.000001 -0.707107 0.707107 -0.000001 -0.866025 0.500001 -0.000000 -0.965926 0.258819 0.000000 -1.000000 -0.000001 0.000000 -0.965926 -0.258819 0.000001 -0.866025 -0.500000 0.000000 -0.707106 -0.707107 -0.000000 -0.500000 -0.866026 -0.000000 -0.258819 -0.965926 0.000000 -0.000000 -1.000000 0.000000 0.258819 -0.965926 0.000000 0.500000 -0.866025 0.000000 0.707107 -0.707107 0.000000 0.866026 -0.500000 -0.000000 0.965926 -0.258819 -0.065441 0.995474 -0.068915 -0.000000 0.965926 0.258819 0.065441 0.995474 0.068915 -0.000000 0.866025 0.500000 -0.000000 0.707107 0.707106 -0.000000 0.500000 0.866025 -0.000000 0.258819 0.965926 -0.000000 0.000000 1.000000 -0.000000 0.000000 1.000000 -0.000000 0.258819 0.965926 -0.000000 -0.258819 0.965926 -0.000000 -0.258819 0.965926 -0.000000 -0.500001 0.866025 -0.000000 -0.500001 0.866025 -0.000000 -0.707107 0.707107 -0.000000 -0.707107 0.707107 -0.000000 -0.866025 0.500000 -0.000000 -0.866026 0.500000 -0.000000 -0.965926 0.258819 -0.000000 -0.965926 0.258819 0.000000 -1.000000 -0.000001 0.000000 -1.000000 -0.000000 0.000000 -0.965926 -0.258819 0.000000 -0.965926 -0.258819 0.000000 -0.866026 -0.500000 0.000000 -0.866026 -0.500000 0.000000 -0.707107 -0.707107 0.000000 -0.707107 -0.707107 
						0.000000 -0.499999 -0.866026 0.000000 -0.499999 -0.866026 0.000000 -0.258819 -0.965926 0.000000 -0.258819 -0.965926 0.000000 -0.000000 -1.000000 0.000000 -0.000000 -1.000000 0.000000 0.258819 -0.965926 0.000000 0.258819 -0.965926 0.000000 0.500000 -0.866025 0.000000 0.500000 -0.866025 0.000000 0.707107 -0.707107 0.000000 0.707107 -0.707107 0.000000 0.866026 -0.500000 0.000000 0.866026 -0.500000 0.000000 0.965926 -0.258819 0.000000 0.965926 -0.258819 -0.000000 1.000000 -0.000000 -0.000000 1.000000 -0.000000 0.000000 1.000000 -0.000000 -0.000000 0.965926 0.258819 -0.000000 0.965926 0.258819 0.000000 1.000000 -0.000000 -0.000000 0.866025 0.500000 -0.000000 0.866025 0.500000 -0.000000 0.707107 0.707107 -0.000000 0.707107 0.707107 -0.000000 0.500001 0.866025 -0.000000 0.500000 0.866025 -0.000000 0.258819 0.965926 -0.000000 0.000000 1.000000 -0.000000 0.500001 0.866025 -0.000000 0.707107 0.707106 -0.000000 0.866026 0.500000 -0.000000 0.965926 0.258819 0.000962 1.000000 0.000007 0.000000 0.965926 -0.258819 -0.000962 1.000000 -0.000007 0.000000 0.866025 -0.500000 0.000000 0.707107 -0.707107 0.000000 0.500000 -0.866025 0.000000 0.258819 -0.965926 0.000000 0.000000 -1.000000 0.000000 -0.258819 -0.965926 0.000000 -0.500000 -0.866026 0.000000 -0.707106 -0.707107 0.000000 -0.866025 -0.500000 0.000000 -0.965926 -0.258818 -0.000000 -1.000000 -0.000000 -0.000000 -0.965926 0.258819 -0.000000 -0.866026 0.499999 -0.000000 -0.707107 0.707107 -0.000000 -0.500000 0.866025 -0.000000 -0.258819 0.965926 -0.000000 0.258819 0.965926 -0.000000 0.000000 1.000000 0.000000 0.500000 0.866025 0.000000 0.707107 0.707106 0.000000 0.866026 0.500000 -0.000000 0.965926 0.258819 -0.031144 0.999484 0.007838 0.000000 0.965926 -0.258819 0.031144 0.999484 -0.007838 -0.000000 0.866025 -0.500000 -0.000000 0.707107 -0.707107 
						-0.000000 0.500000 -0.866025 0.000000 0.258819 -0.965926 0.000000 0.000000 -1.000000 -0.000000 -0.258819 -0.965926 -0.000000 -0.500000 -0.866026 0.000000 -0.707107 -0.707107 -0.000000 -0.866025 -0.500000 -0.000001 -0.965926 -0.258819 0.000000 -1.000000 -0.000000 0.000000 -0.965926 0.258818 0.000000 -0.866025 0.500000 -0.000000 -0.707107 0.707107 0.000000 -0.500000 0.866025 0.000000 -0.258820 0.965926 -0.000009 0.259057 0.965862 -0.000009 0.000246 1.000000 -0.000009 0.500213 0.865902 -0.000009 0.707281 0.706932 -0.000009 0.866149 0.499787 -0.000009 0.965990 0.258581 -0.036437 0.999278 0.010740 -0.000009 0.965862 -0.259056 0.036042 0.999288 -0.011117 -0.000009 0.865902 -0.500213 -0.000009 0.706933 -0.707281 -0.000009 0.499787 -0.866148 -0.000009 0.258582 -0.965989 -0.000009 -0.000246 -1.000000 -0.000009 -0.259056 -0.965862 -0.000009 -0.500213 -0.865903 -0.000009 -0.707281 -0.706933 -0.000009 -0.866148 -0.499787 -0.000010 -0.965989 -0.258582 -0.000009 -1.000000 0.000246 -0.000009 -0.965863 0.259055 -0.000009 -0.865903 0.500213 -0.000009 -0.706933 0.707281 -0.000009 -0.499788 0.866148 -0.000009 -0.258582 0.965989 0.000002 0.255791 0.966732 0.000019 -0.005065 0.999987 0.000002 0.497284 0.867588 0.000002 0.704887 0.709319 0.000002 0.864454 0.502711 -0.000012 0.965598 0.260041 0.014270 0.999876 0.006668 0.000002 0.966732 -0.255790 -0.014458 0.999890 0.003436 0.000002 0.867588 -0.497284 0.000002 0.709319 -0.704888 0.000002 0.502712 -0.864454 -0.000011 0.260042 -0.965597 0.000019 0.005065 -0.999987 0.000002 -0.255791 -0.966732 0.000002 -0.497283 -0.867588 0.000002 -0.704887 -0.709319 0.000002 -0.864454 -0.502712 -0.000011 -0.965597 -0.260042 0.000019 -0.999987 -0.005065 0.000002 -0.966732 0.255790 0.000002 -0.867588 0.497283 0.000002 -0.709319 0.704887 0.000002 -0.502712 0.864454 -0.000011 -0.260041 0.965597 
						0.307002 -0.026374 0.951343 0.271352 -0.045488 0.961405 0.218499 -0.051838 0.974459 0.152391 -0.044249 0.987329 0.078002 -0.025267 0.996633 0.324169 -0.000551 0.945999 -0.307001 -0.026379 0.951344 -0.271343 -0.045543 0.961405 -0.218498 -0.051842 0.974459 -0.152380 -0.044287 0.987329 -0.078003 -0.025264 0.996633 0.001532 0.000528 0.999999 0.077460 0.025191 0.996677 0.152877 0.044364 0.987249 0.218899 0.051916 0.974365 0.271650 0.045456 0.961322 0.305969 0.026476 0.951673 -0.000050 -0.255710 -0.966754 0.000149 -0.004564 -0.999990 -0.000454 0.002897 -0.999996 0.000363 -0.253786 -0.967260 0.000052 -0.500649 -0.865650 0.000104 -0.497931 -0.867217 0.000052 -0.707637 -0.706576 0.000104 -0.705417 -0.708793 0.000051 -0.866402 -0.499347 0.000103 -0.864830 -0.502065 0.000052 -0.966119 -0.258095 0.000444 -0.966335 -0.257288 0.000149 -0.999990 0.004564 -0.000453 -0.999996 -0.002898 0.000363 0.253786 0.967260 -0.000453 -0.002897 0.999996 0.000104 0.497932 0.867216 0.000104 0.705417 0.708792 0.000104 0.864830 0.502066 0.000442 0.966335 0.257286 0.060484 0.996809 0.052093 0.000363 0.967261 -0.253785 -0.061558 0.997022 -0.046454 0.000104 0.867216 -0.497932 0.000104 0.708792 -0.705417 0.000104 0.502066 -0.864829 0.000442 0.257287 -0.966335 0.000363 -0.967260 0.253786 0.000103 -0.867217 0.497931 0.000104 -0.708793 0.705417 0.000103 -0.502066 0.864829 0.000442 -0.257287 0.966335 -0.000049 0.966754 -0.255708 -0.038541 0.992333 -0.117431 0.000052 0.865649 -0.500651 0.000052 0.706575 -0.707638 0.000052 0.499349 -0.866401 0.000052 0.258094 -0.966120 -0.000049 -0.966754 0.255707 0.000051 -0.865649 0.500651 0.000052 -0.706576 0.707638 0.000052 -0.499350 0.866400 0.000052 -0.258094 0.966120 0.000149 0.004564 0.999990 -0.000049 0.255708 0.966754 0.000051 0.500653 0.865648 0.000052 0.707637 0.706576 
						0.000052 0.866401 0.499349 0.000052 0.966120 0.258093 0.039574 0.993086 0.110522 0.000000 -0.003221 -0.999995 -0.000001 0.011752 -0.999931 -0.000001 0.018246 -0.999834 -0.000000 -0.001786 -0.999998 0.000000 -0.005399 -0.999985 0.000000 0.003597 -0.999994 0.000000 -0.007728 -0.999970 0.000000 -0.004025 -0.999992 0.000000 -0.009561 -0.999954 0.000000 -0.008963 -0.999960 0.000000 -0.010369 -0.999946 0.000000 -0.009827 -0.999952 0.000000 -0.009904 -0.999951 0.000000 -0.006520 -0.999979 0.000000 -0.008215 -0.999966 0.000000 0.000069 -1.000000 0.000000 -0.005638 -0.999984 0.000000 0.008071 -0.999967 0.000000 -0.002713 -0.999996 -0.000001 0.015407 -0.999881 -0.000000 0.000168 -1.000000 -0.000001 0.020095 -0.999798 -0.000000 0.002543 -0.999997 0.000000 0.020890 -0.999782 0.000000 0.005170 -0.999987 0.000000 0.029809 -0.999556 0.000000 0.003431 -0.999994 -0.000000 0.023062 -0.999734 0.000000 -0.003964 -0.999992 0.000000 -0.000417 -1.000000 0.000000 -0.006989 -0.999976 0.000000 -0.003717 -0.999993 0.000000 -0.008865 -0.999961 0.000000 -0.008243 -0.999966 0.000000 -0.009825 -0.999952 0.000000 -0.009625 -0.999954 0.000000 -0.009593 -0.999954 0.000000 -0.006854 -0.999976 0.000000 -0.008231 -0.999966 0.000000 -0.000700 -1.000000 0.000000 -0.006065 -0.999982 0.000000 0.007186 -0.999974 0.000000 -0.003710 -0.999993 0.000000 0.014667 -0.999892 0.000000 -0.001823 -0.999998 -0.000000 0.019756 -0.999805 0.000000 -0.001201 -0.999999 0.000000 0.021095 -0.999777 0.000001 0.000015 -1.000000 0.000003 0.000010 -1.000000 0.000000 -0.000000 -1.000000 0.000004 -0.000009 -1.000000 0.000005 0.000007 -1.000000 0.000006 0.000008 -1.000000 0.000006 -0.000000 -1.000000 0.000006 0.000003 -1.000000 0.000005 0.000004 -1.000000 0.000004 -0.000006 -1.000000 0.000003 0.000017 -1.000000 0.000001 0.000004 -1.000000 -0.000000 -0.000023 -1.000000 
						-0.000001 -0.000007 -1.000000 -0.000003 0.000003 -1.000000 -0.000004 0.000006 -1.000000 -0.000005 -0.000004 -1.000000 -0.000006 -0.000003 -1.000000 -0.000006 -0.000000 -1.000000 -0.000006 -0.000009 -1.000000 -0.000005 -0.000007 -1.000000 -0.000004 0.000009 -1.000000 -0.000003 -0.000009 -1.000000 -0.000001 -0.000015 -1.000000 -0.000000 -0.000000 -1.000000 -0.433895 0.233187 -0.870264 -0.755287 0.327698 -0.567588 -0.002659 0.499999 -0.866022 0.016137 0.258786 -0.965800 -0.903307 0.303344 -0.303345 -0.013476 0.707044 -0.707042 -0.967111 0.220277 -0.127177 -0.021462 0.865827 -0.499884 -0.993511 0.109859 -0.029436 -0.032560 0.965414 -0.258681 -0.999912 -0.013244 0.000000 -0.246696 0.969093 -0.000000 -0.978296 -0.200151 -0.053630 -0.953072 -0.292427 -0.078355 -0.943217 -0.287673 -0.166088 -0.085392 -0.862863 -0.498172 -0.879169 -0.336943 -0.336944 -0.072801 -0.705231 -0.705230 -0.755773 -0.327416 -0.567103 -0.064771 -0.498949 -0.864207 -0.505827 -0.223266 -0.833242 -0.055192 -0.258424 -0.964454 -0.065524 -0.000001 -0.997851 -0.039415 0.000000 -0.999223 0.431446 0.233490 -0.871399 -0.016068 0.258785 -0.965801 0.754600 0.328092 -0.568273 0.002878 0.499997 -0.866022 0.903071 0.303697 -0.303696 0.013298 0.707045 -0.707044 0.967077 0.220389 -0.127241 0.020963 0.865836 -0.499889 0.993521 0.109774 -0.029414 0.032180 0.965426 -0.258685 0.999905 -0.013757 -0.000000 0.260319 0.965523 0.000000 0.978279 -0.200230 -0.053651 0.951617 -0.296816 -0.079531 0.943197 -0.287724 -0.166117 0.085728 -0.862838 -0.498158 0.879057 -0.337090 -0.337089 0.072987 -0.705222 -0.705220 0.755243 -0.327723 -0.567632 0.064489 -0.498959 -0.864223 0.504357 -0.223489 -0.834072 0.054830 -0.258430 -0.964473 0.062387 -0.000001 -0.998052 0.039172 -0.000001 -0.999232 0.000001 0.020653 -0.999787 0.000000 0.024121 -0.999709 0.000000 0.023830 -0.999716 0.000001 0.021973 -0.999759 
						0.000001 0.018437 -0.999830 0.000001 0.021102 -0.999777 0.000001 0.018248 -0.999834 0.000001 0.021421 -0.999771 0.000001 0.019763 -0.999805 0.000001 0.022762 -0.999741 0.000001 0.022579 -0.999745 0.000001 0.024876 -0.999691 0.000001 0.026283 -0.999655 0.000001 0.027286 -0.999628 0.000001 0.029760 -0.999557 0.000001 0.029233 -0.999573 0.000001 0.032209 -0.999481 0.000001 0.030387 -0.999538 0.000001 0.032957 -0.999457 0.000001 0.030483 -0.999535 0.000000 0.031896 -0.999491 0.000000 0.030412 -0.999537 0.000000 0.029797 -0.999556 0.000000 0.034456 -0.999406 -0.000000 0.029115 -0.999576 -0.000001 0.025089 -0.999685 -0.000001 0.018627 -0.999826 -0.000002 0.015586 -0.999879 -0.000002 0.019411 -0.999812 -0.000002 0.024364 -0.999703 -0.000002 0.018832 -0.999823 -0.000002 0.021837 -0.999762 -0.000002 0.019882 -0.999802 -0.000002 0.022720 -0.999742 -0.000002 0.022538 -0.999746 -0.000002 0.024697 -0.999695 -0.000002 0.025950 -0.999663 -0.000002 0.026849 -0.999640 -0.000002 0.029181 -0.999574 -0.000002 0.028648 -0.999590 -0.000002 0.031376 -0.999508 -0.000002 0.029676 -0.999560 -0.000001 0.031799 -0.999494 -0.000002 0.029462 -0.999566 -0.000001 0.030514 -0.999534 -0.000001 0.028123 -0.999604 -0.000000 0.027712 -0.999616 -0.000000 0.026088 -0.999660 -0.453837 0.430897 -0.779974 -0.217714 0.244809 -0.944812 -0.236667 0.242984 -0.940717 -0.493462 0.418950 -0.762218 -0.662820 0.511812 -0.546551 -0.713628 0.476292 -0.513694 -0.830507 0.466255 -0.304736 -0.876303 0.400029 -0.268459 -0.945500 0.303632 -0.117634 -0.971904 0.215359 -0.094994 -0.997270 0.063925 -0.036959 -0.999020 -0.024264 -0.037024 -0.977780 -0.190062 -0.088441 -0.960917 -0.255967 -0.105454 -0.884776 -0.386187 -0.260830 -0.862889 -0.420816 -0.279886 -0.726055 -0.466834 -0.504886 -0.712247 -0.477323 -0.514653 -0.518879 -0.410662 -0.749748 -0.517873 -0.411000 -0.750258 
						-0.283572 -0.238028 -0.928940 -0.288656 -0.237453 -0.927520 -0.038857 0.001440 -0.999244 -0.034220 0.001268 -0.999414 0.230756 0.243564 -0.942034 0.239670 0.242685 -0.940033 0.431653 0.437096 -0.789065 0.464648 0.427751 -0.775327 0.657242 0.515430 -0.549877 0.713280 0.476551 -0.513936 0.829474 0.467610 -0.305473 0.876218 0.400164 -0.268533 0.945347 0.304065 -0.117744 0.971864 0.215518 -0.095035 0.997271 0.063919 -0.036959 0.999017 -0.024359 -0.037024 0.977736 -0.190267 -0.088497 0.960848 -0.256198 -0.105515 0.884524 -0.386606 -0.261061 0.862614 -0.421229 -0.280113 0.725518 -0.467248 -0.505274 0.711720 -0.477715 -0.515017 0.517813 -0.411020 -0.750288 0.516875 -0.411334 -0.750762 0.280920 -0.238326 -0.929669 0.286599 -0.237688 -0.928098 0.031371 0.001162 -0.999507 0.030606 0.001134 -0.999531 -0.970018 0.000000 0.243033 -0.835951 0.482637 -0.261242 -0.839485 0.484677 -0.245669 -0.968126 -0.000000 0.250464 -0.344043 0.595900 -0.725629 -0.362198 0.627345 -0.689384 -0.000000 0.188056 -0.982158 -0.000000 0.260812 -0.965390 -0.174023 -0.301417 -0.937477 -0.144910 -0.250992 -0.957081 -0.659924 -0.381007 -0.647560 -0.644054 -0.371844 -0.668526 -0.975269 0.000000 -0.221021 -0.974170 0.000000 -0.225814 -0.840231 0.485107 0.242246 -0.842707 0.486537 0.230494 -0.368381 0.638055 0.676152 -0.382649 0.662768 0.643676 -0.000000 0.277071 0.960850 -0.000000 0.344162 0.938910 -0.129158 -0.223708 0.966061 -0.096212 -0.166643 0.981312 -0.624338 -0.360462 0.693015 -0.602477 -0.347841 0.718351 -0.946534 0.205774 0.248456 -0.970827 0.239781 0.000000 -0.910241 0.229806 0.344457 -0.970079 0.226851 0.086517 -0.959410 0.265433 -0.095281 -0.906023 0.244390 -0.345536 -0.919485 0.195630 -0.340993 -0.922083 0.297185 0.247877 -0.898057 0.276024 0.342497 -0.926964 0.276626 -0.253409 -0.953612 0.180005 -0.241294 -0.972638 0.217075 -0.082787 
						-0.957744 0.272272 0.092703 -0.967664 0.252241 0.000000 -0.972748 0.231864 0.000000 -0.971407 0.237419 0.000000 -0.966800 0.255534 0.000000 -0.975632 0.219413 -0.000000 -0.973758 0.227588 0.000000 -0.978972 0.203996 -0.000001 -0.978044 0.208399 -0.000000 -0.977778 0.209644 -0.000006 -0.978630 0.205631 -0.000005 -0.973773 0.227523 -0.000005 -0.974166 0.225832 -0.000005 -0.971816 0.235743 -0.000002 -0.970507 0.241072 -0.000002 -0.971673 0.236328 0.000000 -0.974193 0.225716 0.000002 -0.964576 0.263807 -0.000002 -0.968975 0.247159 -0.000000 -0.963634 0.267227 -0.000000 -0.965244 0.261351 -0.000000 -0.963797 0.266636 -0.000000 -0.963593 0.267374 -0.000000 -0.965010 0.262213 0.000000 -0.965033 0.262128 0.000000 -0.967902 -0.000002 0.251328 -0.836229 0.482797 -0.260055 -0.840852 0.485466 -0.239357 -0.966176 -0.000002 0.257882 -0.335824 0.581664 -0.740870 -0.359317 0.622356 -0.695388 0.000000 0.178533 -0.983934 0.000000 0.266624 -0.963801 -0.164291 -0.284561 -0.944475 -0.128851 -0.223176 -0.966224 -0.645373 -0.372606 -0.666827 -0.625552 -0.361163 -0.691554 -0.970549 0.000000 -0.240905 -0.969221 0.000000 -0.246193 -0.837428 0.483489 0.254858 -0.841637 0.485919 0.235645 -0.345025 0.597601 0.723762 -0.366136 0.634166 0.681012 -0.000000 0.226148 0.974093 -0.000000 0.309850 0.950786 -0.140920 -0.244080 0.959461 -0.103028 -0.178448 0.978541 -0.627433 -0.362249 0.689277 -0.603931 -0.348680 0.716722 -0.968680 0.210732 0.131340 -0.948716 0.281610 -0.143645 -0.876742 0.291893 -0.382259 -0.826418 0.227465 -0.515066 -0.849535 0.150786 -0.505524 -0.922309 0.136997 -0.361356 -0.971094 0.202574 -0.126253 -0.947576 0.287060 0.140346 -0.872900 0.314249 0.373219 -0.817780 0.267327 0.509679 -0.838155 0.189512 0.511450 -0.914501 0.160266 0.371486 -0.866026 0.500000 -0.000000 -1.000000 -0.000000 -0.000000 -1.000000 -0.000000 -0.000000 
						-0.866025 0.500001 -0.000000 -0.866025 -0.500001 0.000000 -0.866024 -0.500002 0.000000 -0.499999 -0.866026 0.000000 -0.499998 -0.866026 0.000000 -0.000000 -1.000000 0.000000 -0.000001 -1.000000 0.000000 0.500001 -0.866025 0.000000 0.500001 -0.866025 -0.000010 0.866026 -0.499999 0.000000 0.866026 -0.499998 -0.000010 1.000000 -0.000000 0.000000 1.000000 -0.000000 0.000000 0.866026 0.500000 -0.000000 0.866025 0.500001 -0.000000 0.500000 0.866025 -0.000000 0.500000 0.866025 0.000010 -0.000000 1.000000 -0.000000 0.000000 1.000000 0.000010 -0.500000 0.866025 -0.000000 -0.500000 0.866025 -0.000000 -0.500000 0.866025 -0.000000 -0.500000 0.866025 -0.000000 0.951078 0.294942 -0.091981 0.961247 0.273533 -0.034420 0.959619 0.281304 0.000000 0.950405 0.286265 -0.121582 0.951012 0.285054 -0.119670 0.955176 0.283188 -0.086274 0.963043 0.267508 -0.031440 0.960847 0.274911 0.034593 0.952475 0.290521 0.091587 0.951152 0.283807 0.121509 0.951942 0.281882 0.119788 0.956301 0.279251 0.086644 0.964829 0.260890 0.032274 0.940843 -0.000001 -0.338841 0.977071 -0.000001 -0.212914 0.981210 -0.000001 -0.192945 0.950624 -0.000001 -0.310346 0.998321 -0.000000 -0.057929 0.998876 -0.000000 -0.047392 0.249149 0.705666 0.663295 0.060063 0.170117 0.983592 0.159339 0.451298 0.878033 0.305658 0.865718 0.396366 -0.014350 0.040644 0.999071 0.139945 -0.396365 0.907364 0.065837 -0.186468 0.980253 -0.091329 0.258669 0.961639 0.859552 -0.000000 0.511048 0.947388 0.000000 0.320087 0.952528 0.000000 0.304452 0.878896 0.000000 0.477013 0.998438 -0.000000 0.055864 0.998055 -0.000000 0.062337 0.255690 0.724184 -0.640453 0.154326 0.437094 -0.886077 0.208728 0.591174 -0.779067 0.292262 0.827765 -0.478945 -0.061692 0.174728 -0.982682 0.179226 -0.507620 -0.842734 0.070669 -0.200155 -0.977212 -0.171440 0.485565 -0.857225 
						-0.793566 -0.608484 -0.000005 -0.709051 -0.705158 -0.000005 -0.851014 -0.525143 -0.000002 -0.889009 -0.457891 -0.000003 -0.891700 -0.452627 -0.000002 -0.889820 -0.456312 -0.000000 -0.884849 -0.465878 -0.000000 -0.882947 -0.469473 -0.000000 -0.817171 -0.576395 -0.000002 0.930411 0.366518 0.000854 0.967573 0.252590 0.000314 0.957223 0.289351 0.000304 0.930611 0.366008 0.000880 0.990871 0.134813 -0.000477 0.992124 0.125257 -0.000192 0.950635 0.310310 -0.001200 0.961599 0.274457 -0.001232 0.999993 0.003625 -0.001398 0.939048 0.343786 -0.000825 0.939382 0.342872 -0.000850 0.985127 0.171758 -0.004818 0.966302 0.257411 -0.000315 0.958145 0.286283 -0.000291 0.986124 0.166008 0.000442 0.987657 0.156630 0.000151 0.944462 0.328619 0.001199 0.956214 0.292665 0.001223 0.999438 0.033496 0.001349 0.984980 0.172602 0.004820 0.970341 -0.000000 -0.241740 0.979579 -0.000000 -0.201059 0.604333 -0.348913 -0.716269 0.526853 -0.304180 -0.793662 0.831502 0.480069 0.279532 0.831970 0.480339 0.277670 0.369093 0.639292 0.674594 0.355212 0.615248 0.703772 0.000000 0.344677 0.938721 0.000000 0.246826 0.969060 0.068056 -0.117876 0.990694 0.134207 -0.232453 0.963304 0.534307 -0.308481 0.786992 0.608941 -0.351570 0.711048 0.968532 0.000002 0.248889 0.977886 0.000002 0.209140 0.834310 0.481687 -0.268152 0.834672 0.481896 -0.266642 0.372478 0.645149 -0.667115 0.359333 0.622381 -0.695357 -0.000000 0.356091 -0.934451 -0.000000 0.260092 -0.965584 0.062001 -0.107389 -0.992282 0.128806 -0.223100 -0.966248 0.962683 0.194657 -0.188017 0.851103 0.119705 -0.511171 0.856582 0.108532 -0.504469 0.963925 0.191450 -0.184920 0.710013 0.179911 -0.680818 0.719624 0.155022 -0.676838 0.680413 0.324205 -0.657213 0.686637 0.297758 -0.663226 0.788544 0.401826 -0.465547 0.790685 0.386687 -0.474647 0.927417 0.333862 -0.168622 
						0.928328 0.328980 -0.173144 0.962745 0.194500 0.187864 0.963665 0.192127 0.185573 0.858107 0.105359 0.502545 0.862476 0.096083 0.496894 0.723211 0.145356 0.675157 0.731404 0.122324 0.670884 0.688467 0.289477 0.664993 0.694204 0.261656 0.670534 0.791046 0.383916 0.476293 0.793150 0.366262 0.486585 0.928800 0.326351 0.175572 0.929895 0.319953 0.181452 0.000000 -1.000000 -0.000002 0.000000 -1.000000 -0.000002 -0.000000 -1.000000 -0.000000 -0.000000 -1.000000 0.000000 -0.000000 -1.000000 0.000002 -0.000001 -1.000000 0.000002 0.000000 -1.000000 0.000002 -0.000000 -1.000000 0.000002 0.000000 -1.000000 0.000003 0.000000 -1.000000 0.000002 0.000000 -1.000000 -0.000003 0.000000 -1.000000 -0.000002 0.000000 -1.000000 0.000001 0.000000 -1.000000 0.000001 -0.000000 -1.000000 -0.000002 0.000001 -1.000000 -0.000000 0.000000 -1.000000 0.000002 0.000001 -1.000000 0.000002 -0.000000 -1.000000 -0.000002 -0.000001 -1.000000 -0.000005 -0.000000 -1.000000 0.000001 -0.000000 -1.000000 0.000002 0.000000 -1.000000 -0.000001 -0.000000 -1.000000 0.000000 0.000000 -1.000000 -0.000000 0.000000 -1.000000 -0.000000 0.000000 -1.000000 -0.000002 0.000001 -1.000000 -0.000002 0.000000 -1.000000 -0.000002 0.000000 -1.000000 -0.000002 -0.286693 -0.958022 -0.000002 0.000000 -1.000000 -0.000004 -0.361392 -0.932414 -0.000002 -0.613538 -0.789665 0.000000 -0.219878 -0.975527 -0.000001 0.000000 -1.000000 -0.000001 -0.277168 -0.960822 -0.000001 -0.481648 -0.876365 -0.000001 -0.430467 -0.000000 -0.902606 -0.043834 0.000000 -0.999039 -0.071889 0.000000 -0.997413 -0.430570 0.000000 -0.902557 0.346413 0.000000 -0.938082 0.319947 0.000000 -0.947435 0.671181 -0.000000 -0.741294 0.666279 -0.000000 -0.745703 0.445882 0.000000 -0.895092 0.474255 0.000000 -0.880387 0.000000 -0.000000 -1.000000 0.033894 0.000000 -0.999425 0.000000 -0.000000 -1.000000 
						0.000000 -0.000000 -1.000000 0.000000 -0.000000 -1.000000 0.000000 -0.000000 -1.000000 0.036055 0.000000 -0.999350 0.479009 0.000000 -0.877810 0.455622 -0.000000 -0.890173 0.000000 -0.000000 -1.000000 0.668964 -0.000000 -0.743295 0.669984 -0.000000 -0.742375 0.323435 0.000000 -0.946250 0.349570 -0.000000 -0.936910 -0.056108 0.000000 -0.998425 -0.056324 -0.000000 -0.998413 -0.043623 -0.000000 0.999048 0.346744 0.000000 0.937960 0.320320 0.000000 0.947309 -0.071749 -0.000000 0.997423 0.672979 -0.000000 0.739661 0.666687 0.000000 0.745338 0.482137 -0.000000 0.876096 0.508413 -0.000000 0.861113 -0.000000 -0.000000 1.000000 0.033185 -0.000000 0.999449 -0.000000 -0.000004 1.000000 -0.000000 -0.000004 1.000000 -0.000000 -0.000004 1.000000 -0.000000 -0.000004 1.000000 0.035305 -0.000000 0.999377 0.512413 0.000000 0.858739 0.491484 0.000000 0.870887 -0.000000 -0.000000 1.000000 0.669395 -0.000000 0.742907 0.671979 0.000000 0.740571 0.323695 0.000000 0.946162 0.349748 0.000000 0.936844 -0.067834 -0.000000 0.997697 -0.040070 -0.000000 0.999197 -0.441891 0.000000 0.897069 -0.416761 0.000000 0.909016 -0.742739 -0.000000 0.669581 -0.723764 -0.000000 0.690048 -0.936072 0.000000 0.351809 -0.925850 -0.000000 0.377892 -0.999919 0.000003 -0.012710 -0.999882 0.000003 0.015389 -0.926869 0.000000 -0.375386 -0.937070 0.000000 -0.349142 -0.734095 -0.000000 -0.679047 -0.734215 -0.000000 -0.678917 -0.000000 -1.000000 -0.000000 0.000000 -1.000000 -0.000000 -0.000000 -1.000000 -0.000000 -0.000001 -1.000000 -0.000000 -0.000000 -1.000000 -0.000000 -0.000001 -1.000000 -0.000001 -0.000000 -1.000000 -0.000000 0.000000 -1.000000 -0.000001 0.000000 -1.000000 -0.000003 0.000000 -1.000000 -0.000004 -0.000000 -1.000000 -0.000003 -0.000000 -1.000000 -0.000003 -0.000000 -1.000000 -0.000003 -0.000000 -1.000000 -0.000002 -0.000000 -1.000000 0.000001 
						-0.000000 -1.000000 0.000002 -0.000000 -1.000000 0.000003 -0.000000 -1.000000 0.000002 0.000000 -1.000000 0.000001 0.000000 -1.000000 0.000001 0.000000 -1.000000 0.000001 0.000000 -1.000000 0.000001 0.000000 -1.000000 0.000001 -0.000000 -1.000000 0.000001 -0.000000 -1.000000 0.000001 -0.000000 -1.000000 0.000001 -0.000000 -1.000000 0.000000 -0.000000 -1.000000 0.000000 -0.000000 -1.000000 0.000000 -0.000000 -1.000000 0.000000 0.000000 -1.000000 -0.000001 -0.000000 -1.000000 0.000000 0.000000 -1.000000 -0.000001 0.000000 -1.000000 -0.000001 0.000000 -1.000000 -0.000000 -0.000000 -1.000000 -0.000000 -0.000000 -1.000000 -0.000001 -0.000000 -1.000000 -0.000000 -0.419449 -0.000000 -0.907779 -0.444840 -0.000000 -0.895610 -0.725679 -0.000000 -0.688033 -0.744774 -0.000000 -0.667317 -0.926864 0.000000 -0.375397 -0.937066 0.000000 -0.349152 -1.000000 0.000003 -0.000375 -1.000000 0.000003 -0.000374 -0.927140 0.000000 0.374715 -0.937323 0.000000 0.348462 -0.726062 -0.000000 0.687629 -0.745147 -0.000000 0.666901 -0.419699 0.000000 0.907663 -0.445046 0.000000 0.895508 
					</float_array>
					<technique_common>
						<accessor count="5477" offset="0" source="#meshId0-tangents-array" stride="3">
							<param name="X" type="float" />
							<param name="Y" type="float" />
							<param name="Z" type="float" />
						</accessor>
					</technique_common>
				</source>
				<source id="meshId0-bitangents" name="meshId0-bitangents">
					<float_array id="meshId0-bitangents-array" count="16431"> 
						0.120278 0.982731 -0.140617 0.159662 0.959402 -0.232498 0.168492 0.947667 -0.271178 0.280057 0.825276 -0.490395 0.999999 0.000077 -0.001675 0.999742 0.013153 -0.018526 0.997749 0.044776 -0.049913 0.998410 0.054458 -0.014588 0.278716 0.866057 -0.415046 0.999767 0.021574 -0.000139 0.125680 0.978275 -0.164870 0.821837 0.569105 0.026518 0.661906 0.748388 0.042365 0.619053 0.780883 0.083637 0.792368 0.607468 0.055997 0.088609 0.995539 0.032400 0.114685 0.984575 -0.132137 0.212784 0.779789 -0.588772 0.123347 0.894074 -0.430601 0.999996 0.000822 0.002515 0.999998 -0.000001 -0.002085 -0.013063 0.999886 0.007516 0.220207 0.974388 0.045563 0.256446 0.960026 0.112189 0.278178 0.829827 -0.483740 0.999996 0.000014 -0.002830 0.996999 0.013190 -0.076278 0.999998 -0.000001 -0.002085 0.823376 0.567470 0.005447 0.671447 0.741014 0.007611 0.999999 0.000128 -0.001633 -0.025662 0.999537 -0.016336 0.188719 0.981354 -0.036448 0.217421 0.975686 -0.027657 -0.036196 0.999262 -0.012880 0.030850 0.986761 0.159221 -0.036440 0.963901 0.263757 0.000874 0.479757 -0.877401 -0.000495 0.789045 -0.614336 0.999978 -0.000824 -0.006587 0.997264 -0.013048 0.072765 0.989034 0.147426 -0.008753 0.856166 0.516698 -0.001436 0.486571 0.873639 -0.001636 0.249413 0.968346 0.009961 0.998458 -0.054366 0.011254 0.999767 -0.021339 -0.003120 0.999801 -0.012898 0.015214 -0.995050 -0.002883 0.099338 -0.999994 -0.003599 0.000001 -0.726526 -0.003358 0.687131 -0.944051 -0.002659 0.329788 0.040508 0.998931 -0.022275 -0.889188 -0.451944 -0.071359 -0.610118 -0.775952 -0.160173 -0.894416 -0.439359 -0.083572 0.992153 0.010209 -0.124609 0.999991 0.000021 -0.004235 0.999575 0.002028 0.029077 0.999865 -0.015307 0.005993 0.999846 -0.000044 -0.017535 0.249826 0.968289 -0.001920 0.013881 0.999749 -0.017569 0.002517 0.999900 -0.013946 
						0.249382 0.968225 -0.018692 0.997926 -0.044367 0.046641 0.823350 -0.567463 -0.009035 0.821937 -0.568795 -0.029854 0.661967 -0.748143 -0.045622 0.671361 -0.741049 -0.010974 -0.222974 0.779482 -0.585397 -0.123712 0.894776 -0.429035 -0.999205 -0.002535 0.039787 -0.999997 -0.002478 -0.000000 -0.999000 -0.002454 0.044637 -0.999997 -0.002420 -0.000000 -0.999940 -0.002427 0.010666 -0.998260 -0.002466 0.058909 -0.039150 -0.961096 -0.273425 -0.384384 -0.894423 -0.228598 -0.610118 -0.775952 -0.160173 -0.142561 -0.964874 -0.220670 -0.998688 0.023633 -0.045433 -0.819950 -0.553551 -0.145815 -0.894416 -0.439359 -0.083572 0.688250 0.382770 0.616278 0.076115 0.990456 0.114902 0.032033 0.997333 0.065582 0.026355 0.998084 0.055985 0.047186 0.996324 0.071503 -0.017258 0.988023 0.153340 0.033492 0.997530 0.061748 -0.041976 0.964540 0.260577 -0.069551 0.927665 0.366879 0.662289 -0.715993 -0.220744 0.622992 -0.771973 -0.126249 0.724847 -0.605038 -0.329432 0.717987 -0.555819 -0.418999 0.989058 -0.147447 0.004915 0.486548 -0.873652 -0.001522 0.856325 -0.516433 -0.001972 0.992529 -0.010070 0.121590 0.999896 0.000086 0.014454 0.999836 0.015464 -0.009453 0.999467 -0.001937 -0.032583 0.993067 0.056355 -0.103163 0.999868 -0.014757 0.006847 0.983723 0.084341 -0.158670 0.947473 0.132383 -0.291153 0.612170 0.789962 0.034761 0.496141 0.856511 0.142245 0.475516 0.861855 0.176327 0.606472 0.788420 0.102887 0.249762 0.968042 -0.022645 0.000001 0.999715 -0.023872 0.000000 0.999992 -0.004091 0.000000 0.999484 -0.032125 0.000008 0.999710 -0.024065 -0.155186 0.959748 -0.234096 -0.168448 0.947670 -0.271195 -0.114167 0.982924 -0.144314 -0.280148 0.825281 -0.490335 0.620390 -0.779507 -0.086513 0.793772 -0.605372 -0.058747 0.213789 -0.975661 -0.048795 0.249288 -0.968343 -0.012949 0.000000 0.999969 0.007900 -0.000000 0.999969 0.007899 
						-0.000000 0.999969 0.007898 -0.000000 0.999969 0.007899 0.041679 0.999045 -0.013121 -0.994174 -0.004001 0.107710 -0.994882 -0.038093 0.093590 -0.995767 -0.049895 0.077189 -0.995165 -0.021639 0.095808 -0.000000 1.000000 0.000005 -0.000000 1.000000 0.000157 0.000000 1.000000 -0.000069 0.000000 1.000000 -0.000016 -0.000000 1.000000 0.000000 -0.000000 1.000000 0.000000 -0.000000 1.000000 0.000001 -0.961428 0.174963 0.212238 -0.988083 -0.046623 0.146690 -0.987659 -0.013091 0.156072 -0.954141 0.202079 0.220859 -0.000000 0.999969 0.007897 -0.000000 0.999969 0.007897 0.339346 -0.904907 -0.256879 0.347305 -0.893034 -0.286130 -0.998791 0.008554 -0.048410 -0.998688 0.023633 -0.045433 -0.407399 0.628587 0.662499 -0.225845 0.876268 0.425615 -0.064602 0.899299 0.432537 -0.169574 0.856457 0.487571 -0.852742 0.522180 -0.012667 -0.884011 0.467291 -0.012780 0.587557 -0.805468 -0.077446 0.608260 -0.782703 -0.131893 0.724894 0.607023 0.325657 0.622935 0.772632 0.122439 0.662261 0.717208 0.216848 0.718335 0.558325 0.415053 0.654080 0.745141 0.130172 0.641552 0.720085 0.264365 0.861362 0.507203 -0.028297 0.863160 0.504073 -0.029431 0.791862 0.610255 -0.023297 0.790476 0.612049 -0.023312 0.170989 0.981738 -0.083382 0.178845 0.977145 -0.114897 0.165139 0.986033 -0.021616 0.202431 0.979214 0.012690 0.300473 0.952147 -0.055973 0.366881 0.930205 0.010818 0.793671 0.571728 -0.207880 0.768635 0.576995 -0.276182 0.841085 0.518826 -0.152955 0.861754 0.499480 -0.088876 -0.278741 0.866062 -0.415018 0.251090 -0.961013 -0.115796 0.249820 -0.968292 -0.000849 0.209410 -0.976766 0.045570 0.002418 -0.999674 0.025437 0.013904 -0.999134 0.039212 0.249097 -0.967396 0.045789 -0.348785 0.853819 -0.386449 -0.122197 0.984465 -0.126082 0.041683 0.999045 -0.013100 -0.993299 0.041150 0.107999 -0.994134 -0.000033 0.108158 
						-0.993523 -0.002652 0.113602 -0.999927 -0.002530 0.011826 -0.966793 -0.002805 0.255546 -0.649548 -0.004444 0.760307 0.355821 -0.874279 -0.330192 -0.006185 -0.946677 -0.322126 -0.341835 -0.895593 -0.284713 -0.801811 -0.565977 -0.191754 0.614334 -0.723943 -0.313848 0.652270 -0.688426 -0.317196 -0.030913 0.999486 -0.008441 -0.027873 0.999561 -0.010031 -0.039190 0.999230 0.001798 -0.058205 0.998011 0.024196 -0.963358 0.192239 0.187046 -0.992478 -0.037083 0.116672 -0.992072 -0.006417 0.125510 -0.956454 0.216963 0.195251 -0.025026 0.999676 -0.004557 -0.025008 0.999678 -0.004286 -0.032448 0.999470 0.002521 -0.029727 0.999558 -0.000881 -0.967296 0.203241 0.151760 -0.996400 -0.025679 0.080796 -0.996015 0.002181 0.089162 -0.961091 0.225847 0.159053 -0.028459 0.999595 0.000819 -0.027149 0.999630 -0.001606 -0.017233 0.999834 -0.005973 -0.025347 0.999677 -0.001741 -0.967911 0.212777 0.133697 -0.997985 -0.019221 0.060478 -0.997688 0.004582 0.067808 -0.962510 0.232296 0.140045 -0.019428 0.978013 0.207636 -0.008815 0.973279 0.229455 -0.018492 0.976344 0.215430 -0.027049 0.970194 0.240815 -0.116879 0.796957 0.592621 -0.072000 0.760241 0.645639 -0.126588 0.899654 0.417851 -0.583839 0.808273 0.076335 -0.819051 0.571461 0.050874 -0.884011 0.467291 -0.012780 0.760255 0.649273 -0.021383 0.944776 0.327512 -0.011597 0.943798 0.327489 -0.044687 0.872349 0.486933 -0.043637 0.959939 0.274167 -0.057876 0.732102 0.680281 -0.035290 0.661953 0.749280 -0.019949 0.984432 -0.081705 0.155622 0.999798 0.017667 -0.009565 0.993521 -0.053618 0.100201 0.948765 -0.130021 0.287994 0.608150 0.783363 0.128435 0.587510 0.805845 0.073801 0.315284 0.948975 -0.006537 0.315225 0.948798 -0.020370 0.006227 0.999921 -0.010929 -0.000078 0.999961 -0.008805 -0.000274 0.999962 -0.008736 0.041399 0.999092 -0.010069 0.002009 0.999193 0.040110 
						0.315124 0.948495 0.032474 0.315183 0.948670 0.026186 0.000933 0.999917 -0.012859 0.001236 0.999554 0.029851 -0.055518 0.998404 0.010343 -0.122607 0.979363 -0.160675 0.477946 -0.860044 -0.178586 0.498534 -0.854760 -0.144393 0.614521 -0.787997 -0.037753 0.608525 -0.786428 -0.105958 -0.000747 -0.999235 0.039092 0.000000 -0.974874 -0.222756 0.249572 -0.967026 0.050740 -0.004375 -0.997501 0.070512 -0.018913 -0.997649 0.065870 0.041682 0.999031 -0.014128 -0.994417 0.073508 0.075703 -0.995075 0.038166 0.091485 0.590123 -0.736138 -0.331445 -0.998067 0.012425 -0.060887 -0.176359 0.434256 0.883357 -0.176517 0.214550 0.960630 -0.177180 0.253666 0.950926 0.904929 -0.226809 -0.360084 0.925470 -0.082677 -0.369689 0.948691 -0.008924 -0.316079 0.898404 -0.300237 -0.320513 0.031266 0.999423 -0.013239 0.028985 0.999508 -0.012003 -0.997382 -0.011704 0.071354 -0.999907 -0.013633 0.000001 -0.702280 -0.014380 0.711756 -0.944483 -0.011229 0.328368 0.000000 -0.017180 0.999852 0.000000 -0.017182 0.999852 0.000000 -0.017181 0.999852 0.000001 -0.017178 0.999853 -0.997061 -0.010898 0.075830 -0.999863 -0.010600 0.012711 -0.960481 -0.011648 0.278102 -0.649453 -0.017526 0.760199 -0.999043 0.008558 0.042884 -0.999964 0.008540 0.000001 -0.959199 0.008950 0.282590 -0.663197 0.012952 0.748332 -0.690577 0.011615 0.723166 -0.945438 0.008961 0.325679 -0.998790 0.008973 0.048346 -0.999951 0.009889 0.000001 -0.000000 0.999970 -0.007798 -0.000000 0.999970 -0.007798 -0.000000 0.999970 -0.007799 -0.000000 0.999970 -0.007798 -0.999800 -0.011734 0.016209 -0.999926 -0.012178 0.000001 -0.700489 -0.015419 0.713497 -0.952410 -0.011690 0.304598 -0.999835 -0.011346 0.014181 -0.999933 -0.011595 0.000048 -0.956929 -0.010469 0.290133 -0.725076 -0.015261 0.688500 0.000000 0.999959 0.009061 0.000000 0.999959 0.009060 -0.000000 0.999959 0.009061 
						0.000000 0.999959 0.009063 -0.129084 0.991632 -0.001677 -0.114803 0.993355 -0.008169 -0.175150 0.983516 0.044922 -0.146239 0.989091 0.017690 -0.994864 0.071245 0.071903 -0.998978 -0.014746 0.042734 -0.998935 -0.005650 0.045801 -0.994006 0.079733 0.074803 -0.163052 0.985834 -0.039314 -0.174426 0.983919 -0.038462 -0.047777 0.998241 -0.035110 -0.047234 0.998200 -0.036944 -0.058160 0.997891 -0.028826 -0.171778 0.984751 -0.027526 -0.127808 0.991488 0.024820 -0.058008 0.998013 -0.024611 0.042759 0.746014 0.664556 -0.054510 0.998492 0.006451 0.000036 0.885501 0.464638 -0.000638 0.912828 0.408344 -0.000024 0.752287 0.658836 -0.075187 0.943698 0.322152 -0.378166 0.916106 0.133191 -0.583839 0.808273 0.076335 0.999993 0.002384 -0.003026 0.999992 0.002485 -0.003154 0.993999 -0.108828 -0.011026 0.989392 -0.145049 0.008004 0.972546 -0.230501 -0.031988 0.960458 -0.276676 0.031178 0.644334 -0.747423 -0.161844 0.644619 -0.729965 -0.227197 0.655859 -0.743008 -0.133370 0.642715 -0.717943 -0.267349 0.943976 -0.327512 0.040574 0.944824 -0.327491 0.007600 0.759973 -0.649711 0.017792 0.872452 -0.487090 0.039638 0.661792 -0.749525 0.015621 0.732234 -0.680418 0.029413 0.960063 -0.274224 0.055504 0.314593 0.947386 -0.059091 0.732279 0.677840 -0.065578 -0.000119 0.999897 -0.014358 0.041677 0.998927 -0.020202 0.040260 0.999090 -0.014104 0.041504 0.999116 -0.006760 0.041681 0.999051 -0.012654 -0.002726 0.999724 -0.023333 -0.001756 0.999819 -0.018960 0.002007 0.998386 -0.056757 0.000553 0.999950 0.009958 0.007820 0.999949 -0.006458 0.001221 0.999970 0.007593 0.315096 0.948936 0.015330 -0.001389 0.998396 -0.056605 -0.000882 0.999390 -0.034923 0.005978 0.999981 -0.001190 0.826489 -0.521439 0.212173 0.763509 -0.577826 0.288395 0.761774 -0.578691 0.291234 0.846788 -0.502268 0.175150 0.337079 -0.941244 0.020932 
						0.183183 -0.983061 0.005889 0.235544 -0.970963 -0.041835 0.425795 -0.902110 -0.069981 0.178007 -0.977225 0.115516 0.176298 -0.981147 0.079181 0.041671 -0.998859 0.023333 0.773205 -0.631435 0.058693 0.861832 -0.503403 0.061895 0.859869 -0.506825 0.061266 0.771453 -0.633570 0.058731 -0.050660 0.998715 0.001274 -0.999089 -0.002526 0.042599 -0.999997 -0.002467 -0.000000 0.040271 0.999053 -0.016494 0.041373 0.999058 -0.013056 0.041682 0.999027 -0.014382 -0.995414 0.078016 0.055353 -0.996029 0.049674 0.073886 -0.998875 -0.002443 0.047350 -0.998046 -0.002455 0.062431 -0.999934 -0.002414 0.011244 -0.999997 -0.002406 -0.000000 0.368735 -0.831761 -0.414980 0.008496 -0.899891 -0.436032 0.579682 -0.718511 -0.384331 -0.333307 -0.860293 -0.385749 -0.802653 0.591995 0.072732 -0.783532 -0.562851 -0.263204 0.971823 0.026886 -0.234172 0.911595 -0.296047 -0.285221 -0.998895 -0.010625 0.045777 -0.999946 -0.010359 -0.000000 0.028611 0.999566 -0.007078 0.030886 0.999480 -0.009247 0.026988 0.999595 -0.008974 0.030356 0.999512 -0.007328 -0.996416 -0.010894 0.083882 -0.999548 -0.011210 0.027883 -0.046175 0.998793 -0.016721 -0.021027 0.999702 -0.012381 -0.999982 -0.003874 0.004680 -0.999992 -0.003914 -0.000000 -0.729389 -0.005054 0.684080 -0.954872 -0.003940 0.296991 -0.997802 -0.003739 0.066167 -0.999993 -0.003855 -0.000000 -0.999635 -0.003806 0.026747 -0.995973 -0.003702 0.089573 0.000000 0.999999 0.001325 0.000000 0.999999 0.001331 -0.000000 0.999999 0.001320 -0.045773 0.998787 -0.018180 -0.041956 0.999110 -0.004377 -0.050554 0.998655 -0.011485 -0.998986 -0.024632 0.037682 -0.998970 -0.025842 0.037300 -0.999059 -0.014026 0.041032 -0.999060 -0.012806 0.041418 -0.046250 0.998465 -0.030464 -0.046358 0.998342 -0.034128 -0.999049 -0.023493 0.036741 -0.999115 -0.012738 0.040077 -0.999114 -0.013864 0.039727 -0.999034 -0.024628 0.036389 
						-0.095158 0.424307 0.900504 -0.000048 0.421132 0.906999 -0.161442 0.434143 0.886260 -0.006379 0.999844 0.016474 0.030272 0.998823 0.037911 -0.105814 0.993962 0.029045 -0.204247 0.978527 0.027715 -0.286170 0.446498 0.847789 -0.027867 0.983186 0.180466 -0.110739 0.983555 0.142674 -0.341249 0.925684 0.163270 0.993834 0.110525 0.008851 0.989125 0.146728 -0.010176 0.959347 0.277081 -0.053666 0.999878 0.000000 -0.015594 0.999988 -0.000000 -0.004960 0.999920 -0.000000 -0.012646 0.997426 -0.013106 -0.070493 0.959839 0.278519 -0.033704 0.972227 0.232135 0.029819 0.644495 0.731063 0.223995 0.644126 0.748309 0.158541 0.731228 0.676898 -0.084354 0.313659 0.946233 -0.079126 -0.006486 0.999957 -0.006578 -0.042122 0.999088 -0.007057 0.041677 0.999045 -0.013086 0.041674 0.998979 -0.017451 -0.997146 0.009907 0.074842 -0.997863 -0.024520 0.060566 -0.998347 -0.030951 0.048429 -0.997741 -0.002616 0.067125 0.031273 0.999466 -0.009456 0.033486 0.999375 -0.011347 -0.996033 0.066482 0.059147 -0.996849 0.068244 0.040438 -0.997460 0.039873 0.059026 -0.996700 0.031322 0.074893 -0.000089 0.999966 -0.008277 0.665621 0.746050 0.018930 0.664131 0.744958 0.062994 0.664158 0.744989 0.062335 0.665805 0.746076 0.008624 0.002644 0.999588 -0.028581 0.314634 0.949173 0.008680 0.000386 0.999776 -0.021174 0.665816 0.745596 -0.027849 0.665797 0.745621 -0.027637 0.666747 0.743906 -0.045302 0.666777 0.743872 -0.045417 0.052173 0.966200 0.252460 -0.006653 0.989759 0.142592 0.001234 -0.999258 -0.038505 0.315044 -0.948254 -0.039523 0.314898 -0.947814 -0.049872 0.002009 -0.999396 -0.034682 0.000927 -0.999430 0.033733 0.315290 -0.948993 0.001948 0.315263 -0.948911 0.013305 0.995043 0.004675 0.099338 0.999992 0.004018 0.000000 0.999200 0.004110 0.039788 0.944045 0.004312 0.329788 0.999935 0.003936 0.010666 
						0.999992 0.003923 0.000000 0.998995 0.003979 0.044637 0.998255 0.003999 0.058909 0.996079 -0.048002 0.074313 0.995117 -0.037135 0.091445 0.994421 -0.003121 0.105440 0.995477 -0.019724 0.092927 0.041676 -0.998860 0.023289 -0.000554 -0.999662 0.026000 -0.000175 -0.999690 0.024907 0.005970 -0.999288 0.037243 0.040404 -0.997926 0.050113 -0.995345 0.000484 0.096377 -0.996043 -0.034008 0.082108 -0.996598 -0.044672 0.069262 -0.995991 -0.016407 0.087937 0.031662 0.999421 -0.012446 0.033859 0.999334 -0.013593 0.969007 0.028546 -0.245379 0.916585 -0.268041 -0.296693 0.005295 -0.780509 -0.625123 -0.316044 -0.786809 -0.530139 -0.997174 0.020575 -0.072249 0.060046 0.899300 0.433191 0.135715 0.855182 0.500245 0.927570 0.216879 0.304266 0.921334 0.305058 0.241003 0.970816 0.007072 0.239723 0.946918 0.069951 0.313773 0.933860 0.318159 0.163345 0.992903 -0.013564 0.118147 -0.000000 -0.017188 0.999852 -0.000000 -0.017190 0.999852 -0.998752 -0.010592 0.048804 -0.999947 -0.010316 -0.000000 -0.998613 0.008423 0.051967 -0.999967 0.008189 -0.000000 -0.999600 0.008412 0.026990 -0.996813 0.008182 0.079350 0.000000 0.999970 -0.007797 0.000000 0.999970 -0.007797 0.000000 0.999959 0.009060 -0.000000 0.999959 0.009060 -0.999526 -0.011416 0.028588 -0.996106 -0.010605 0.087526 -0.996052 -0.003680 0.088695 -0.999610 -0.003786 0.027651 -0.997616 -0.008723 0.068453 -0.995835 -0.008647 0.090767 -0.999635 -0.008881 0.025534 -0.999960 -0.008982 -0.000000 -0.997192 -0.004557 0.074754 -0.999989 -0.004665 -0.000000 -0.999792 -0.004634 0.019865 -0.995791 -0.004537 0.091543 -0.998951 -0.023596 0.039241 -0.999011 -0.013469 0.042379 -0.999010 -0.014535 0.042049 -0.998938 -0.024670 0.038908 -0.997472 -0.008759 0.070525 -0.999960 -0.009001 -0.000001 -0.999684 -0.008915 0.023492 -0.995826 -0.008697 0.090856 0.000000 1.000000 -0.000000 
						0.000000 1.000000 -0.000000 0.000000 1.000000 -0.000000 0.000000 1.000000 -0.000000 -0.997358 -0.004537 0.072500 -0.995796 -0.004510 0.091487 -0.999744 -0.004617 0.022131 -0.999989 -0.004656 -0.000000 -0.000000 0.011192 0.999937 -0.000000 0.011192 0.999937 -0.000000 0.011192 0.999937 -0.000000 0.011192 0.999937 0.071859 0.760241 0.645655 0.095006 0.424308 0.900520 -0.348919 0.723255 0.595951 -0.002952 0.979988 0.199034 0.999921 -0.000000 0.012555 0.959888 -0.277237 0.041886 0.999999 0.000000 0.001118 0.958105 0.276603 -0.074333 0.997619 0.013075 0.067716 0.001678 0.999992 0.003549 0.002431 0.999959 0.008709 -0.994926 0.041664 0.091580 -0.995762 0.000335 0.091963 0.041682 0.999016 -0.015173 -0.996433 0.041005 0.073753 -0.997267 0.000076 0.073876 -0.998252 0.008097 0.058550 -0.999968 0.007947 -0.000000 -0.999879 0.007979 0.013341 -0.997118 0.008145 0.075431 -0.000000 1.000000 0.000016 0.000000 1.000000 -0.000089 0.000000 1.000000 0.000052 -0.000000 1.000000 0.000012 0.000000 1.000000 0.000006 0.000000 1.000000 -0.000006 0.000000 1.000000 -0.000004 -0.994243 -0.010190 0.106660 -0.991999 -0.010247 0.125830 -0.998263 -0.010056 0.058056 -0.999010 -0.010019 0.043352 -0.004753 0.999966 -0.006776 0.089279 0.987751 0.127975 0.084594 0.989005 0.121298 -0.004741 0.999966 -0.006759 0.146854 0.987229 -0.061742 0.000013 0.999076 -0.042976 0.229507 0.972796 0.031537 0.228201 0.973397 0.020577 -0.000000 0.999730 0.023243 0.000000 0.999821 -0.018920 0.000183 0.999985 0.005400 -0.000276 0.999801 0.019960 -0.000835 0.999909 -0.013472 0.000115 0.999997 -0.002423 -0.000223 0.999875 -0.015809 -0.000851 0.999406 -0.034455 0.726519 0.005444 0.687125 0.999983 0.005837 0.000000 -0.002029 -0.999031 0.043958 -0.001040 -0.998392 0.056677 -0.001585 -0.995317 0.096652 -0.003055 -0.998576 0.053263 
						0.002005 -0.996629 0.082013 0.000537 -0.999996 -0.002620 0.007788 -0.999959 0.004670 0.001012 -0.999831 -0.018332 0.315208 -0.948748 -0.022837 0.314866 -0.947717 0.051876 0.732603 -0.678140 0.058472 -0.000000 -0.999979 -0.006509 -0.000000 -0.999979 -0.006508 -0.000000 -0.999979 -0.006508 0.000000 -0.999979 -0.006509 0.000000 0.002854 -0.999996 0.000000 0.002763 -0.999996 0.000000 0.002771 -0.999996 0.000000 0.002829 -0.999996 0.000000 0.002828 -0.999996 0.000000 0.002826 -0.999996 0.000000 0.002787 -0.999996 0.994134 0.000056 0.108160 0.993298 0.041067 0.108039 0.041673 -0.998807 0.025459 0.041675 -0.998907 0.021164 0.040102 -0.999011 0.019224 0.040899 -0.998799 0.026978 0.041675 -0.998914 0.020854 -0.000119 -0.999833 0.018248 0.363883 0.909428 0.201320 0.377548 0.905884 0.191913 -0.994571 -0.010237 0.103556 -0.999019 -0.010075 0.043115 -0.998309 -0.010110 0.057236 -0.992486 -0.010291 0.121928 0.341175 -0.724137 -0.599354 0.593340 -0.674259 -0.439684 0.757054 -0.425086 -0.496156 -0.783910 -0.531593 -0.320771 -0.785978 0.606859 0.118159 0.175207 0.434591 0.883421 0.176015 0.254158 0.951011 0.175345 0.214553 0.960844 -0.000000 0.999999 0.001332 0.000000 0.999999 0.001332 -0.996992 -0.007793 0.077114 -0.995679 -0.007765 0.092537 -0.999796 -0.007920 0.018561 -0.999968 -0.007965 -0.000000 -0.996547 -0.007825 0.082657 -0.999968 -0.007979 -0.000000 -0.999828 -0.007944 0.016770 -0.995330 -0.007805 0.096210 0.999883 0.006453 0.013898 0.999124 -0.036191 0.021012 0.999894 0.001392 0.014467 0.997250 -0.073508 0.009475 0.117302 -0.985283 0.124332 0.662426 -0.745274 0.075881 0.711325 -0.696591 0.093689 0.280535 -0.943565 0.176025 0.984213 -0.176412 0.014248 0.974223 -0.225577 0.002208 0.365464 0.906480 0.211496 -0.334844 0.910974 0.240842 0.011261 0.958514 0.284823 0.958104 -0.276602 0.074355 
						-0.013977 0.999872 0.007839 -0.041914 0.998910 0.020544 -0.042629 0.998956 -0.016396 -0.043420 0.998061 -0.044597 -0.041917 0.998959 -0.018021 -0.787464 0.616330 0.006206 -0.859639 0.510716 0.013787 -0.857783 0.513860 0.012462 -0.786052 0.618130 0.006221 0.001524 0.999938 0.011026 0.000521 0.999495 0.031759 0.039884 0.998886 -0.025214 0.041431 0.999106 -0.008382 0.041679 0.998976 -0.017577 -0.996756 0.062653 0.050511 -0.997460 0.027710 0.065614 -0.997215 0.065327 0.035990 -0.997821 0.036983 0.054634 0.000000 -0.021571 -0.999767 0.000000 -0.021566 -0.999767 0.000000 -0.021569 -0.999767 0.000000 -0.021580 -0.999767 0.000000 -0.021573 -0.999767 0.000000 -0.021525 -0.999768 0.000000 -0.021539 -0.999768 -0.094286 0.986334 -0.135111 -0.098974 0.984936 -0.141794 -0.004394 0.999990 0.001270 0.004028 0.999991 -0.001163 -0.000040 0.999852 -0.017232 0.000000 0.997256 -0.074033 -0.000420 0.999626 -0.027346 0.000599 0.999998 0.001886 0.000510 0.999978 0.006573 0.073487 0.927786 0.365805 0.041693 0.964511 0.260730 0.017040 0.987992 0.153564 -0.047430 0.996294 0.071749 -0.026540 0.998068 0.056177 -0.032021 0.997334 0.065570 -0.025174 0.998028 0.057509 -0.037881 0.997764 0.055068 -0.076669 0.990348 0.115472 -0.688564 0.381880 0.616480 0.666023 -0.743313 0.062444 0.665379 -0.745290 0.042574 0.665387 -0.745253 0.043103 0.666049 -0.743276 0.062600 0.665700 -0.746159 -0.009487 0.665810 -0.746116 0.002640 0.664263 -0.745103 -0.059797 0.664235 -0.745071 -0.060509 0.002642 -0.999802 0.019722 0.000994 -0.999991 0.004013 0.315110 -0.949001 -0.010156 0.314469 -0.947072 0.064530 0.731944 -0.677562 0.071883 0.990007 -0.052486 0.130887 0.992547 -0.023832 0.119511 0.040024 -0.998871 0.025587 0.040945 -0.998757 0.028424 0.041674 -0.998841 0.024067 -0.000255 -0.999719 0.023704 0.041671 -0.998912 0.020927 
						0.995646 0.068238 0.063498 0.996330 0.033105 0.078939 0.996977 0.043433 0.064420 0.996367 0.071779 0.045827 0.030698 -0.999314 0.020713 0.032917 -0.999322 0.016493 0.998347 -0.030950 0.048429 0.997863 -0.024520 0.060566 0.997146 0.009906 0.074841 0.997741 -0.002608 0.067129 0.041665 -0.998839 0.024169 -0.041994 -0.999114 0.002922 -0.006545 -0.999888 0.013489 0.214618 0.872231 0.439491 0.376159 0.617710 0.690607 0.965250 0.058625 -0.254667 0.950770 -0.094230 -0.295225 0.943892 0.296757 0.144924 0.994942 -0.011607 0.099776 -0.145337 -0.658833 -0.738117 -0.404571 -0.618037 -0.674056 -0.996187 0.028932 -0.082308 0.635400 0.737272 0.229557 0.681580 0.687236 0.251308 0.605735 0.767593 0.209490 -0.000000 0.402487 0.915426 -0.000000 0.402483 0.915428 -0.000000 0.402485 0.915427 -0.000000 0.402488 0.915425 0.116643 0.796957 0.592667 0.998754 0.049374 0.007295 0.161210 0.434144 0.886301 -0.026247 -0.147496 -0.988714 -0.003610 0.999985 0.004130 -0.127511 0.991762 0.012245 -0.996991 -0.007509 0.077154 -0.999970 -0.007685 -0.000000 -0.999804 -0.007639 0.018244 -0.995333 -0.007472 0.096210 0.380725 0.884925 0.268248 -0.324638 0.873630 0.362466 -0.000792 0.884738 0.466088 -0.041897 0.998328 -0.039815 -0.041922 0.999042 0.012521 -0.998556 -0.049650 0.020501 -0.999266 -0.014725 0.035376 -0.999368 -0.020260 0.029207 -0.998756 -0.048771 0.010411 -0.045801 0.998502 -0.029945 -0.045923 0.998373 -0.033803 -0.999014 -0.012896 0.042479 -0.999596 0.015640 0.023728 -0.999445 0.012361 0.030918 -0.998716 -0.022561 0.045359 -0.000005 0.999970 0.007796 -0.000000 0.999778 0.021051 -0.000000 0.999967 -0.008167 0.000000 0.966022 -0.258459 -0.127691 0.991811 0.002599 -0.666091 0.745769 0.012309 -0.667265 0.744226 0.029745 -0.667234 0.744257 0.029661 -0.666070 0.745789 0.012227 0.000068 0.999725 -0.023448 
						-0.001306 0.999996 -0.002471 -0.858481 0.505504 0.086470 -0.840194 0.523906 0.139989 0.041676 0.999023 -0.014717 -0.997816 0.014497 0.064445 -0.998547 -0.020300 0.049922 -0.998703 -0.027335 0.042951 -0.998095 0.000989 0.061691 0.029579 0.999488 -0.012228 0.033026 0.999406 -0.009796 -0.998012 0.007921 0.062528 -0.999967 0.008086 -0.000000 -0.999860 0.008045 0.014679 -0.996816 0.007882 0.079351 0.000000 0.999836 -0.018129 0.000000 1.000000 0.000969 -0.203223 0.978945 0.019162 -0.193069 0.979404 0.059098 -0.665335 0.745693 -0.035658 -0.665641 0.745843 -0.025318 -0.663193 0.743910 -0.082296 -0.663148 0.743858 -0.083127 0.988078 -0.012044 0.153480 0.988509 -0.045787 0.144061 0.961878 0.175887 0.209417 0.954574 0.203102 0.218030 0.000000 -0.999979 -0.006509 0.000000 -0.999979 -0.006509 -0.016243 -0.999600 0.023156 -0.016610 -0.999582 0.023679 0.077846 -0.990691 -0.111677 0.082798 -0.989468 -0.118737 -0.000376 -0.999550 0.030011 0.000014 -0.999907 0.013622 -0.000944 -0.999617 0.027658 -0.001032 -0.998692 0.051128 0.000159 -0.999999 0.001195 -0.000000 -0.999759 0.021973 0.000000 -0.999806 -0.019721 -0.000297 -0.999932 -0.011644 0.224732 -0.973845 -0.033492 0.000092 -0.999252 0.038658 0.144470 -0.987899 0.056432 0.223646 -0.974422 -0.021986 -0.000036 -0.999690 0.024882 0.976133 -0.114908 0.184283 0.982106 -0.087875 0.166573 0.032902 -0.999140 0.025239 0.030908 -0.999129 0.028024 0.997112 -0.041113 0.063856 0.996430 -0.032207 0.078043 0.995744 0.002128 0.092139 0.996507 -0.012813 0.082520 0.001587 -0.999988 0.004752 0.994922 0.041524 0.091680 0.995764 0.000477 0.091948 -0.000000 -0.695991 0.718051 0.000000 -0.695982 0.718059 0.000000 -0.695982 0.718059 -0.000000 -0.695958 0.718083 -0.000001 -0.695848 0.718189 -0.000000 -0.696085 0.717960 -0.000001 -0.696007 0.718035 0.998525 0.001827 0.054271 
						0.999998 0.001795 0.000000 0.999919 0.001802 0.012592 0.997493 0.001837 0.070746 0.999879 0.007979 0.013341 0.999968 0.007947 0.000000 0.998252 0.008097 0.058551 0.997118 0.008145 0.075432 0.000000 -0.000004 -1.000000 0.000005 -0.000000 -1.000000 0.000000 -0.000000 -1.000000 0.000000 -0.000003 -1.000000 0.000000 -0.000005 -1.000000 0.000000 -0.000000 -1.000000 0.000000 -0.000001 -1.000000 0.997268 0.000076 0.073876 0.996433 0.041000 0.073753 0.041677 -0.998911 0.020971 0.002374 -0.999991 -0.003587 0.416998 -0.587748 -0.693300 0.968098 0.065968 -0.241734 0.917486 -0.221280 -0.330536 0.861809 -0.293793 -0.413485 0.981674 0.138859 0.130516 0.995767 -0.020619 0.089570 -0.810665 -0.371820 -0.452296 -0.011760 -0.624321 -0.781080 -0.789145 0.593473 0.158243 0.598540 0.767058 0.231025 0.995967 0.087454 0.020060 -0.025950 0.999533 0.016160 0.672175 -0.739618 0.033843 0.127420 -0.991054 0.039706 -0.999367 0.009315 0.034330 -0.999536 0.016759 0.025426 -0.999536 0.016760 0.025426 -0.999374 0.013449 0.032708 0.984039 -0.175367 0.030238 0.999936 -0.000009 0.011316 0.329168 0.828909 0.452281 -0.041901 0.998663 -0.030286 -0.999222 -0.000498 0.039449 -0.998362 -0.041613 0.039257 -0.041921 0.999112 -0.004305 -0.998347 -0.041627 0.039625 -0.999210 -0.000481 0.039731 -0.997276 -0.004350 0.073635 -0.995797 -0.004331 0.091486 -0.999844 -0.004422 0.017076 -0.999990 -0.004446 -0.000000 0.000000 1.000000 0.000023 -0.000000 1.000000 -0.000179 -0.000000 1.000000 0.000010 -0.000000 1.000000 0.000008 -0.000000 1.000000 0.000012 -0.000000 1.000000 0.000005 0.000000 1.000000 0.000007 -0.997281 -0.008392 0.073207 -0.999963 -0.008575 -0.000000 -0.999821 -0.008529 0.016872 -0.995829 -0.008355 0.090858 0.000000 1.000000 -0.000015 0.000000 1.000000 -0.000113 0.000000 1.000000 -0.000030 -0.000000 1.000000 0.000000 
						-0.000000 1.000000 0.000002 -0.000000 1.000000 0.000002 -0.000000 1.000000 0.000000 -0.777442 0.579612 0.244201 -0.793298 0.575929 0.197442 -0.327671 0.944356 0.028711 -0.183176 0.983061 0.006196 -0.227505 0.973107 -0.036119 -0.403984 0.913430 -0.049421 -0.137219 0.988704 0.060297 -0.129615 0.991365 0.019903 0.667426 -0.744480 0.017111 0.127665 -0.991612 0.020188 0.030330 0.999431 -0.014741 -0.997711 0.041100 0.053690 -0.998541 -0.000073 0.053992 -0.997689 -0.010539 0.067118 -0.996421 -0.010492 0.083881 -0.999825 -0.010703 0.015345 -0.999942 -0.010758 -0.000000 0.000048 0.999648 0.026520 0.000420 0.999136 0.041560 -0.536628 0.834325 -0.126227 -0.665533 0.746083 0.020626 -0.007616 0.999946 -0.007141 -0.001233 0.998785 -0.049269 0.126325 0.899621 0.417999 0.026887 0.970128 0.241100 0.018324 0.976285 0.215714 0.008682 0.973233 0.229658 0.019211 0.977971 0.207854 -0.050265 -0.998695 0.009079 -0.033289 -0.999113 0.025773 -0.039808 -0.998954 0.022493 -0.069969 -0.997449 -0.014106 0.998096 0.007087 0.061278 0.998403 -0.017109 0.053832 0.968371 0.214897 0.126798 0.962927 0.234605 0.133164 -0.017376 -0.999794 0.010489 -0.030254 -0.999531 0.004700 -0.031136 -0.999513 0.001870 -0.028013 -0.999598 0.004438 0.996015 0.002182 0.089162 0.996400 -0.025679 0.080795 0.967296 0.203243 0.151760 0.961091 0.225848 0.159053 -0.038534 -0.999251 0.003446 -0.027307 -0.999536 0.013474 -0.030561 -0.999459 0.012144 -0.038305 -0.999258 0.003937 0.649550 0.003059 0.760313 0.997118 0.001951 0.075836 -0.999998 -0.002086 -0.000000 0.992639 -0.005214 0.121002 0.993054 -0.035640 0.112133 0.964944 0.190181 0.180872 0.958230 0.214824 0.188799 0.966786 0.004549 0.255546 0.999922 0.004103 0.011826 0.993517 0.004301 0.113600 0.649538 0.007206 0.760295 -0.100426 -0.984489 0.143864 -0.104814 -0.983096 0.150119 
						0.000463 -0.999942 0.010716 0.000429 -0.999994 0.003465 -0.000053 -0.999743 0.022689 -0.000000 -0.997183 0.075004 0.001366 -0.999999 0.000395 -0.006980 -0.999974 -0.002017 -0.000330 -0.999414 0.034228 0.999084 0.004096 0.042599 0.999992 0.004001 0.000000 0.998871 0.003960 0.047350 0.999992 0.003901 0.000000 0.999929 0.003914 0.011244 0.998041 0.003981 0.062430 0.999926 0.001812 0.011993 0.999998 0.001805 0.000000 0.998678 0.001835 0.051378 0.997749 0.001845 0.067032 0.996756 0.062654 0.050510 0.997460 0.027710 0.065614 0.997821 0.036983 0.054633 0.997215 0.065328 0.035988 0.040053 -0.999010 0.019361 0.040605 -0.998623 0.033208 0.041677 -0.998902 0.021375 -0.041916 -0.998947 0.018641 -0.043592 -0.998027 0.045191 -0.043229 -0.998328 0.038375 -0.041923 -0.999114 0.003654 -0.013983 -0.999858 -0.009401 -0.857637 -0.514158 -0.010058 -0.859676 -0.510727 -0.010665 -0.769745 -0.638293 -0.008609 -0.767959 -0.640441 -0.008655 0.000422 -0.999911 -0.013303 0.001459 -0.999996 -0.002583 0.994666 -0.092951 0.044729 0.999001 -0.040242 0.019411 0.947947 0.272733 0.164356 0.996711 -0.021334 0.078178 -0.578119 -0.497864 -0.646459 -0.994233 0.061435 -0.087902 -0.411815 -0.601943 -0.684158 0.285885 0.446479 0.847895 -0.041922 0.999113 -0.003901 -0.998823 -0.025442 0.041302 -0.999144 -0.000040 0.041371 -0.000000 0.978359 0.206916 -0.000000 0.978381 0.206810 0.000000 0.978359 0.206917 0.000000 0.978357 0.206925 0.000000 0.978357 0.206925 0.000000 0.978357 0.206922 0.000000 0.978363 0.206898 0.999992 -0.001440 0.003750 0.999960 -0.000012 0.008975 0.997491 0.041359 -0.057452 0.999580 0.027603 0.008863 0.976185 -0.216453 0.014549 0.999059 -0.041869 0.011347 0.999440 -0.033219 -0.003996 0.999524 0.019398 0.024005 0.999948 -0.001295 0.010126 0.999967 0.000645 -0.008065 0.999929 0.000428 0.011903 
						0.740578 0.564362 0.364747 0.617401 0.734718 0.281081 -0.396443 0.765651 0.506568 -0.122349 0.800972 0.586067 -0.999217 -0.015637 0.036335 -0.998492 -0.050536 0.021458 -0.043068 0.998729 -0.026180 -0.042571 0.998906 -0.019336 -0.041917 0.998999 -0.015599 -0.044469 0.996611 -0.069204 -0.044045 0.997010 -0.063488 -0.998650 -0.021871 0.047120 -0.999384 0.013028 0.032580 -0.998910 -0.012208 0.045050 -0.999523 0.016282 0.026233 -0.999299 -0.021300 0.030798 -0.998687 -0.049808 0.011999 -0.195884 0.979628 -0.044258 -0.195743 0.978924 -0.058243 -0.002008 0.998799 -0.048963 0.511348 -0.823432 0.245933 0.507394 -0.796324 0.329271 0.425590 -0.873870 0.234997 0.420668 -0.891109 0.170189 0.958568 -0.284297 0.017989 -0.002009 0.999529 0.030626 -0.027234 0.999490 -0.016694 -0.998527 0.044985 0.030345 -0.998947 0.017944 0.042221 0.000000 1.000000 -0.000073 -0.000000 1.000000 0.000145 -0.000000 1.000000 0.000004 0.000000 1.000000 -0.000016 -0.000000 1.000000 0.000000 -0.000000 1.000000 -0.000000 -0.000000 1.000000 0.000000 -0.002592 0.999772 0.021200 -0.001012 0.999809 -0.019537 0.075061 0.943618 0.322415 0.702353 0.002575 0.711824 0.999997 0.002441 0.000000 0.997448 0.002096 0.071363 0.944544 0.002011 0.328378 0.028149 -0.999198 0.028489 0.030191 -0.999212 0.025758 -0.057391 -0.998095 0.022639 -0.055087 -0.998480 -0.001931 0.041951 -0.750166 -0.659917 -0.057403 -0.998166 0.019203 -0.124664 -0.991731 -0.030474 -0.167930 -0.985596 0.020022 -0.047877 -0.998312 0.032878 -0.171494 -0.984616 0.033494 -0.160356 -0.986461 0.034358 -0.046716 -0.998357 0.033172 0.998648 -0.007554 0.051439 0.998687 -0.016568 0.048469 0.994596 0.069402 0.077215 0.993740 0.077881 0.080101 -0.174505 -0.983599 -0.045620 -0.114105 -0.993441 0.007465 -0.128900 -0.991657 0.000826 -0.145689 -0.989162 -0.018282 0.956945 0.011761 0.290029 
						0.999950 0.009979 -0.000042 0.999847 0.010220 0.014180 0.725090 0.013746 0.688517 0.000000 -0.007231 -0.999974 0.000000 -0.007231 -0.999974 0.000000 -0.007231 -0.999974 0.000000 -0.007231 -0.999974 0.999813 0.010570 0.016210 0.952422 0.010530 0.304600 0.700502 0.013890 0.713515 0.999940 0.010969 0.000000 0.954644 0.009141 0.297609 0.999874 0.008395 0.013493 0.999044 0.008558 0.042881 0.663197 0.012952 0.748333 -0.000000 0.999956 0.009345 0.000000 0.999956 0.009344 0.000000 0.999956 0.009345 0.000000 0.999956 0.009346 0.998790 0.008973 0.048346 0.945438 0.008961 0.325679 0.690576 0.011615 0.723166 0.999951 0.009889 0.000000 0.960548 0.002085 0.278106 0.999917 0.001898 0.012712 0.000000 0.999995 0.003118 0.000000 0.999995 0.003118 -0.000000 0.999995 0.003118 0.000000 0.999995 0.003118 -0.666178 -0.745789 -0.002650 -0.666159 -0.745806 -0.002246 -0.667499 -0.744404 -0.017547 -0.667532 -0.744373 -0.017617 -0.663096 -0.743797 0.084082 -0.665571 -0.745753 0.029446 -0.665261 -0.745603 0.038780 -0.663047 -0.743742 0.084953 -0.204386 -0.978695 -0.019577 -0.193997 -0.979205 -0.059351 0.000000 -0.999938 0.011160 0.000011 -0.999965 -0.008352 0.999860 0.008045 0.014679 0.999967 0.008086 0.000000 0.998012 0.007921 0.062528 0.996816 0.007882 0.079351 0.041676 -0.998949 0.019079 0.030472 -0.999424 0.014934 0.030861 -0.999403 0.015500 0.999201 -0.021321 0.033814 0.998926 -0.017299 0.042973 0.998204 0.017307 0.057360 0.998594 0.007039 0.052535 -0.041890 -0.998260 0.041495 0.999416 0.012701 0.031717 0.999560 0.016331 0.024777 0.998977 -0.012212 0.043532 0.998686 -0.022238 0.046169 -0.045792 -0.998510 0.029689 -0.045148 -0.998659 0.025342 0.999474 -0.018542 0.026605 0.999346 -0.013872 0.033384 0.998639 -0.048789 0.018429 0.998862 -0.047058 0.007812 -0.041923 -0.999068 -0.010249 
						0.000000 -0.992877 0.119146 0.000001 -0.998026 0.062804 0.000900 -0.999650 0.026458 -0.127466 -0.991688 0.017548 -0.127433 -0.991723 -0.015686 0.018958 -0.999729 -0.013478 -0.863523 -0.502573 -0.041812 -0.847119 -0.521191 -0.103678 -0.001306 -0.999757 0.021988 0.000057 -0.999552 0.029921 0.833093 -0.214887 -0.509686 -0.800775 -0.432143 -0.414743 -0.851197 -0.244670 -0.464328 -0.991649 0.114084 -0.060138 -0.816677 0.500305 0.287636 -0.272616 -0.665582 -0.694753 -0.633336 -0.625162 -0.456133 0.326761 -0.505168 -0.798769 0.983684 0.179436 0.013012 0.971334 0.236531 0.023733 0.984444 0.175501 -0.008327 0.999936 -0.000009 0.011316 -0.999158 -0.016205 0.037690 -0.998433 -0.051102 0.022792 0.027985 0.769470 0.638069 0.395332 0.723728 0.565624 0.832656 0.454373 0.316589 -0.046328 0.998450 -0.030842 -0.046439 0.998456 -0.030482 -0.998576 -0.020521 0.049249 -0.998831 -0.010881 0.047090 -0.999445 0.017637 0.028253 -0.999292 0.014425 0.034750 -0.041916 0.998973 -0.017183 -0.999255 -0.021950 0.031749 -0.998643 -0.050450 0.012956 -0.042085 0.999006 -0.014700 -0.046215 0.998417 -0.032071 -0.997279 -0.004375 0.073586 -0.999990 -0.004472 -0.000000 -0.999842 -0.004447 0.017181 -0.995792 -0.004355 0.091544 -0.997280 -0.008346 0.073226 -0.995838 -0.008309 0.090767 -0.999824 -0.008481 0.016764 -0.999964 -0.008526 -0.000000 -0.196028 0.980347 -0.022198 0.725354 -0.686827 0.046149 0.724993 -0.686566 0.054889 0.195242 -0.976416 0.092156 0.195314 -0.976780 0.088058 0.973664 -0.220349 -0.058522 0.974535 -0.216149 -0.059675 0.922864 -0.380195 -0.061436 0.896533 -0.423816 -0.128870 -0.041917 0.998922 -0.019948 -0.043286 0.998442 -0.035204 -0.999057 0.037049 0.022640 -0.999228 0.021976 0.032566 -0.000990 0.999968 0.007992 -0.049700 -0.998753 0.004642 -0.201694 -0.978855 -0.034083 -0.005627 -0.999598 -0.027784 0.999998 0.001855 0.000000 
						0.998950 0.001902 0.045779 -0.045787 -0.998814 0.016550 -0.040620 -0.999172 -0.002232 0.999190 -0.013310 0.037970 0.999191 -0.012180 0.038321 0.999125 -0.022933 0.034985 0.999110 -0.024073 0.034632 -0.046302 -0.998454 0.030748 -0.045589 -0.998628 0.025757 0.999017 -0.024422 0.036991 0.999091 -0.012591 0.040725 0.999091 -0.013811 0.040339 0.999001 -0.025632 0.036609 0.999431 -0.020539 0.026737 0.999784 -0.020802 0.000000 0.997605 -0.020177 0.066157 0.995782 -0.019977 0.089555 -0.000000 -0.999969 0.007910 -0.000000 -0.999969 0.007909 -0.000000 -0.999969 0.007911 0.999725 -0.022844 0.005399 0.954653 -0.021260 0.296960 0.729118 -0.026893 0.683859 0.999675 -0.025423 0.001676 -0.021250 -0.999711 0.011275 -0.045631 -0.998836 0.015668 0.027800 -0.999547 0.011557 0.028342 -0.999528 0.011895 0.999560 0.010097 0.027884 0.996427 0.009812 0.083883 0.027960 -0.999425 0.019181 0.030204 -0.999427 0.015309 -0.001233 -0.998923 0.046380 -0.007655 -0.999962 0.004211 -0.539208 -0.833434 0.121007 -0.665515 -0.745885 -0.027284 0.000328 -0.999613 -0.027802 0.000028 -0.999599 -0.028302 0.030323 -0.999358 0.019111 0.998542 0.000066 0.053990 0.997708 0.040967 0.053863 0.999836 0.009641 0.015346 0.996431 0.009450 0.083884 0.997700 0.009493 0.067120 0.999953 0.009690 0.000000 -0.041900 -0.998594 0.032472 0.999222 -0.000487 0.039446 0.998363 -0.041621 0.039241 0.000000 -0.000000 -1.000000 0.000000 -0.000000 -1.000000 0.000000 -0.000000 -1.000000 0.000000 -0.000000 -1.000000 0.000000 -0.000000 -1.000000 0.000000 -0.000000 -1.000000 0.000000 -0.000000 -1.000000 0.999838 -0.006195 0.016872 0.999981 -0.006229 0.000000 0.997298 -0.006096 0.073208 0.995845 -0.006069 0.090859 0.999853 0.001368 0.017077 0.995805 0.001340 0.091488 0.997284 0.001346 0.073636 0.999999 0.001376 0.000000 0.000000 0.859687 -0.510821 
						0.000000 0.859852 -0.510543 0.000000 0.859679 -0.510835 0.000000 0.859653 -0.510879 0.000000 0.859654 -0.510876 0.000000 0.859647 -0.510888 0.000000 0.859647 -0.510888 0.999210 -0.000453 0.039729 0.998348 -0.041658 0.039574 -0.041921 -0.999109 0.004896 -0.003612 -0.999973 -0.006476 -0.026253 0.148102 0.988624 -0.105310 -0.993821 -0.035078 -0.809698 -0.568971 -0.143738 -0.785947 -0.577391 -0.221150 0.978560 0.159605 -0.130181 0.958065 0.258209 -0.124252 0.973726 0.205110 -0.098935 -0.829678 0.430297 0.355640 -0.437729 -0.741392 -0.508656 -0.007111 -0.672701 -0.739880 0.348715 0.723171 0.596173 0.999912 0.001416 0.013195 0.996832 -0.041123 0.068083 0.999594 -0.027483 0.007556 0.999999 -0.000269 0.001344 0.999823 -0.000527 0.018804 0.999970 0.001505 0.007578 0.999831 -0.018279 -0.001705 0.999061 0.033217 0.027837 0.999094 0.041899 0.007533 0.976184 0.216939 0.001468 0.661128 0.748509 -0.051429 0.672387 0.740072 -0.013750 -0.997212 -0.007483 0.074239 -0.995681 -0.007448 0.092539 -0.999818 -0.007608 0.017472 -0.999971 -0.007651 -0.000000 0.998599 0.008416 0.052247 0.999008 -0.039941 -0.019714 0.809777 0.547344 -0.211367 0.745933 0.664447 -0.045768 0.768845 0.629197 -0.113969 0.803675 0.525650 -0.278925 0.830300 -0.546145 0.111031 0.767835 -0.639261 0.042132 0.944618 -0.321767 0.064515 0.947291 -0.297639 0.118533 -0.521484 0.671552 0.526376 -0.323249 0.760681 0.562916 -0.999110 -0.000470 0.042175 -0.998251 -0.041648 0.041951 -0.997383 -0.003575 0.072209 -0.999993 -0.003652 -0.000000 -0.999858 -0.003632 0.016446 -0.995974 -0.003559 0.089573 -0.195981 0.980577 -0.007752 0.196047 -0.980446 0.017092 0.727693 -0.685902 -0.000449 0.986591 -0.163188 -0.002844 0.953109 -0.301588 0.025073 0.944806 -0.327265 0.015481 0.943859 -0.326613 0.049541 0.944877 -0.327423 0.001541 -0.998466 -0.050799 0.022029 
						-0.999189 -0.015875 0.036990 -0.999311 -0.021101 0.030520 -0.998699 -0.049620 0.011723 -0.045772 0.998771 -0.019023 -0.020435 0.999702 -0.013383 -0.997482 -0.010362 0.070153 -0.999938 -0.011161 0.000090 -0.999811 -0.010975 0.016029 -0.996110 -0.010172 0.087524 0.000000 0.999995 0.003118 -0.000000 0.999995 0.003118 0.998901 -0.015249 0.044310 0.998902 -0.014188 0.044639 0.998843 -0.024315 0.041501 0.998830 -0.025385 0.041170 0.999802 0.001434 0.019867 0.999999 0.001443 0.000000 0.997201 0.001410 0.074755 0.995800 0.001404 0.091545 -0.000000 0.845063 0.534667 0.000000 0.845063 0.534667 -0.000000 0.845063 0.534667 -0.000000 0.845063 0.534667 0.997367 0.001404 0.072501 0.999999 0.001441 0.000000 0.999754 0.001429 0.022132 0.995805 0.001396 0.091488 0.999703 -0.006476 0.023494 0.999979 -0.006538 0.000000 0.997490 -0.006362 0.070527 0.995844 -0.006317 0.090859 -0.000000 -0.994426 0.105440 -0.000000 -0.994426 0.105441 -0.000000 -0.994426 0.105440 -0.000000 -0.994426 0.105440 0.997634 -0.006336 0.068453 0.999979 -0.006525 0.000000 0.999653 -0.006451 0.025534 0.995852 -0.006281 0.090768 -0.000000 -0.999969 0.007912 -0.000000 -0.999969 0.007912 0.999409 -0.020430 0.027641 0.995862 -0.019856 0.088679 0.999548 0.009835 0.028420 0.996126 0.010033 0.087362 0.998439 0.008398 0.055215 0.999967 0.008156 0.000000 -0.000000 0.999956 0.009344 0.000000 0.999956 0.009344 0.999967 0.008189 0.000000 0.998613 0.008423 0.051967 0.998807 0.001896 0.048806 0.999998 0.001847 0.000000 -0.002006 -0.997763 0.066825 -0.195774 -0.979078 0.055487 -0.195908 -0.979747 0.041414 -0.001012 -0.999958 0.009134 -0.002693 -0.999565 -0.029366 -0.027575 -0.999408 0.020547 0.998572 0.020934 0.049150 0.998138 0.048056 0.037556 -0.000000 -0.983496 0.180929 0.000000 -0.983495 0.180934 -0.000000 -0.983498 0.180920 
						-0.000000 -0.983497 0.180923 -0.000000 -0.983516 0.180821 0.000000 -0.983500 0.180907 0.000000 -0.983496 0.180930 0.999251 -0.015293 0.035535 0.998526 -0.050196 0.020629 -0.041914 -0.998942 0.018932 -0.042874 -0.998873 0.020340 -0.042877 -0.998685 0.028088 0.999345 -0.020612 0.029755 0.998732 -0.049131 0.010953 0.998570 -0.021067 0.049138 0.999306 0.013880 0.034574 0.999422 0.018001 0.028845 0.998808 -0.010486 0.047671 -0.044290 -0.997001 0.063469 -0.044381 -0.996352 0.072895 -0.041921 -0.999110 0.004593 -0.025950 -0.999545 -0.015360 0.999464 0.008246 0.031669 0.999469 0.012356 0.030141 0.999651 0.014533 0.022049 0.999651 0.014533 0.022049 0.115498 0.988484 -0.097775 0.127402 0.991711 -0.016638 -0.002012 -0.999990 -0.004099 0.662531 -0.175343 -0.728222 0.840814 0.366310 0.398557 0.999945 -0.008137 0.006637 -0.994604 0.102771 -0.014176 -0.768334 -0.635038 -0.079942 0.289530 -0.473905 -0.831617 -0.079135 -0.772192 -0.630442 0.705846 0.704902 -0.069957 0.958716 0.284364 -0.000884 0.667733 0.744400 -0.000878 0.997503 0.070403 -0.005645 0.997377 -0.072383 -0.000046 0.959234 -0.271792 0.077460 0.953634 -0.295477 0.057232 0.833191 -0.543191 0.103610 0.774688 -0.629979 0.054636 0.996245 -0.080045 -0.032999 0.992604 -0.120437 0.015273 0.999934 0.006709 0.009339 0.999936 0.006616 0.009240 -0.718881 0.598411 0.353715 -0.486645 0.780381 0.392660 -0.165044 0.803277 0.572282 0.380512 0.642533 0.665103 0.000000 -0.035244 -0.999379 0.000000 -0.035299 -0.999377 0.000000 -0.035273 -0.999378 0.000000 -0.035201 -0.999380 0.000000 -0.035220 -0.999380 0.000000 -0.035258 -0.999378 0.000000 -0.035232 -0.999379 0.195987 -0.980605 0.001603 0.727665 -0.685915 -0.005000 0.986115 -0.166021 -0.003885 0.723608 0.689511 -0.031093 0.747937 0.660849 -0.062197 -0.997428 -0.003555 0.071585 -0.996052 -0.003540 0.088696 
						-0.999862 -0.003612 0.016193 -0.999994 -0.003630 -0.000000 0.271366 0.950722 -0.149958 0.999735 -0.015773 0.016767 0.999874 -0.015844 0.000000 0.996457 -0.015537 0.082651 0.995241 -0.015497 0.096201 -0.000000 -0.007993 0.999968 -0.000000 -0.007992 0.999968 -0.000000 -0.007993 0.999968 -0.000000 -0.007993 0.999968 0.996903 -0.015474 0.077109 0.999875 -0.015816 0.000000 0.999704 -0.015725 0.018558 0.995591 -0.015417 0.092531 0.000000 -0.007228 -0.999974 0.000000 -0.007229 -0.999974 -0.137953 -0.990353 -0.013012 -0.146631 -0.987769 -0.053026 -0.188811 -0.982013 -0.001250 -0.232102 -0.971861 0.040192 0.195828 0.979347 -0.050314 0.725857 0.687526 -0.020981 0.726097 0.687441 -0.014451 0.195842 0.979415 -0.048903 -0.196058 -0.980496 0.013717 -0.001013 -0.999999 -0.000538 -0.043097 -0.998439 0.035527 -0.041914 -0.998856 0.023018 0.998739 0.027982 0.041672 0.998569 0.043030 0.031747 -0.041913 -0.998914 0.020327 0.998786 -0.022755 0.043687 0.999497 0.012106 0.029300 0.999694 0.012916 0.021079 0.999081 -0.015624 0.039906 -0.045691 -0.998554 0.028333 -0.046597 -0.998565 0.026378 0.999840 -0.006160 0.016764 0.995854 -0.006036 0.090769 0.997297 -0.006062 0.073228 0.999981 -0.006193 0.000000 0.999852 0.001376 0.017181 0.999999 0.001384 0.000000 0.997288 0.001354 0.073586 0.995800 0.001348 0.091545 -0.040736 -0.999118 0.010181 -0.045765 -0.998684 0.023136 0.999091 -0.024172 0.035117 0.999038 -0.017320 0.040278 0.998312 -0.052206 0.025458 0.998479 -0.052666 0.016317 0.998825 -0.025330 0.041322 0.999143 -0.000080 0.041393 0.000000 -0.011585 -0.999933 0.000000 -0.011579 -0.999933 0.000000 -0.011612 -0.999933 0.000000 -0.011595 -0.999933 0.000000 -0.011593 -0.999933 0.000000 -0.011549 -0.999933 0.000000 -0.011509 -0.999934 0.999719 -0.015168 0.018240 0.999884 -0.015259 0.000000 0.996908 -0.014910 0.077149 
						0.995251 -0.014837 0.096201 0.127510 0.991837 -0.000520 -0.331849 -0.943010 -0.024659 -0.407026 -0.911906 0.052513 0.765367 0.195082 -0.613316 -0.498841 -0.820636 -0.278774 0.943564 0.327122 -0.051761 0.767494 0.640404 -0.028903 0.830169 0.549094 -0.096517 0.947021 0.304442 -0.102307 0.994658 0.090667 0.049342 0.991358 0.131132 0.003770 -0.251933 0.862783 0.438332 0.115145 0.778959 0.616413 0.985936 -0.165923 -0.019985 0.062082 0.000311 0.998071 0.104569 0.000000 -0.994518 0.999945 0.000004 0.010492 0.999951 0.000000 0.009894 0.999878 0.012388 -0.009482 0.786865 0.607751 -0.107161 0.783285 0.615756 -0.085491 0.401489 0.890672 -0.213329 0.493390 0.813175 -0.308726 0.493464 0.840455 -0.223895 0.393947 0.907252 -0.147310 0.196076 0.980586 0.002313 0.727607 0.685821 0.015440 0.944642 0.327540 0.019220 0.944665 0.327134 -0.024309 0.944715 0.327528 0.015454 0.953430 0.301389 0.011642 0.986015 0.162789 0.035697 -0.195987 -0.980604 -0.002418 -0.020887 -0.999670 0.014973 -0.045224 -0.998816 0.017937 0.998957 -0.025813 0.037657 0.998931 -0.018241 0.042474 0.998204 -0.053137 0.027683 0.998346 -0.054311 0.018850 0.999831 0.009287 0.015867 0.999958 0.009206 -0.000074 0.997502 0.009577 0.069992 0.996130 0.009676 0.087364 0.999108 -0.000555 0.042218 0.998251 -0.041564 0.042048 0.999673 -0.019601 0.016440 0.999806 -0.019704 0.000000 0.997204 -0.019290 0.072199 0.995797 -0.019206 0.089557 0.999733 -0.015107 0.017469 0.995600 -0.014788 0.092530 0.997130 -0.014858 0.074234 0.999885 -0.015193 0.000000 0.754535 0.301537 0.582882 0.882518 -0.142548 0.448155 0.441766 -0.284901 -0.850691 -0.613277 0.783683 0.098654 0.019374 -0.785400 -0.618686 -0.281480 0.908574 0.308647 0.958915 0.274433 -0.071893 0.998030 0.056462 -0.027349 0.997616 -0.068429 0.008885 0.951805 0.304439 -0.037206 
						0.832762 0.546746 -0.087044 0.774550 0.631239 -0.040116 0.997627 0.056511 0.039330 0.999360 0.007697 -0.034928 0.967553 0.238967 0.082075 0.969054 0.232854 0.081932 0.769506 -0.623450 0.138458 0.746685 -0.661336 0.071385 0.810196 -0.536938 0.235118 0.803112 -0.513797 0.301702 0.980205 0.197849 -0.007322 0.995313 0.096096 -0.010849 0.972634 0.228891 0.039894 0.998991 0.000248 0.044909 0.999760 -0.000061 0.021911 0.999735 -0.004451 0.022601 0.999978 -0.006510 -0.000909 0.999653 -0.002530 0.026233 0.997991 0.000350 0.063360 0.107604 0.827550 0.550983 0.451957 0.538400 0.711239 0.999980 0.000000 0.006366 0.985891 0.165983 0.021647 0.103836 0.000000 0.994594 0.990517 0.000043 0.137387 0.727420 0.685685 0.026389 0.195937 0.980353 0.022712 0.999679 -0.019489 0.016187 0.995877 -0.019101 0.088680 0.997251 -0.019183 0.071575 0.999808 -0.019589 0.000000 0.000000 -0.006699 -0.999978 0.000000 -0.006635 -0.999978 0.000000 -0.006646 -0.999978 0.000000 -0.006685 -0.999978 0.000000 -0.006665 -0.999978 0.000000 -0.006645 -0.999978 0.000000 -0.006641 -0.999978 0.912101 0.400238 0.088779 0.880787 0.445669 0.159978 0.221879 0.765967 0.603378 0.610021 0.251637 0.751367 0.724377 -0.686931 0.058348 0.748788 -0.656401 0.091951 0.985658 0.165876 0.031054 0.999987 0.002605 -0.004448 0.999848 0.006594 0.016127 0.999941 0.004466 0.009902 0.999378 -0.000195 -0.035271 0.999969 0.000044 0.007882 0.999035 -0.012777 0.042020 0.995377 -0.095263 0.012190 0.981346 -0.191351 0.018578 0.976633 -0.214466 -0.013833 0.784636 -0.609633 0.112664 0.787345 -0.600375 0.140135 -0.999996 -0.002770 -0.000002 -1.000000 -0.000000 -0.000002 -0.999584 -0.028843 -0.000002 -0.999502 -0.031556 -0.000002 -0.999505 -0.031461 -0.000001 -0.999403 -0.034554 -0.000001 -0.999995 -0.003028 -0.000001 -1.000000 -0.000000 -0.000001 
						-0.999265 -0.038347 -0.000001 -0.999114 -0.042096 -0.000001 -0.999993 -0.003652 -0.000001 -1.000000 -0.000000 -0.000001 -0.999265 -0.038341 -0.000002 -1.000000 -0.000000 -0.000002 -0.999994 -0.003611 -0.000002 -0.999116 -0.042048 -0.000002 -0.999994 -0.003622 -0.000001 -1.000000 -0.000000 -0.000001 -0.999255 -0.038597 -0.000001 -0.999113 -0.042120 -0.000001 -0.999993 -0.003665 -0.000001 -0.999109 -0.042194 -0.000001 -0.999254 -0.038630 -0.000001 -1.000000 -0.000000 -0.000001 -0.999197 -0.040075 -0.000001 -1.000000 -0.000000 -0.000001 -0.999993 -0.003678 -0.000001 -0.999038 -0.043854 -0.000001 -0.999172 -0.040690 -0.000001 -0.999006 -0.044569 -0.000001 -0.999993 -0.003773 -0.000001 -1.000000 -0.000000 -0.000001 -0.999997 0.002446 -0.000001 -1.000000 -0.000000 -0.000001 -0.999631 0.027174 -0.000001 -0.999560 0.029659 -0.000001 -0.999694 0.024722 -0.000001 -0.999639 0.026884 -0.000001 -0.999998 0.002206 -0.000000 -1.000000 -0.000000 -0.000000 -0.999540 0.030330 -0.000000 -1.000000 0.000000 -0.000000 -0.999996 0.002810 -0.000000 -0.999453 0.033080 -0.000000 -0.999625 0.027383 0.000000 -0.999553 0.029893 0.000000 -0.999997 0.002560 0.000001 -1.000000 0.000000 0.000001 -0.999527 0.030755 -0.000002 -1.000000 -0.000000 -0.000002 -0.999996 0.002850 -0.000002 -0.999437 0.033545 -0.000002 -0.999609 0.027965 -0.000001 -0.999534 0.030528 -0.000001 -0.999997 0.002612 -0.000001 -1.000000 -0.000000 -0.000001 -0.999516 0.031114 -0.000001 -1.000000 -0.000000 -0.000001 -0.999996 0.002929 -0.000001 -0.999423 0.033980 -0.000001 -0.999594 0.028481 -0.000000 -0.999515 0.031128 -0.000000 -0.999996 0.002701 -0.000001 -1.000000 0.000000 -0.000001 -0.035708 0.999286 -0.012348 -0.032442 -0.999059 0.028787 0.177934 -0.982943 0.046511 -0.022172 -0.999222 0.032625 0.999678 -0.025374 -0.000002 0.999746 -0.022525 -0.000002 0.998580 -0.053267 -0.000002 0.998421 -0.056175 -0.000002 
						0.999595 0.028471 0.000000 1.000000 -0.000000 0.000000 0.999996 0.002710 0.000000 0.999515 0.031127 0.000000 -0.036091 -0.998947 0.028330 0.999609 0.027952 -0.000000 1.000000 -0.000000 0.000000 0.999997 0.002630 -0.000000 0.999534 0.030530 -0.000000 0.999527 0.030740 -0.000000 0.999437 0.033547 0.000000 0.999996 0.002869 -0.000003 1.000000 0.000000 -0.000003 0.999540 0.030332 0.000000 0.999453 0.033082 0.000000 0.999996 0.002810 0.000000 1.000000 -0.000000 0.000000 0.999625 0.027385 0.000000 1.000000 -0.000000 0.000000 0.999997 0.002560 0.000000 0.999553 0.029896 -0.000000 0.999628 0.027261 0.000000 0.999560 0.029661 0.000000 0.999997 0.002455 0.000000 1.000000 -0.000000 0.000000 0.999998 0.002201 -0.000001 1.000000 -0.000000 -0.000001 0.999696 0.024654 -0.000001 0.999639 0.026885 -0.000000 0.999195 -0.040106 -0.000001 0.999038 -0.043853 -0.000001 0.999993 -0.003650 -0.000000 1.000000 -0.000000 -0.000000 0.999170 -0.040725 -0.000001 1.000000 -0.000000 -0.000001 0.999993 -0.003744 -0.000001 0.999006 -0.044571 -0.000001 0.999994 -0.003618 -0.000001 0.999113 -0.042121 -0.000001 0.999255 -0.038602 -0.000001 1.000000 -0.000000 -0.000001 0.999993 -0.003660 -0.000001 1.000000 -0.000000 -0.000001 0.999254 -0.038632 -0.000000 0.999110 -0.042192 -0.000000 0.999258 -0.038509 -0.000001 1.000000 0.000000 -0.000001 0.999993 -0.003637 -0.000001 0.999116 -0.042048 -0.000001 0.999993 -0.003678 -0.000001 1.000000 0.000000 -0.000001 0.999258 -0.038516 -0.000001 0.999114 -0.042095 -0.000001 0.999586 -0.028777 0.000000 0.999502 -0.031557 0.000000 0.999996 -0.002727 0.000000 1.000000 -0.000000 0.000000 0.999995 -0.003078 0.000000 1.000000 -0.000000 0.000000 0.999502 -0.031548 0.000000 0.999403 -0.034556 0.000000 0.029738 -0.998816 -0.038490 0.660140 0.751132 0.003982 0.660153 0.751127 0.002308 
						0.660144 0.751131 0.003475 0.015505 0.999880 0.000111 0.008019 0.999967 -0.001267 0.008366 0.999963 -0.001939 0.005658 0.999984 0.000041 0.981921 0.189288 -0.000273 0.999995 -0.003226 0.000018 0.999996 0.002732 -0.000015 0.981683 0.190522 0.000035 0.982885 0.184218 0.000965 0.979015 -0.203787 0.000356 0.980155 -0.198232 0.000009 -0.001945 -0.999997 0.001346 -0.009051 -0.999959 0.000074 -0.002426 -0.999995 0.002024 0.651256 -0.758855 -0.002213 0.651243 -0.758859 -0.003903 0.651247 -0.758858 -0.003390 0.981221 -0.192883 -0.000914 0.002879 0.999996 0.000023 0.002691 0.999996 0.000021 0.006182 -0.999981 -0.000046 -0.008750 -0.999962 0.000067 -0.012233 0.999925 -0.000094 -0.005983 0.999982 -0.000037 -0.010037 -0.999950 0.000075 -0.010043 -0.999950 0.000075 0.006045 0.999982 0.000225 -0.007948 0.999968 0.000009 -0.023349 -0.999727 -0.000088 -0.013890 -0.999904 0.000062 -0.009237 0.999957 0.000049 0.382452 -0.923974 0.001425 0.382452 -0.923974 0.001458 0.382452 -0.923974 0.001549 0.010787 -0.999942 -0.000043 -0.018159 -0.999835 0.000041 0.990796 -0.135363 -0.000520 0.995371 -0.096110 -0.000213 0.993700 -0.112074 -0.000347 -0.019582 -0.999808 -0.000007 0.999957 -0.009255 -0.000014 0.999992 -0.003976 0.000016 0.398564 0.917139 -0.001523 0.398565 0.917139 -0.001490 0.398564 0.917139 -0.001623 0.991233 0.132127 0.000454 0.990932 0.134363 0.000451 0.990987 0.133959 0.000378 0.000000 0.080910 0.996721 -0.000000 0.620427 0.784264 0.000000 0.242371 0.970184 0.000000 -0.001182 0.999999 -0.000000 0.318035 0.948079 0.248117 0.941046 0.229938 0.113743 0.965117 0.235820 0.216484 0.852125 0.476464 0.314620 0.828499 0.463253 0.000000 0.160478 0.987039 0.000000 -0.192587 0.981280 -0.000000 0.474247 0.880392 0.203450 0.926395 0.316860 0.094776 0.941925 0.322172 0.257314 0.558883 0.788314 
						0.273136 0.556366 0.784763 -0.000000 0.528439 0.848971 -0.000000 0.452058 0.891988 -0.000000 0.600206 0.799845 0.000000 0.812721 0.582653 0.000001 0.122711 0.992442 0.360179 -0.156620 0.919642 0.476449 -0.147608 0.866723 0.158376 -0.007715 0.987349 0.080127 -0.007789 0.996754 0.121910 0.151325 0.980938 0.091711 0.151819 0.984144 0.179359 0.867835 0.463350 0.073310 0.879766 0.469721 0.000000 0.600610 0.799542 0.244741 0.166396 0.955204 0.253446 0.166012 0.952998 -0.000000 0.472945 0.881092 0.000000 0.018671 0.999826 -0.000000 0.803628 0.595131 -0.000000 0.162814 0.986657 0.315416 -0.071108 0.946286 0.322347 -0.070933 0.943960 -0.000000 0.498957 0.866627 0.000000 0.169457 0.985538 -0.000000 0.124564 0.992212 0.642105 0.000049 0.766617 0.258165 0.000062 0.966101 -0.000000 0.434185 0.900824 0.000001 0.191409 0.981510 0.826796 0.069204 0.558228 0.117044 0.122184 0.985582 0.000000 0.527823 0.849354 0.000000 0.804085 0.594514 0.000001 0.186003 0.982549 0.171811 0.736535 0.654215 0.121705 0.742095 0.659153 0.135726 0.816616 0.560997 0.222007 0.803674 0.552106 0.000000 0.950086 0.311987 -0.000001 0.180725 0.983534 0.180532 0.826520 0.533172 0.280349 0.806629 0.520341 -0.000000 0.713580 0.700574 -0.000000 0.181925 0.983312 0.201480 0.768823 0.606891 0.279184 0.753710 0.594961 -0.000000 0.627975 0.778234 -0.000000 0.150206 0.988655 0.211503 0.149018 0.965950 0.235050 0.148196 0.960619 0.219245 0.016223 0.975535 0.205340 0.016273 0.978555 0.000000 0.584415 0.811455 -0.000000 -0.261321 0.965252 -0.000000 -0.210378 0.977620 0.172163 -0.117737 0.978007 0.167763 -0.117827 0.978761 0.000000 0.553529 0.832830 0.978462 -0.205703 -0.017266 0.978462 -0.205702 -0.017263 0.978462 -0.205703 -0.017266 0.978462 -0.205704 -0.017269 0.000000 0.147905 0.989002 
						-0.000000 0.085466 0.996341 -0.079810 0.754057 0.651942 -0.157178 0.944381 0.288860 -0.225331 0.890462 0.395351 -0.094351 0.718991 0.688585 -0.232005 0.727200 0.646029 -0.082595 0.592007 0.801690 -0.012800 0.468671 0.883280 -0.011095 0.450046 0.892937 -0.007567 0.427594 0.903939 -0.044079 0.747780 0.662482 -0.085737 0.951441 0.295651 -0.968171 -0.115997 0.221786 -0.920920 -0.091802 0.378786 -0.936557 -0.074554 0.342494 -0.976060 -0.110322 0.187448 -0.633023 -0.083503 0.769616 -0.712518 -0.059035 0.699166 -0.072019 0.493548 0.866732 0.000976 0.427448 0.904039 0.026886 0.326951 0.944659 0.009358 0.344816 0.938624 -0.004179 0.313705 0.949511 -0.017523 0.452331 0.891678 -0.987950 -0.123370 0.093463 -0.982614 -0.127430 0.135027 -0.011977 0.742045 0.670243 -0.015511 0.954194 0.298787 -0.963113 -0.128916 0.236208 -0.911935 -0.125169 0.390777 -0.980962 -0.130247 0.144045 -0.626388 -0.107510 0.772062 -0.204256 -0.098135 0.973986 -0.331220 -0.081477 0.940029 -0.031829 0.437286 0.898759 -0.001334 0.398344 0.917235 -0.013176 0.286979 0.957846 -0.006875 0.455945 0.889981 -0.991701 -0.122610 -0.038672 -0.991646 -0.128912 -0.004411 -0.990423 -0.015312 0.137217 -0.988789 -0.065460 0.134204 -0.974564 -0.008560 0.223948 -0.970042 0.094301 0.223888 -0.991134 -0.132379 0.011393 -0.077107 -0.087702 0.993158 -0.205418 -0.063894 0.976586 -0.032434 0.494579 0.868527 -0.033373 0.487504 0.872483 -0.052578 0.486448 0.872126 -0.003913 0.282547 0.959245 0.024789 0.748714 0.662430 0.063966 0.954359 0.291733 -0.920347 -0.040173 0.389033 -0.919255 -0.075080 0.386437 -0.996436 -0.084031 0.007308 -0.995542 -0.093942 0.008381 0.990202 0.043610 0.132661 0.999143 0.041220 -0.003690 0.998788 0.049154 0.002412 0.989018 0.050140 0.139032 -0.626940 -0.039898 0.778045 -0.631257 -0.055323 0.773598 -0.200269 -0.096771 0.974950 
						-0.050020 0.477933 0.876971 -0.061030 0.477571 0.876471 -0.064552 -0.079436 0.994748 -0.204966 -0.056706 0.977125 -0.024163 0.471021 0.881791 -0.000354 0.455455 0.890259 0.998338 0.054912 0.017475 0.987591 0.057147 0.146281 -0.115012 0.000000 -0.993364 0.057128 0.000002 -0.998367 0.024155 0.000001 -0.999708 -0.033732 0.000002 -0.999431 -0.072127 0.000001 -0.997396 -0.202347 0.000009 -0.979314 -0.209813 0.000001 -0.977742 -0.645769 -0.000001 -0.763533 -0.988188 -0.089095 0.124684 -0.976470 -0.090277 0.195849 0.972904 0.047276 0.226323 0.973434 0.060600 0.220805 -0.985162 -0.122562 -0.120144 -0.995544 -0.093922 0.008380 -0.993459 -0.113765 0.009820 -0.976290 -0.179282 -0.121307 -0.194158 -0.018879 0.980789 -0.187825 -0.240220 0.952374 -0.071763 -0.097266 0.992668 -0.062942 0.612494 0.787966 -0.049792 0.647934 0.760068 -0.038639 0.668506 0.742703 -0.089563 0.571494 0.815704 -0.000877 0.273462 0.961882 0.071713 0.754228 0.652685 0.150279 0.944751 0.291311 0.967383 0.082656 0.239455 0.000001 0.397908 -0.917426 0.000001 0.297181 -0.954821 0.125207 0.553824 -0.823166 0.120080 0.601946 -0.789457 0.224370 0.656160 -0.720494 0.222134 0.664714 -0.713310 0.239463 0.970021 -0.041439 0.347124 0.929605 -0.123854 0.384743 0.912759 -0.137273 0.269972 0.961734 -0.046717 0.069023 0.997615 0.000001 0.049640 0.998767 0.000000 -0.066024 -0.365878 0.928318 -0.032504 -0.648440 0.760572 -0.996098 -0.088255 0.000000 -0.259656 0.000000 -0.965701 -0.195010 -0.000000 -0.980801 -0.312733 0.000000 -0.949841 -0.284846 0.000000 -0.958573 -0.237008 -0.000000 -0.971508 0.914276 0.076501 0.397802 0.921510 0.049612 0.385172 -0.962119 -0.178329 -0.206217 -0.936466 -0.286066 -0.202972 -0.059005 -0.099570 0.993280 -0.062947 0.522108 0.850553 -0.087747 0.534974 0.840300 -0.056655 -0.078477 0.995305 -0.219735 -0.071802 0.972914 
						-0.019387 0.458105 0.888687 -0.058947 0.670887 0.739213 -0.052414 0.679166 0.732111 0.008150 0.453616 0.891160 -0.084094 0.000000 -0.996458 0.092917 0.000000 -0.995674 0.150487 -0.000000 -0.988612 -0.134678 0.000000 -0.990889 -0.099880 -0.091619 0.990772 -0.075921 -0.094446 0.992631 -0.064401 -0.372715 0.925709 -0.988273 -0.088133 -0.124694 -0.996101 -0.088223 0.000000 -0.206604 -0.000000 -0.978425 -0.198019 -0.000000 -0.980198 -0.277181 -0.000000 -0.960818 0.900995 0.128874 0.414246 -0.915036 -0.143866 -0.376844 -0.924139 -0.101170 -0.368419 -0.976638 -0.088362 -0.195883 -0.034951 -0.549579 0.834710 -0.083876 0.594743 0.799529 -0.026228 0.440868 0.897189 -0.103174 0.564762 0.818779 0.011610 0.312884 0.949720 -0.003767 0.331204 0.943552 0.104950 0.721960 0.683930 0.232642 0.877429 0.419520 -0.216287 0.000000 -0.976330 -0.229946 0.000000 -0.973204 -0.000000 -0.096554 0.995328 -0.001557 -0.238541 0.971131 -0.164154 -0.000000 -0.986435 -0.159085 -0.000000 -0.987265 0.999999 -0.001467 -0.000000 0.999999 -0.001467 -0.000001 0.924105 -0.001495 -0.382137 0.924105 -0.001495 -0.382136 0.707105 -0.001564 -0.707107 0.707106 -0.001562 -0.707106 0.618865 0.067379 0.782602 0.636951 0.053454 0.769049 -0.636024 -0.109556 -0.763852 -0.630258 -0.124019 -0.766416 -0.241610 0.000001 -0.970374 -0.207184 0.000007 -0.978302 -0.325243 0.000001 -0.945630 -0.369762 -0.000001 -0.929127 -0.374466 0.000000 -0.927241 -0.570359 0.000001 -0.821395 -0.296934 0.000000 -0.954898 0.390973 -0.000001 -0.920402 -0.147562 0.192516 -0.970136 -0.000000 -0.070992 -0.997477 -0.000001 0.027360 -0.999626 -0.147755 0.185863 -0.971403 -0.127119 0.000000 -0.991888 -0.120332 0.000000 -0.992734 -0.217904 -0.000000 -0.975970 -0.025055 -0.096005 0.995065 -0.071946 0.525509 0.847740 -0.101572 0.535439 0.838444 -0.098345 -0.076409 0.992215 -0.202926 -0.072492 0.976507 
						-0.938560 -0.017950 -0.344648 -0.934254 -0.018640 -0.356121 -0.936109 -0.017082 -0.351294 -0.940283 -0.016706 -0.339984 -0.043231 0.651869 0.757098 -0.045995 0.424751 0.904141 0.012488 0.546063 0.837651 0.019201 0.464951 0.885128 0.382495 -0.001637 -0.923956 0.382495 -0.001640 -0.923956 -0.000000 -0.001714 -0.999999 -0.000000 -0.001713 -0.999999 -0.340130 -0.000000 -0.940378 -0.261651 -0.000000 -0.965163 0.075940 -0.091829 0.992875 0.079889 -0.084882 0.993183 -0.010886 -0.359416 0.933114 0.924105 -0.001500 0.382136 0.924105 -0.001483 0.382136 0.999999 0.000000 0.001414 1.000000 -0.000000 0.000520 0.966384 0.000001 -0.257103 0.846353 -0.000000 -0.532623 0.794515 0.000000 -0.607244 0.578221 0.000000 -0.815880 0.646850 0.122900 0.752649 -0.284827 0.286921 -0.914631 -0.273535 0.391975 -0.878370 -0.201267 0.092880 -0.975123 -0.198826 -0.116000 -0.973145 -0.046526 0.555456 -0.830244 -0.077096 0.229672 -0.970210 -0.491515 0.870869 0.000000 -0.672078 0.731289 -0.116305 -0.641001 0.759482 -0.110928 -0.428336 0.903619 -0.000000 -0.716309 0.649294 -0.255575 -0.708518 0.658859 -0.252798 -0.132779 -0.000000 -0.991146 -0.049336 -0.112451 0.992432 -0.936151 -0.019570 -0.351052 -0.931814 -0.019923 -0.362390 0.016468 -0.947522 -0.319268 0.025536 -0.949678 -0.312184 -0.052262 -0.926091 -0.373663 -0.058833 -0.923568 -0.378894 0.954755 0.284113 -0.087879 0.951580 0.283957 -0.117744 0.951582 0.283959 -0.117728 0.954758 0.284118 -0.087831 -0.026167 0.681465 0.731382 -0.045420 0.573746 0.817773 -0.040393 0.576159 0.816339 -0.023533 0.417618 0.908318 0.063434 0.358561 0.931349 -0.112194 0.551084 0.826873 -0.094856 0.563643 0.820554 -0.051072 0.666945 0.743354 0.028265 0.707907 0.705740 -0.010670 0.415866 0.909363 -0.020851 0.375396 0.926630 0.103797 0.597207 0.795343 0.217595 0.717754 0.661424 -0.382495 -0.001774 -0.923956 
						-0.382495 -0.001774 -0.923956 0.222234 0.000001 -0.974993 0.501649 0.000000 -0.865071 0.001030 0.000000 -1.000000 0.001842 0.000000 -0.999998 -0.233865 -0.000000 -0.972269 -0.636381 -0.000001 -0.771375 -0.530199 -0.000001 -0.847874 0.085405 -0.122830 0.988746 0.099916 -0.087662 0.991127 0.105758 -0.078032 0.991325 0.707105 -0.001522 0.707107 0.707106 -0.001505 0.707106 0.966024 -0.000001 0.258452 0.844728 0.000000 0.535196 1.000000 -0.000709 0.000000 1.000000 -0.000710 0.000000 0.924556 -0.000720 -0.381045 0.924556 -0.000719 -0.381047 0.707104 -0.000749 -0.707109 0.707104 -0.000748 -0.707109 0.207431 0.057800 0.976541 0.208586 0.067235 0.975690 -0.075913 -0.095598 -0.992521 -0.099871 -0.092721 -0.990671 -0.071543 0.228349 -0.970947 -0.313343 0.000000 -0.949640 -0.240663 0.000000 -0.970609 -0.606949 0.000000 -0.794741 -0.499295 0.000000 -0.866432 -0.190080 -0.060537 0.979901 -0.063832 0.510017 0.857792 -0.103059 0.515040 0.850948 0.115443 0.949943 -0.290314 0.148870 0.952542 -0.265520 0.042164 0.937997 -0.344069 0.032391 0.935776 -0.351105 0.947426 0.284097 -0.147214 0.947425 0.284093 -0.147231 0.952972 -0.013771 -0.302745 0.952944 -0.014763 -0.302788 0.953457 -0.015751 -0.301118 0.953791 -0.013613 -0.300161 0.004289 0.684537 0.728966 -0.009129 0.458714 0.888537 -0.032709 0.575349 0.817254 -0.047683 0.560469 0.826801 -0.035871 0.556287 0.830216 0.037059 0.320766 0.946433 -0.056100 0.476109 0.877595 0.008502 0.519454 0.854456 0.087033 0.679194 0.728781 -0.500257 -0.000000 -0.865877 -0.218815 -0.000000 -0.975766 -0.707105 -0.001850 -0.707106 -0.707105 -0.001850 -0.707106 0.382118 -0.000789 -0.924113 0.382117 -0.000789 -0.924114 0.000000 -0.000827 -1.000000 0.000000 -0.000827 -1.000000 -0.144267 0.000000 -0.989539 -0.738975 -0.619999 -0.263663 -0.736544 -0.623250 -0.262798 -0.671657 -0.731687 -0.116233 
						-0.699863 -0.703934 -0.121113 -0.527039 -0.849841 0.000002 -0.461934 -0.886914 0.000002 0.145419 -0.067626 0.987056 0.382496 -0.001576 0.923956 0.382496 -0.001595 0.923956 0.793635 -0.000000 0.608394 0.575630 -0.000000 0.817711 0.924556 -0.000719 0.381045 0.924556 -0.000728 0.381045 0.928262 -0.019516 -0.371414 0.930419 -0.019147 -0.365997 1.000000 -0.000466 0.000329 1.000000 -0.000443 0.000312 0.704335 -0.001744 -0.709866 0.738110 -0.062498 -0.671780 0.290379 0.087172 0.952933 0.075374 0.076338 0.994229 0.078254 0.066315 0.994725 -0.045481 0.444222 -0.894762 0.000000 -0.094358 -0.995538 -0.007806 0.076939 -0.997005 -0.201383 0.000000 -0.979513 -0.189347 0.000000 -0.981910 -0.183388 -0.062817 0.981032 -0.063668 0.486203 0.871523 -0.127874 0.503183 0.854666 -0.106818 0.482791 0.869197 -0.115901 0.000492 -0.993261 -0.133779 -0.000084 -0.991011 -0.131227 -0.000074 -0.991352 -0.086442 -0.094523 0.991763 -0.160862 -0.074763 0.984141 0.953496 -0.011657 -0.301180 0.954666 -0.011490 -0.297459 -0.068334 0.566812 0.821008 -0.070776 0.566740 0.820851 -0.971218 -0.004666 -0.238146 -0.970517 -0.005817 -0.240963 -0.971203 -0.005773 -0.238183 -0.972267 -0.004262 -0.233833 -0.023408 0.562264 0.826626 -0.033214 0.937700 -0.345854 -0.023261 0.935510 -0.352534 -0.108338 0.949497 -0.294482 -0.141002 0.951940 -0.271899 -0.043470 0.593439 0.803704 -0.036535 0.587388 0.808480 0.017733 0.207949 0.977979 -0.079760 0.548419 0.832391 -0.107208 0.553024 0.826239 -0.037174 0.690469 0.722406 0.027843 0.689649 0.723608 0.081020 0.698091 0.711410 0.006912 0.438202 0.898850 0.074420 0.514042 0.854530 -0.382117 -0.000853 -0.924113 -0.382118 -0.000854 -0.924113 -0.793541 -0.000000 -0.608517 -0.575364 -0.000000 -0.817898 -0.924104 -0.001966 -0.382136 -0.924104 -0.001966 -0.382136 0.373415 0.008341 -0.927627 0.000338 -0.000511 -1.000000 
						0.000359 -0.000543 -1.000000 0.419937 -0.058201 -0.905685 -0.165834 0.000000 -0.986154 -0.287561 -0.254225 -0.923406 -0.276486 -0.367815 -0.887844 -0.148472 -0.158607 -0.976115 -0.148669 -0.150197 -0.977414 -0.284975 -0.000001 -0.958535 -0.259622 -0.000007 -0.965710 -0.362731 -0.000001 -0.931894 -0.412522 0.000001 -0.910948 -0.405483 -0.000001 -0.914102 -0.613651 -0.000002 -0.789577 -0.333606 -0.000001 -0.942713 0.388384 -0.000001 -0.921498 -0.137030 0.000007 -0.990567 0.196372 -0.078314 0.977397 0.233424 -0.073058 0.969627 0.000000 -0.001684 0.999999 -0.000000 -0.001702 0.999999 0.500332 -0.000000 0.865834 0.218983 -0.000001 0.975729 0.707104 -0.000755 0.707109 0.707106 -0.000764 0.707107 0.930175 0.018123 0.366669 0.928024 0.018534 0.372059 0.000004 0.000002 1.000000 0.000002 -0.000003 1.000000 0.000004 0.000000 1.000000 0.155733 0.100132 0.982711 0.064628 0.083097 0.994444 0.063829 0.066206 0.995762 -0.023265 0.235488 -0.971599 0.072628 -0.088581 -0.993418 0.075959 -0.089073 -0.993124 -0.053404 -0.000000 -0.998573 -0.111386 0.000000 -0.993777 -0.166232 0.004740 0.986075 -0.128896 -0.007930 0.991626 -0.072568 0.443834 0.893166 -0.149831 0.515398 0.843751 -0.060173 -0.130606 0.989607 -0.941230 -0.002026 -0.337760 -0.937314 -0.002091 -0.348479 -0.939884 -0.001952 -0.341489 -0.943627 -0.001914 -0.331006 0.009117 0.439084 0.898400 -0.972354 -0.003139 -0.233489 -0.973437 -0.003052 -0.228936 0.944530 0.307028 0.116602 0.947662 0.307126 0.087233 0.947663 0.307132 0.087203 0.944530 0.307031 0.116595 -0.029143 0.595198 0.803050 0.003409 0.572219 0.820094 0.005759 0.572347 0.819991 0.909779 -0.040424 -0.413119 0.904841 -0.041446 -0.423727 0.906858 -0.038773 -0.419648 0.912805 -0.038512 -0.406575 0.019356 -0.933729 -0.357457 0.030428 -0.937830 -0.345758 -0.053523 -0.898678 -0.435332 -0.060490 -0.894582 -0.442791 
						-0.035658 0.620246 0.783596 -0.014660 0.219464 0.975510 -0.041971 0.401078 0.915082 0.021599 0.440594 0.897447 0.022412 0.456181 0.889605 0.055724 0.573929 0.817007 0.101117 0.581211 0.807446 0.003694 0.483091 0.875562 0.015199 0.468749 0.883201 -0.372746 -0.009417 -0.927886 -0.419278 0.057076 -0.906062 -0.707106 -0.000889 -0.707107 -0.707108 -0.000888 -0.707105 -0.965962 -0.000001 -0.258683 -0.844460 -0.000000 -0.535618 -0.999998 -0.002036 0.000000 -0.999998 -0.002036 0.000000 -0.165990 -0.000000 -0.986127 -0.137968 -0.000000 -0.990437 -0.138704 -0.000000 -0.990334 -0.000001 0.114728 -0.993397 -0.000001 0.012248 -0.999925 0.902460 -0.380909 0.201184 0.926318 -0.089933 0.365852 0.914415 -0.170492 0.367121 0.882627 -0.418467 0.214136 0.870182 -0.080871 0.486048 0.870183 -0.080868 0.486047 0.325434 -0.080853 0.942102 0.325435 -0.080856 0.942101 -0.126848 0.004281 -0.991913 -0.382496 -0.001760 0.923956 -0.382496 -0.001760 0.923956 -0.001011 -0.000000 1.000000 -0.001809 -0.000000 0.999998 0.382118 -0.000801 0.924113 0.382119 -0.000790 0.924113 0.737686 0.061481 0.672339 0.703862 0.000767 0.710337 0.000011 0.000002 1.000000 0.000005 -0.000003 1.000000 0.000006 0.000004 1.000000 0.071213 -0.035503 -0.996829 0.099524 -0.088001 -0.991136 0.099916 -0.087741 -0.991120 0.132724 -0.000001 -0.991153 0.194323 -0.000001 -0.980938 -0.175082 -0.000000 -0.984554 -0.091640 0.561121 0.822646 -0.099471 0.401552 0.910418 -0.129707 0.535122 0.834758 -0.989994 -0.090170 0.108541 -0.806405 -0.472434 0.355692 -0.726662 -0.236046 0.645171 -0.840886 -0.084806 0.534526 -0.109024 -0.137709 0.984454 -0.175082 -0.220526 0.959539 -0.570060 -0.419351 0.706524 -0.510779 -0.166930 0.843350 -0.938117 -0.002171 -0.346313 -0.934613 -0.002204 -0.355660 0.967462 0.229668 -0.106162 0.962207 0.241062 -0.126679 0.959780 0.250688 -0.126404 
						0.967457 0.229658 -0.106230 0.031994 0.645492 0.763097 -0.005306 0.428814 0.903377 -0.026011 -0.943775 -0.329565 -0.034738 -0.946449 -0.320980 0.039371 -0.917915 -0.394819 0.045599 -0.914907 -0.401080 0.940383 0.307163 0.146054 0.940381 0.307160 0.146072 -0.012895 0.954545 -0.297787 0.001668 0.952645 -0.304080 -0.114623 0.960722 -0.252733 -0.159087 0.959412 -0.232851 0.027494 0.571366 0.820234 0.034682 0.548262 0.835587 -0.973562 -0.000816 -0.228422 -0.972651 -0.000995 -0.232268 -0.973439 -0.000985 -0.228944 -0.974604 -0.000746 -0.223935 0.906820 -0.043217 -0.419297 0.902727 -0.043771 -0.427981 -0.081982 0.599059 0.796497 -0.078053 0.591976 0.802167 -0.014358 0.482430 0.875817 0.043759 0.522612 0.851447 -0.036206 0.362710 0.931198 0.054677 0.501723 0.863298 0.006590 0.426459 0.904483 0.027044 0.440130 0.897527 -0.703818 0.000680 -0.710380 -0.737646 0.061390 -0.672391 -0.924556 -0.000951 -0.381046 -0.924557 -0.000950 -0.381042 -1.000000 -0.000000 -0.000729 -0.941580 -0.000000 -0.336788 -0.206617 -0.000000 -0.978422 -0.198353 -0.000000 -0.980131 -0.999998 -0.002020 0.000000 -0.999998 -0.002020 0.000000 -0.924104 -0.001949 0.382136 -0.924104 -0.001949 0.382136 0.974920 -0.106288 0.195537 0.987474 -0.096804 0.124594 0.981524 -0.145855 0.123840 0.989549 -0.072146 0.124849 -0.128160 0.276975 -0.952292 -0.124722 0.009615 -0.992145 -0.122841 0.020802 -0.992208 -0.707106 -0.001834 0.707105 -0.707105 -0.001834 0.707106 -0.222341 0.000000 0.974969 -0.501699 0.000000 0.865042 0.000000 -0.000823 1.000000 0.000000 -0.000813 1.000000 0.419306 0.057120 0.906046 0.372770 -0.009377 0.927876 -0.000362 -0.000546 1.000000 -0.000343 -0.000517 1.000000 0.000003 0.000004 1.000000 -0.997174 -0.061400 -0.043280 -0.930140 0.017981 -0.366765 -0.927990 0.018395 -0.372150 -1.000000 -0.000598 -0.000422 0.170964 0.108956 0.979234 
						0.060654 0.086923 0.994367 0.035535 0.065236 0.997237 0.132145 -0.093681 -0.986794 0.275900 -0.960000 -0.047745 0.308646 -0.949676 -0.053411 0.106096 -0.994356 0.000001 0.082662 -0.996578 0.000001 0.378364 -0.915760 -0.134999 0.416487 -0.896915 -0.148600 -0.267854 -0.000000 -0.963459 -0.021676 0.002591 0.999762 -0.049457 0.420064 0.906146 0.596758 0.758995 -0.260398 0.584484 0.766588 -0.265933 0.661959 0.713594 -0.229333 0.686309 0.694163 -0.217065 -0.787978 0.045691 0.614006 -0.893136 0.304690 0.330867 -0.165023 -0.071298 0.983709 -0.071268 0.041603 0.996589 0.929134 0.340213 -0.144793 0.917080 0.371648 -0.144367 0.955242 -0.003893 -0.295799 0.954538 -0.004600 -0.298054 0.955529 -0.004267 -0.294866 0.955973 -0.003625 -0.293431 -0.029776 0.215529 0.976043 0.029319 0.540176 0.841041 0.046694 0.609906 0.791097 -0.001214 0.440340 0.897830 0.006694 0.599262 0.800525 0.009760 0.605332 0.795913 0.908049 -0.014051 -0.418629 0.905656 -0.014453 -0.423766 0.906151 -0.013663 -0.422733 0.907183 -0.013413 -0.420522 -0.974828 -0.000575 -0.222956 -0.975720 -0.000558 -0.219019 0.032765 0.497276 0.866974 0.945008 0.302387 0.124590 0.952718 0.285848 0.103047 0.951607 0.289439 0.103293 0.944569 0.303592 0.124985 0.051081 0.565287 0.823311 0.031569 0.489321 0.871532 -0.015811 0.402761 0.915169 -0.047564 0.203586 0.977901 -0.071294 0.269238 0.960431 -1.000000 -0.000992 0.000000 -1.000000 -0.000991 -0.000000 -0.942909 0.000000 0.333052 -1.000000 -0.000000 -0.000714 -0.966441 0.000001 0.256889 -0.846599 0.000000 0.532231 -0.252511 -0.000000 -0.967594 -0.235624 -0.000000 -0.971844 0.996148 -0.087694 -0.000000 0.996446 -0.084232 -0.000002 -0.106947 0.198536 -0.974241 -0.104013 0.425789 -0.898824 -0.105940 0.363302 -0.925629 -0.100401 0.368993 -0.923993 0.996733 -0.080770 -0.000006 -0.578444 0.000000 0.815722 
						-0.794597 0.000000 0.607137 -0.382119 -0.000839 0.924113 -0.382119 -0.000839 0.924113 -0.373443 0.008299 0.927616 -0.419963 -0.058243 0.905671 -0.704373 -0.001824 0.709828 -0.738143 -0.062580 0.671736 -0.928296 -0.019657 0.371321 -0.930454 -0.019296 0.365900 -0.997290 0.060138 0.042390 -1.000000 -0.000603 -0.000425 -0.058318 0.000951 -0.998298 -0.058431 0.000049 -0.998292 -0.058281 -0.000014 -0.998300 -0.058277 -0.000019 -0.998300 0.229238 -0.088076 -0.969377 0.196320 -0.081671 -0.977133 -0.071591 -0.000001 -0.997434 0.096170 -0.000003 -0.995365 0.055204 -0.000001 -0.998475 0.012683 -0.000002 -0.999920 -0.026525 -0.000001 -0.999648 -0.149345 -0.000009 -0.988785 -0.153218 -0.000001 -0.988192 -0.639698 -0.000001 -0.768626 0.128057 -0.524212 -0.841904 0.230077 -0.633412 -0.738819 0.229596 -0.635384 -0.737274 0.123741 -0.568210 -0.813527 -0.239030 0.023258 0.970734 -0.269471 0.083341 0.959395 -0.572835 0.296271 0.764253 -0.558844 0.040692 0.828274 0.040443 0.030261 0.998724 -0.021723 0.000188 0.999764 0.022020 0.000040 0.999758 0.016385 0.000016 0.999866 0.046451 0.105228 0.993363 0.030625 0.061415 0.997642 -0.194074 0.561325 0.804518 -0.226035 0.649036 0.726403 -0.167664 0.566762 0.806641 0.955723 -0.003230 -0.294249 0.956162 -0.003318 -0.292819 0.553603 0.259105 0.791447 0.443183 0.090610 0.891840 0.020703 0.457880 0.888773 0.907645 -0.014849 -0.419476 0.903398 -0.015064 -0.428538 0.523912 -0.758393 -0.387759 0.511860 -0.770991 -0.378910 0.574455 -0.698678 -0.426439 0.581036 -0.689991 -0.431636 0.943289 0.296881 0.148549 0.942779 0.298959 0.147618 -0.012471 0.335318 0.942023 0.047703 0.488271 0.871387 -1.000000 -0.000976 -0.000000 -1.000000 -0.000976 0.000000 -0.924556 -0.000935 0.381046 -0.924557 -0.000935 0.381044 0.996450 -0.084187 -0.000002 0.996155 -0.087608 -0.000000 0.988328 -0.087507 -0.124701 
						0.988620 -0.084090 -0.124740 -0.289891 -0.000000 -0.957060 -0.273108 -0.000000 -0.961984 -0.105708 0.406889 -0.907341 -0.106261 0.455591 -0.883824 0.996733 -0.080768 -0.000006 0.988899 -0.080675 -0.124779 -0.707107 -0.000874 0.707106 -0.707107 -0.000874 0.707106 0.201626 0.092351 0.975099 0.107512 0.092436 0.989897 0.059333 0.055094 0.996717 -0.058177 0.008632 -0.998269 0.000000 -0.368124 -0.929776 0.000000 -0.270128 -0.962824 0.325429 -0.080842 -0.942104 0.325432 -0.080840 -0.942104 0.922455 -0.079225 -0.377890 0.870176 -0.080882 -0.486057 0.870177 -0.080879 -0.486056 0.922454 -0.079223 -0.377891 0.969861 -0.079751 -0.230237 0.972282 -0.082402 -0.218811 -0.192326 -0.132174 0.972389 -0.064996 -0.037545 0.997179 -0.029566 -0.000147 0.999563 -0.044530 -0.063626 0.996980 -0.441454 0.000038 0.897284 -0.255439 -0.042003 0.965912 0.048839 0.171570 0.983961 0.024327 0.217037 0.975860 -0.236346 -0.055944 0.970057 -0.270076 -0.088573 0.958756 -0.251356 -0.105216 0.962159 0.863803 0.160238 0.477670 0.705867 0.039264 0.707255 -0.012821 0.025797 0.999585 -0.148703 -0.005821 0.988865 0.046907 0.587876 0.807590 0.032465 0.562195 0.826367 0.090110 0.585906 0.805354 0.056870 0.550475 0.832912 0.032585 0.458177 0.888263 0.070279 0.573739 0.816018 -0.004630 0.003208 0.999984 0.003065 0.001662 0.999994 -0.037541 0.000335 0.999295 -0.039659 0.290507 0.956051 0.060015 0.559193 0.826862 0.976693 -0.087733 -0.195894 -0.103469 0.586780 -0.803108 -0.141790 0.581758 -0.800908 -0.110592 0.588474 -0.800917 -0.106723 0.585705 -0.803467 -0.102485 0.377889 -0.920161 -0.102290 0.430466 -0.896792 -0.050388 0.279427 -0.958844 -0.058055 0.012885 -0.998230 -0.057993 0.021717 -0.998081 -0.083594 0.159145 -0.983710 0.306440 -0.325084 0.894659 0.278409 -0.243247 0.929150 -0.031178 0.003500 0.999508 -0.614503 0.788915 0.000000 
						-0.613531 0.789671 0.000000 -0.545165 0.838329 0.000001 -0.620375 0.784305 0.000001 -0.173316 -0.126401 0.976721 0.912359 -0.132366 0.387403 0.756508 -0.108110 0.644986 0.157724 -0.061292 0.985579 0.042417 0.581838 0.812198 0.053724 0.589871 0.805709 -0.070880 0.007277 0.997458 -0.079084 0.005185 0.996855 -0.079229 0.017665 0.996700 -0.074580 0.001469 0.997214 0.015834 0.013466 0.999784 -0.053431 0.023665 0.998291 0.012463 0.008511 0.999886 -0.037951 0.999274 -0.003345 -0.038760 0.999244 -0.003133 -0.038942 0.999236 -0.003179 -0.037877 0.999277 -0.003371 -0.106588 0.585684 -0.803501 -0.080969 0.342980 -0.935847 0.179093 0.077826 0.980749 0.152932 0.102159 0.982942 0.067729 0.092576 0.993399 0.051402 0.042684 0.997765 0.083467 -0.063807 0.994466 0.051643 -0.014375 0.998562 0.602497 -0.236097 0.762402 0.710417 -0.342774 0.614665 -0.049512 -0.171750 0.983896 -0.017918 0.277262 0.960627 -0.026373 0.089238 0.995661 0.016433 0.121823 0.992416 0.078623 0.328349 0.941279 -0.688252 0.725472 -0.000000 -0.781429 0.623995 0.000003 -0.003680 0.195711 0.980655 0.079887 0.302075 0.949931 0.252620 -0.112978 0.960947 0.042770 0.566415 0.823010 0.163981 0.085576 0.982745 -0.036795 0.999318 -0.003172 -0.037054 0.999308 -0.003125 -0.096214 0.021388 0.995131 -0.088189 0.016555 0.995966 -0.003188 0.018638 0.999821 0.002300 0.024105 0.999707 -0.019873 0.028613 0.999393 0.138780 0.667380 0.731672 0.112366 0.577953 0.808297 0.023600 0.597309 0.801664 -0.137647 -0.011772 0.990411 -0.071444 0.997425 -0.006326 -0.054629 0.998502 -0.003033 -0.014693 -0.000099 0.999892 -0.011882 -0.000015 0.999929 -0.037751 0.000019 0.999287 -0.037972 0.000019 0.999279 -0.103114 0.828760 -0.550022 -0.183368 0.809310 -0.558026 -0.105349 0.819358 -0.563519 -0.116298 0.818044 -0.563276 0.156090 0.122404 0.980129 
						0.136848 0.179348 0.974221 0.113600 0.149445 0.982222 -0.054568 0.581508 -0.811708 -0.082003 0.584688 -0.807103 0.105198 -0.146312 0.983629 -0.232099 -0.050880 0.971361 -0.204425 -0.048647 0.977673 0.020724 0.495933 0.868113 0.110539 0.590883 0.799148 0.059613 0.525233 0.848868 0.013401 0.999892 -0.006035 0.030665 0.999526 -0.002707 -0.062172 0.001659 0.998064 -0.059474 0.001599 0.998229 0.067844 0.007437 0.997668 -0.036218 0.271377 0.961791 -0.114810 0.136715 0.983935 -0.087886 0.135410 0.986884 -0.044299 0.344654 0.937684 -0.142147 0.033091 0.989292 -0.058026 0.050472 0.997038 -0.361181 0.932395 -0.013722 -0.199550 0.979688 -0.019771 -0.018879 0.000102 0.999822 0.003262 0.000868 0.999994 -0.037547 0.000019 0.999295 -0.008429 0.000083 0.999964 -0.111121 0.959778 -0.257832 -0.119411 0.960839 -0.250057 -0.108521 0.819347 -0.562933 0.989737 0.083492 0.115976 0.842021 0.059106 0.536198 0.801003 -0.057993 0.595845 0.908872 -0.314730 0.273671 0.794218 0.457461 0.399935 0.730354 0.191598 0.655648 0.608838 -0.039512 0.792310 0.638809 -0.344176 0.688088 0.254549 0.150799 0.955230 0.295633 -0.033514 0.954714 0.214646 -0.131285 0.967828 -0.056179 -0.051321 0.997101 -0.052822 -0.065661 0.996443 -0.047454 -0.080921 0.995590 -0.013946 0.031556 0.999405 -0.502918 0.864317 -0.005453 -0.571793 0.820395 -0.002353 0.266272 -0.115770 0.956920 0.080137 0.996407 -0.027425 0.344130 0.938471 -0.029106 -0.073037 0.003402 0.997323 -0.085738 0.004077 0.996309 -0.065755 0.001740 0.997834 -0.024780 0.555552 0.831113 -0.113040 0.369904 0.922168 0.019064 0.283622 0.958747 -0.086995 0.000028 0.996209 -0.125885 0.000004 0.992045 0.016504 0.004266 0.999855 0.034938 0.007072 0.999364 0.027329 0.001723 0.999625 -0.037366 -0.999296 0.003343 -0.037285 -0.999299 0.003368 0.020667 -0.999781 0.003177 
						0.022150 -0.999750 0.003131 -0.204588 0.919430 -0.335846 -0.353016 0.874168 -0.333481 -0.122982 0.958638 -0.256688 -0.107071 0.960180 -0.258051 -0.072585 0.833334 -0.547984 0.433522 0.389214 0.812756 0.451599 0.166265 0.876592 -0.350302 0.372213 0.859503 -0.291823 0.244110 0.924797 -0.022115 0.824188 -0.565885 0.075960 0.118557 0.990038 0.186955 0.281115 0.941288 -0.014101 0.036823 0.999222 0.045808 0.499609 0.865039 0.017541 0.187630 0.982083 -0.094857 0.020070 0.995289 -0.062905 0.013175 0.997933 -0.101999 0.004568 0.994774 -0.096658 -0.995313 0.003126 -0.094923 -0.995480 0.003171 0.130631 -0.020845 0.991212 0.163947 -0.023844 0.986181 -0.048594 0.043913 0.997853 0.185437 -0.034095 0.982064 0.380667 0.000031 0.924712 0.021932 0.012651 0.999679 0.031886 0.011300 0.999428 0.049297 0.010377 0.998730 0.082889 -0.996555 0.002715 0.102029 -0.994778 0.002497 -0.008492 -0.156002 0.987720 -0.038590 -0.121497 0.991841 -0.037601 -0.142335 0.989104 -0.109808 0.982202 -0.152389 -0.112618 0.981835 -0.152703 -0.075079 0.985599 -0.151519 -0.072430 0.985761 -0.151752 -0.304359 0.049408 -0.951275 -0.430353 0.068736 -0.900040 -0.423390 0.141193 -0.894877 -0.290615 0.096930 -0.951918 -0.081488 0.961976 -0.260693 -0.096933 0.983446 -0.153095 0.107640 0.098911 0.989257 0.074557 -0.018255 0.997050 -0.624161 0.229945 0.746692 -0.770647 0.352571 0.530846 -0.037905 -0.172767 0.984233 -0.014678 -0.193190 0.981052 -0.040642 -0.200707 0.978808 -0.039540 -0.162841 0.985860 -0.022259 -0.014038 0.999654 -0.021731 0.075950 0.996875 0.002316 0.077474 0.996992 0.071330 0.212640 0.974524 0.027763 0.173113 0.984510 0.229952 0.973112 0.013209 0.320876 0.947109 -0.004819 -0.103069 0.039111 0.993905 -0.106418 0.040381 0.993501 -0.124196 0.026093 0.991915 -0.175567 -0.984464 0.002471 -0.153899 -0.988083 0.002688 
						-0.066660 -0.151933 0.986140 0.531038 0.847348 0.000001 0.758084 0.652157 0.000002 0.609931 0.792455 0.000001 0.523201 0.852209 0.000001 0.443160 0.896442 0.000002 0.523823 0.851827 0.000002 0.000000 0.000295 1.000000 -0.000000 -0.007664 0.999971 0.000007 0.060696 0.998156 0.000010 0.073857 0.997269 -0.000000 0.085165 0.996367 0.000000 0.051133 0.998692 0.031929 0.008976 0.999450 0.236723 -0.971576 0.001794 0.410838 -0.911706 0.002145 0.033605 -0.064981 0.997320 0.080657 -0.003661 0.996735 -0.334915 -0.000000 -0.942248 -0.221949 0.000000 -0.975058 -0.096817 0.047566 -0.994165 -0.142041 0.044683 -0.988852 -0.115398 0.062892 -0.991326 -0.085201 0.069210 -0.993957 -0.168387 0.038787 -0.984958 -0.277428 0.049473 -0.959472 -0.000013 0.798507 -0.601986 -0.000174 0.807955 -0.589244 -0.124231 0.765076 -0.631843 -0.137769 0.773838 -0.618218 -0.237036 0.711034 -0.662001 -0.247550 0.742962 -0.621874 0.061333 0.998117 -0.000091 -0.193035 0.981192 0.000035 -0.012519 0.999922 -0.000056 -0.018484 0.999829 -0.000187 0.115437 0.993315 -0.000139 0.104475 0.994527 -0.000190 -0.135913 0.978931 -0.152388 -0.131984 0.979553 -0.151842 -0.085715 0.061471 -0.994421 -0.072222 0.040669 -0.996559 0.020355 0.941033 -0.337703 0.146831 0.927733 -0.343149 0.270646 0.083034 0.959091 0.256886 0.110240 0.960134 0.182692 0.162538 0.969642 -0.273062 -0.352065 0.895258 -0.327669 -0.194858 0.924480 0.229920 0.063527 0.971134 0.068204 0.225865 0.971768 -0.756293 0.118860 0.643345 -0.925090 0.102086 0.365770 -0.099674 0.153331 0.983135 -0.040511 -0.174471 0.983829 -0.040381 -0.174476 0.983833 0.168227 0.048553 0.984552 0.215885 0.089747 0.972286 0.064332 0.035147 0.997309 0.568589 -0.822618 0.002386 0.653094 -0.757273 0.002355 -0.049520 0.142458 0.988561 -0.057355 0.208001 0.976445 -0.112141 0.182151 0.976855 
						-0.029709 0.051439 0.998234 -0.099120 0.037612 0.994365 -0.477289 -0.878744 0.002131 -0.311691 -0.950182 0.001779 -0.152710 0.011147 0.988208 -0.109558 -0.060329 0.992148 0.015462 0.139588 0.990089 0.007131 0.342864 0.939358 -0.105341 0.383186 0.917645 -0.137228 0.034601 -0.989935 -0.084988 0.036919 -0.995698 0.066167 0.028198 -0.997410 0.116356 0.652456 -0.748841 0.206706 0.620065 -0.756830 0.173533 0.520144 -0.836264 0.100542 0.618279 -0.779501 0.000141 0.712682 -0.701487 0.000306 0.734583 -0.678519 -0.046242 0.044185 -0.997953 -0.116018 0.029071 -0.992822 0.133449 0.021649 -0.990819 0.243559 0.081172 -0.966483 0.258982 0.086324 -0.962017 0.215714 0.034425 -0.975850 -0.753330 -0.297080 0.586717 -0.670117 -0.091752 0.736563 0.005419 -0.015070 0.999872 0.136833 0.035092 0.989972 -0.002232 0.082394 0.996597 -0.001147 0.120328 0.992734 -0.001086 0.129978 0.991516 -0.002469 0.066999 0.997750 -0.000825 0.142578 0.989783 -0.000819 0.142918 0.989734 -0.001240 0.131064 0.991373 -0.002163 0.096151 0.995364 0.005313 0.154900 0.987916 0.005435 0.158926 0.987276 -0.217240 0.108071 0.970117 0.074356 -0.100847 0.992120 -0.039419 0.127775 0.991020 -0.720118 -0.693848 0.002264 -0.633985 -0.773342 0.002334 -0.235624 0.065205 0.969654 -0.106420 0.025778 -0.993987 -0.238673 0.971100 -0.000121 -0.030221 0.999543 -0.000209 -0.048145 0.998840 -0.000038 -0.232691 0.972551 -0.000112 -0.418802 0.908077 -0.000162 -0.828032 0.560680 -0.000304 0.118617 0.000000 -0.992940 -0.026111 0.000000 -0.999659 -0.001901 0.023168 0.999730 -0.000699 0.069459 0.997585 -0.153153 0.049831 0.986945 0.003220 0.098126 0.995169 0.002237 0.080767 0.996731 0.002242 0.080988 0.996713 0.003421 0.118224 0.992981 0.999936 -0.008862 0.007046 0.999931 -0.009499 0.006871 0.999846 -0.017047 -0.004215 0.999872 -0.015443 -0.004257 
						0.999492 -0.031835 0.001334 0.999455 -0.032873 0.003156 0.999577 -0.028576 0.005354 0.999579 -0.028602 0.004811 -0.264305 0.102810 0.958944 0.999594 -0.028239 -0.003669 0.999625 -0.027321 -0.002063 0.009807 0.143225 0.989642 0.009181 0.124201 0.992215 -0.128898 0.058596 0.989925 -0.279295 0.112906 0.953544 -0.000002 0.047910 0.998852 0.000005 0.053238 0.998582 0.045577 -0.011054 0.998900 0.045527 -0.010253 0.998910 0.045536 -0.010251 0.998910 0.055500 -0.031773 0.997953 -0.123266 0.026474 -0.992020 -0.230801 0.018920 -0.972817 -0.131288 0.024705 -0.991036 0.999488 -0.031922 -0.002371 0.999559 -0.029454 -0.003781 0.001307 0.052907 0.998599 0.001065 0.028726 0.999587 -0.248152 0.112464 0.962171 0.999589 -0.028623 -0.001347 0.999589 -0.028626 -0.001508 0.999711 -0.023625 0.004425 0.999719 -0.023125 0.005216 0.017654 0.998111 -0.058845 0.009192 0.998148 -0.060142 0.020772 0.997732 -0.064031 0.027402 0.997455 -0.065816 0.026052 0.997727 -0.062142 0.007949 0.066817 0.997734 0.007744 0.056143 0.998393 0.999312 -0.036085 -0.008628 0.999438 -0.032836 -0.006721 0.029148 0.997587 -0.063016 0.053843 -0.027788 0.998163 0.046705 0.007808 0.998878 0.078775 -0.095375 0.992320 0.073068 -0.159884 0.984428 0.027348 0.997850 -0.059555 0.999628 -0.025483 -0.009708 0.999625 -0.025780 -0.009212 0.005205 0.015215 0.999871 0.005139 0.003530 0.999981 0.015251 0.997897 -0.063002 0.017327 0.997618 -0.066770 0.999128 -0.041537 -0.004272 0.999308 -0.036937 -0.004294 0.035169 0.997434 -0.062352 0.999836 -0.011033 -0.014361 0.999833 -0.011474 -0.014259 0.014793 0.997409 -0.070395 0.999988 -0.002455 -0.004217 0.999987 -0.002633 -0.004284 0.021460 0.997536 -0.066790 0.007959 0.997546 -0.069565 0.145812 0.150175 0.977848 -0.063297 0.037940 0.997273 -0.068264 0.040880 0.996829 -0.069881 0.041818 0.996678 
						0.000000 0.291406 0.956599 -0.000000 0.097123 0.995272 0.000008 0.061236 0.998123 -0.000000 0.091890 0.995769 0.000003 0.048778 0.998810 0.089418 0.033118 0.995444 0.083420 0.029062 0.996091 0.330493 -0.098770 0.938626 0.041061 0.126197 0.991155 0.044712 0.085103 0.995368 0.011770 0.156511 0.987606 0.021689 0.076170 0.996859 0.047526 -0.003205 0.998865 0.078405 0.044996 0.995906 0.095595 -0.055118 0.993893 0.110603 -0.068566 0.991497 0.070487 -0.028174 0.997115 -0.080940 -0.037830 0.996001 -0.085719 -0.039284 0.995545 -0.084754 -0.035900 0.995755 -0.000000 -0.124806 0.992181 0.000004 -0.131473 0.991320 -0.000000 -0.132336 0.991205 -0.000000 -0.099404 0.995047 -0.000000 0.065666 0.997842 -0.000000 0.107997 0.994151 0.000017 -0.123869 0.992299 0.000033 -0.110459 0.993881 -0.000000 -0.236524 0.971626 -0.000000 -0.081304 0.996689 -0.000000 -0.116480 0.993193 0.000000 -0.061013 0.998137 0.000032 -0.109297 0.994009 -0.080424 0.035862 0.996115 -0.106451 -0.286422 0.952172 -0.077751 -0.309698 0.947651 -0.073514 -0.309600 0.948021 0.126482 -0.065227 0.989822 0.131765 -0.068167 0.988934 0.142616 -0.070552 0.987260 -0.187321 -0.109571 0.976169 -0.040707 -0.050601 0.997889 -0.037275 -0.013368 0.999216 -0.046528 -0.012330 0.998841 -0.047281 -0.078061 0.995827 -0.036528 0.033298 0.998778 -0.031690 0.021526 0.999266 -0.055845 -0.018280 0.998272 -0.025519 -0.006904 0.999650 -0.024711 0.034825 0.999088 -0.061195 0.263444 0.962732 -0.035203 0.353244 0.934869 0.004053 0.299243 0.954168 -0.013383 0.213696 0.976809 -0.069511 0.304673 0.949917 -0.042092 0.411499 0.910438 -0.032807 0.472489 0.880726 -0.050148 0.020388 0.998534 -0.016510 -0.011776 0.999794 -0.020207 0.450994 0.892298 -0.044888 0.012253 0.998917 -0.037090 0.003084 0.999307 -0.046392 0.038790 0.998170 -0.021520 0.306678 0.951570 
						0.025528 0.026862 -0.999313 0.026742 0.012264 -0.999567 0.026401 0.018564 -0.999479 0.025769 0.007806 -0.999638 0.026982 0.022826 -0.999375 -0.054698 -0.018316 0.998335 -0.033761 -0.049612 0.998198 -0.027362 -0.074420 0.996851 -0.020520 -0.013773 0.999695 -0.044472 0.004620 0.999000 -0.028872 0.008221 0.999549 -0.029233 0.008589 0.999536 -0.036972 -0.033132 0.998767 0.028000 0.035590 -0.998974 0.024595 0.038577 -0.998953 -0.029099 0.998918 0.036284 -0.027120 0.997469 0.065734 -0.026462 0.997443 0.066389 -0.029596 0.998877 0.037007 -0.024526 0.997816 0.061328 -0.000057 0.999675 0.025503 -0.000047 0.999682 0.025218 -0.023718 0.997823 0.061542 -0.023840 0.999501 -0.020733 -0.022949 0.999524 -0.020625 -0.052234 0.998588 -0.009689 -0.051439 0.998620 -0.010591 -0.000492 0.999805 0.019724 -0.000525 0.999805 0.019724 0.051717 0.998619 -0.009283 0.050951 0.998649 -0.010190 0.023701 0.999505 -0.020679 0.022817 0.999528 -0.020581 -0.000049 0.999672 0.025616 -0.000060 0.999679 0.025323 0.025903 0.997624 0.063843 0.025078 0.997626 0.064138 0.028854 0.998931 0.036105 0.029363 0.998890 0.036833 -0.000378 0.999805 0.019725 -0.000385 0.999805 0.019726 0.026271 0.020126 -0.999452 0.026396 0.020764 -0.999436 0.026279 0.016223 -0.999523 0.026475 0.011395 -0.999585 0.026373 -0.002488 -0.999649 0.026228 0.013035 -0.999571 -0.001398 0.079814 0.996809 -0.002083 0.091925 0.995764 0.000081 0.174326 0.984688 -0.000683 0.151888 0.988397 0.004710 0.133936 0.990979 0.000149 0.102360 0.994747 0.001835 0.045720 0.998953 0.002719 0.048671 0.998811 0.008581 0.105959 0.994333 0.001969 0.119312 0.992855 0.007986 0.068747 0.997602 0.005789 0.123077 0.992380 -0.994770 0.102135 0.000637 -0.807402 0.515342 0.287270 -0.846070 0.465121 0.260439 -0.996064 0.088638 0.000672 -0.394624 0.465909 0.791960 
						-0.512925 0.436623 0.739100 0.112488 -0.002243 0.993651 -0.028119 0.000644 0.999604 0.595306 -0.411352 0.690217 0.530302 -0.431594 0.729730 0.891782 -0.396744 0.217531 0.883264 -0.409981 0.227509 0.998852 0.047912 -0.000359 0.999285 0.037821 -0.000342 0.824346 0.487305 0.288075 0.866235 0.428143 0.257546 0.315605 0.471628 0.823384 0.457194 0.438361 0.773830 -0.226143 0.003178 0.974089 -0.099676 0.002548 0.995017 -0.652274 -0.371862 0.660498 -0.606709 -0.389191 0.693134 -0.920336 -0.335560 0.200950 -0.915952 -0.343859 0.206867 0.005053 -0.103890 0.994576 0.005187 -0.112697 0.993616 0.002282 -0.069309 0.997593 0.002381 -0.086489 0.996250 0.005979 -0.041639 0.999115 0.006825 -0.083421 0.996491 0.005971 -0.050022 0.998730 0.005885 -0.038076 0.999258 0.000326 -0.038113 0.999273 0.000179 -0.033222 0.999448 0.006249 -0.146684 0.989164 0.005134 -0.103100 0.994658 -0.001096 -0.109105 0.994030 -0.001341 -0.085591 0.996329 0.000113 -0.120939 0.992660 0.000165 -0.125120 0.992142 0.026956 -0.867260 -0.497126 0.028622 -0.999590 -0.001116 0.028641 -0.999576 -0.005197 0.026880 -0.863560 -0.503528 0.010636 -0.501135 0.865304 -0.004218 -0.001871 0.999989 -0.004307 0.001217 0.999990 0.010574 -0.499028 0.866521 -0.017972 0.498833 0.866512 -0.017981 0.499341 0.866219 -0.003467 -0.047032 0.998887 -0.003130 -0.056977 0.998371 0.028609 -0.999590 -0.001116 0.022696 -0.867506 0.496908 0.022691 -0.867125 0.497573 0.028639 -0.999576 -0.005197 0.000794 -0.155931 0.987768 0.000627 -0.139638 0.990202 0.004288 -0.000328 -0.999991 0.018044 -0.500909 -0.865312 0.017968 -0.497932 -0.867030 0.004260 0.000619 -0.999991 -0.017199 0.999852 0.000039 -0.020842 0.999783 0.000054 -0.008858 0.999961 -0.000023 -0.027101 0.999633 0.000031 -0.025640 0.999671 0.000071 -0.004400 -0.111876 0.993712 -0.004276 -0.117891 0.993017 
						-0.026907 0.865331 0.500478 -0.026870 0.864232 0.502375 -0.029398 0.999568 -0.000020 -0.027007 0.999635 0.000111 -0.010631 0.500567 -0.865633 -0.010578 0.498871 -0.866612 -0.004076 -0.168429 0.985705 -0.004111 -0.163289 0.986570 -0.015304 0.999883 0.000030 -0.017465 0.999848 0.000078 -0.028630 0.999588 0.002200 -0.028611 0.999591 -0.000326 -0.035824 0.999358 -0.000099 -0.022703 0.867200 -0.497443 -0.022584 0.863894 -0.503167 -0.015044 0.999887 0.000131 -0.022298 0.999751 0.000052 -0.008642 0.999963 0.000207 0.002768 -0.100869 0.994896 0.000794 -0.111978 0.993710 -0.001076 -0.038368 0.999263 -0.004909 -0.024440 0.999689 0.001116 -0.087382 0.996174 -0.006641 -0.058770 0.998250 -0.001947 -0.098792 0.995106 -0.000307 -0.119308 0.992857 -0.002630 -0.111677 0.993741 0.000313 -0.151172 0.988507 -0.006074 -0.105905 0.994358 -0.005310 -0.139776 0.990169 0.995690 -0.092739 0.000078 0.996013 -0.089211 -0.000024 0.934954 0.311146 0.170436 0.922996 0.337804 0.184302 0.684450 0.374187 0.625709 0.596684 0.410317 0.689643 0.223339 0.004235 0.974732 0.073745 0.001187 0.997277 -0.336519 -0.475867 0.812592 -0.432973 -0.458217 0.776255 -0.784027 -0.540959 0.304410 -0.805309 -0.518176 0.288047 -0.991236 -0.132102 -0.000516 -0.990998 -0.133878 -0.000468 -0.939366 0.292255 0.179386 -0.921849 0.331999 0.199928 -0.632550 0.378538 0.675714 -0.520688 0.421103 0.742668 -0.098346 -0.001098 0.995152 0.047622 -0.000135 0.998865 0.444603 -0.441907 0.779132 0.517664 -0.422813 0.743810 0.832142 -0.477306 0.282345 0.844379 -0.461640 0.271869 0.000004 -0.000003 1.000000 0.000005 -0.000003 1.000000 0.000005 0.000003 1.000000 0.000002 0.000003 1.000000 0.000005 0.000003 1.000000 -0.000002 0.000003 1.000000 0.000001 -0.000003 1.000000 0.000009 -0.000003 1.000000 0.000004 0.000003 1.000000 -0.000000 -0.000002 1.000000 
						-0.394507 0.005573 -0.918876 -0.396693 0.006000 -0.917932 -0.399189 0.005998 -0.916849 -0.398117 0.005563 -0.917318 -0.399050 0.006026 -0.916909 -0.400427 0.006027 -0.916309 -0.402320 0.005651 -0.915482 -0.402195 0.005651 -0.915537 -0.403869 0.004895 -0.914804 -0.403336 0.004893 -0.915039 -0.405157 0.003808 -0.914239 -0.404098 0.003803 -0.914708 -0.404185 0.002451 -0.914674 -0.403964 0.002450 -0.914771 -0.402297 0.000920 -0.915509 -0.403121 0.000925 -0.915146 -0.399630 -0.000681 -0.916676 -0.401854 -0.000666 -0.915704 -0.396723 -0.002236 -0.917936 -0.400393 -0.002213 -0.916341 -0.394897 -0.003628 -0.918718 -0.399165 -0.003606 -0.916872 -0.393999 -0.004766 -0.919099 -0.398589 -0.004748 -0.917117 -0.394627 -0.005573 -0.918824 -0.398515 -0.005563 -0.917145 -0.396774 -0.006001 -0.917897 -0.399431 -0.005998 -0.916744 -0.399049 -0.006027 -0.916910 -0.400447 -0.006028 -0.916300 -0.402230 -0.005652 -0.915521 -0.402031 -0.005651 -0.915609 -0.403758 -0.004896 -0.914853 -0.403107 -0.004893 -0.915140 -0.405041 -0.003808 -0.914291 -0.403891 -0.003803 -0.914799 -0.404021 -0.002451 -0.914746 -0.403776 -0.002449 -0.914854 -0.402071 -0.000919 -0.915608 -0.402922 -0.000924 -0.915234 -0.399364 0.000682 -0.916792 -0.401610 0.000667 -0.915810 -0.396479 0.002237 -0.918041 -0.400084 0.002214 -0.916476 -0.394702 0.003629 -0.918802 -0.398784 0.003607 -0.917038 -0.393845 0.004766 -0.919165 -0.398159 0.004749 -0.917304 1.000000 0.000000 0.000000 0.965926 -0.000000 -0.258819 0.965926 -0.000000 -0.258819 1.000000 -0.000000 -0.000000 0.866026 -0.000000 -0.500000 0.866026 -0.000000 -0.500000 0.707107 -0.000000 -0.707107 0.707107 -0.000000 -0.707107 0.500000 -0.000000 -0.866026 0.500000 -0.000000 -0.866026 0.258819 0.000001 -0.965926 0.258819 0.000001 -0.965926 0.000001 -0.000000 -1.000000 0.000001 -0.000000 -1.000000 -0.258819 -0.000000 -0.965926 -0.258819 -0.000001 -0.965926 
						-0.500000 -0.000000 -0.866026 -0.500000 -0.000000 -0.866026 -0.707106 0.000000 -0.707107 -0.707106 -0.000000 -0.707107 -0.866025 0.000005 -0.500000 -0.866025 0.000005 -0.500001 -0.965926 -0.000000 -0.258819 -0.965926 0.000000 -0.258819 -1.000000 0.000000 0.000000 -1.000000 0.000000 0.000000 -1.000000 0.000000 0.000000 -0.965926 0.000001 0.258819 -0.965926 0.000001 0.258818 -1.000000 0.000000 0.000000 -0.866026 0.000000 0.499999 -0.866026 0.000000 0.499999 -0.707108 0.000000 0.707106 -0.707107 0.000000 0.707106 -0.500000 0.000003 0.866025 -0.500000 0.000003 0.866025 -0.258819 0.000000 0.965926 -0.258819 0.000000 0.965926 -0.000000 0.000000 1.000000 -0.000000 0.000000 1.000000 0.258818 0.000000 0.965926 0.258818 0.000000 0.965926 0.499999 0.000000 0.866026 0.499999 0.000000 0.866026 0.707106 0.000000 0.707107 0.707106 0.000000 0.707108 0.866025 -0.000003 0.500001 0.866025 -0.000003 0.500000 0.965926 -0.000000 0.258819 0.965926 -0.000001 0.258819 1.000000 0.000000 0.000000 1.000000 -0.000000 -0.000000 0.604490 -0.004832 -0.796598 0.605058 -0.003715 -0.796172 0.597663 0.121192 -0.792534 0.596156 0.161085 -0.786543 0.605894 -0.002342 -0.795542 0.602731 0.078841 -0.794040 0.606873 -0.000806 -0.794798 0.604150 0.026955 -0.796414 0.607819 0.000784 -0.794075 0.607372 -0.031703 -0.793784 0.608325 0.002318 -0.793685 0.612023 -0.064532 -0.788203 0.608313 0.003689 -0.793689 0.600504 -0.122960 -0.790111 0.607844 0.004807 -0.794042 0.599566 -0.155439 -0.785086 0.606782 0.005597 -0.794848 0.593908 -0.184793 -0.783023 0.605906 0.006010 -0.795514 0.593477 -0.192722 -0.781436 0.604852 0.006017 -0.796316 0.591943 -0.198421 -0.781174 0.604535 0.005615 -0.796559 0.592638 -0.181050 -0.784857 0.604479 0.004831 -0.796606 0.596126 -0.161032 -0.786577 0.605093 0.003714 -0.796146 0.597667 -0.121154 -0.792538 
						0.605952 0.002341 -0.795498 0.602775 -0.078812 -0.794009 0.606943 0.000805 -0.794745 0.604225 -0.026935 -0.796358 0.607894 -0.000785 -0.794017 0.605095 0.025795 -0.795735 0.608409 -0.002319 -0.793620 0.605271 0.075111 -0.792468 0.608420 -0.003690 -0.793607 0.600612 0.122504 -0.790100 0.607977 -0.004808 -0.793940 0.599746 0.154954 -0.785044 0.606932 -0.005598 -0.794734 0.593990 0.184843 -0.782949 0.606052 -0.006011 -0.795402 0.593572 0.192781 -0.781350 0.604965 -0.006017 -0.796229 0.592032 0.198488 -0.781089 0.604601 -0.005616 -0.796509 0.592708 0.181107 -0.784791 -0.408615 0.405435 -0.817714 -0.389043 0.232691 -0.891348 -0.374666 0.436589 -0.817934 -0.346627 0.171865 -0.922124 -0.394421 0.103129 -0.913125 -0.380369 0.063737 -0.922636 -0.408772 -0.405426 -0.817640 -0.387953 -0.232822 -0.891788 -0.374765 -0.436610 -0.817877 -0.346317 -0.171719 -0.922267 -0.390620 -0.098569 -0.915260 -0.398931 -0.059710 -0.915035 0.565733 -0.202505 -0.799336 0.603718 -0.271874 -0.749406 0.567015 0.205117 -0.797760 0.603776 0.271898 -0.749350 0.999870 -0.015652 0.003761 0.999850 0.016863 -0.004052 0.867920 0.016855 0.496419 0.864032 -0.015660 0.503194 0.503432 0.016858 0.863870 0.496678 -0.015657 0.867794 0.004053 0.016865 0.999850 -0.003761 -0.015651 0.999870 -0.496413 0.016870 0.867923 -0.503193 -0.015645 0.864032 -0.863864 0.016884 0.503442 -0.867793 -0.015630 0.496680 -0.999849 0.016893 0.004065 -0.999871 -0.015619 -0.003760 -0.869567 0.033795 -0.492657 -0.866026 0.000021 -0.499999 -0.861816 -0.031268 -0.506256 -0.866029 0.000019 -0.499993 -0.503447 0.016902 -0.863861 -0.496681 -0.015610 -0.867793 -0.004067 0.016898 -0.999849 0.003759 -0.015615 -0.999871 0.496408 0.016884 -0.867925 0.503192 -0.015630 -0.864034 0.867793 -0.015639 -0.496680 0.863867 0.016875 -0.503438 -0.384942 0.250423 -0.888318 -0.342418 0.442352 -0.828900 
						-0.428455 0.343136 -0.835873 0.574719 0.338454 -0.745082 -0.398322 -0.028662 -0.916798 -0.411183 -0.049266 -0.910221 0.590483 -0.048493 -0.805592 -0.326844 0.270448 -0.905556 -0.385038 -0.250444 -0.888270 -0.342386 -0.442383 -0.828896 0.574615 -0.338416 -0.745179 -0.428623 -0.343098 -0.835803 -0.388505 0.025396 -0.921097 -0.430499 0.159653 -0.888359 -0.414882 0.035958 -0.909164 0.596060 0.041307 -0.801876 -0.326793 -0.270445 -0.905575 -0.388343 -0.203908 -0.898672 -0.311209 -0.353579 -0.882117 -0.322834 -0.410047 -0.853018 0.614215 -0.132615 -0.777916 -0.395485 -0.153445 -0.905564 -0.442611 -0.259729 -0.858276 -0.431061 -0.159384 -0.888134 0.556023 -0.314460 -0.769385 -0.387452 0.203744 -0.899094 -0.311254 0.353565 -0.882107 -0.322997 0.410046 -0.852957 0.556133 0.314088 -0.769458 0.614166 0.132661 -0.777946 -0.394374 0.153699 -0.906005 -0.442184 0.259901 -0.858443 -0.402179 0.001955 -0.915559 -0.398977 0.000506 -0.916961 -0.397769 -0.000125 -0.917486 -0.399467 0.001321 -0.916747 -0.398411 0.000021 -0.917207 -0.395813 -0.000875 -0.918331 -0.391143 -0.001965 -0.920328 -0.398825 -0.000507 -0.917027 -0.403487 0.000119 -0.914985 -0.398492 -0.001320 -0.917171 -0.395576 -0.000023 -0.918433 -0.396556 0.000875 -0.918010 0.602881 -0.000570 -0.797831 0.603183 0.000000 -0.797603 0.604530 -0.001386 -0.796581 0.604098 -0.001259 -0.796909 0.603899 0.000698 -0.797060 0.603882 0.000548 -0.797073 0.603503 0.000686 -0.797360 0.603924 0.000415 -0.797042 0.604796 0.000082 -0.796381 0.606585 -0.000000 -0.795019 0.605170 -0.000089 -0.796096 0.606167 0.000292 -0.795337 0.603747 0.001258 -0.797175 0.604106 0.001385 -0.796903 0.603007 0.000570 -0.797736 0.603454 -0.000000 -0.797398 0.604503 -0.000000 -0.796603 0.604989 -0.000000 -0.796234 0.604775 -0.000000 -0.796396 0.604448 -0.000000 -0.796645 0.604225 0.000000 -0.796814 0.604530 0.000000 -0.796582 
						0.605669 0.000089 -0.795717 0.607080 -0.000292 -0.794641 0.611724 0.095124 -0.785331 0.605667 0.196684 -0.771028 0.603356 -0.030965 -0.796870 0.588715 -0.150096 -0.794283 0.581782 -0.229020 -0.780436 0.590246 -0.245956 -0.768840 0.605539 -0.196775 -0.771105 0.611800 -0.095138 -0.785270 0.603317 0.031589 -0.796875 0.588484 0.150346 -0.794408 0.581693 0.228626 -0.780617 0.590463 0.245871 -0.768701 -0.781190 0.349898 -0.517023 -0.684733 0.294077 -0.666828 -0.786449 0.380640 -0.486427 -0.910369 0.274918 -0.309270 -0.589996 0.114138 -0.799298 -0.638200 0.176476 -0.749371 -0.581388 -0.002028 -0.813624 -0.525784 -0.005440 -0.850601 -0.565049 0.035768 -0.824281 -0.443916 -0.113639 -0.888834 -0.455364 -0.087317 -0.886013 -0.305017 -0.292610 -0.906281 -0.233105 -0.366497 -0.900745 -0.374070 -0.767353 -0.520808 -0.472635 -0.759539 -0.446896 -0.274906 -0.892898 -0.356595 -0.140588 -0.901265 -0.409826 -0.636072 -0.591767 -0.495201 -0.698116 -0.577410 -0.423357 -0.849860 -0.410524 -0.330467 -0.881518 -0.383252 -0.275760 -0.959135 -0.272890 -0.074774 -0.970350 -0.236479 -0.049984 -0.970184 -0.236778 0.051757 -0.979039 -0.192765 0.065758 -0.000122 0.316038 -0.948747 -0.000093 0.321492 -0.946912 -0.003678 -0.166653 -0.986009 -0.000253 0.174064 -0.984734 0.001109 -0.218548 -0.975826 -0.005989 -0.390173 -0.920722 -0.982718 -0.135736 -0.125864 -0.990995 -0.116154 -0.066614 -0.985131 -0.126196 -0.116582 -0.964639 -0.183866 -0.188850 -0.996737 -0.079350 -0.014795 -0.994932 -0.088837 -0.047101 -0.998993 -0.035484 0.027474 -0.997371 -0.022546 0.068873 -0.998962 -0.043971 0.011864 -0.995708 -0.025698 0.088910 -0.999007 -0.025283 0.036685 -0.954706 -0.296904 -0.019627 -0.980889 -0.189189 0.045437 -0.998631 -0.026793 0.044917 -0.999565 -0.028278 -0.008382 -0.882523 -0.463265 -0.080865 -0.997182 -0.049565 -0.056305 -0.985884 -0.074885 -0.149748 -0.831294 -0.538250 -0.138700 
						-0.976733 -0.088057 -0.195544 -0.797741 -0.576792 -0.175844 -0.538253 -0.000000 -0.842783 -0.530175 0.000000 -0.847888 -0.617912 0.000000 -0.786247 -0.613109 0.000000 -0.789999 -0.625326 0.000000 -0.780364 -0.620252 0.000000 -0.784402 -0.552135 0.000000 -0.833755 -0.545913 0.000000 -0.837842 -0.486123 0.000000 -0.873890 -0.491243 0.000000 -0.871022 -0.436700 0.000000 -0.899607 -0.434445 0.000000 -0.900698 -0.424554 -0.000000 -0.905403 -0.423526 0.000000 -0.905884 0.070608 -0.485772 -0.871229 0.098422 -0.478684 -0.872453 -0.291284 -0.162412 -0.942749 -0.562391 0.164956 -0.810250 -0.569505 0.051427 -0.820378 -0.292352 -0.143988 -0.945409 -0.719903 0.385405 -0.577237 -0.747266 0.289504 -0.598148 -0.792521 0.516844 -0.323700 -0.816881 0.472205 -0.331252 -0.871101 0.479390 -0.106620 -0.773480 0.626788 -0.094157 -0.958402 0.284841 -0.018195 -0.793192 0.608785 -0.015051 -0.796969 -0.579186 -0.171419 -0.725046 -0.663462 -0.184737 -0.881787 -0.454605 -0.125640 -0.951298 -0.305458 -0.041560 -0.981661 -0.178126 0.067918 -0.985457 -0.124924 0.115185 -0.972609 -0.146784 -0.180239 -0.682684 -0.709870 -0.173287 -0.652714 0.104412 -0.750375 -0.738084 -0.030172 -0.674034 -0.678701 -0.014997 -0.734261 -0.630054 0.075490 -0.772874 -0.954118 -0.295766 -0.046700 -0.859854 -0.485003 -0.159444 -0.978941 -0.203177 0.019853 0.263437 -0.267654 -0.926802 0.264712 -0.265594 -0.927032 -0.496215 -0.015148 -0.868068 -0.503859 -0.002927 -0.863781 -0.470490 0.007356 -0.882375 -0.414506 -0.094464 -0.905131 -0.773521 -0.603921 -0.192212 -0.446547 0.017227 -0.894594 0.303744 -0.112881 -0.946043 0.303860 -0.120712 -0.945038 -0.712540 -0.674198 -0.194277 -0.170957 -0.965982 -0.194044 -0.014530 -0.976709 -0.214077 0.001420 -0.436918 -0.899500 0.001589 -0.488800 -0.872395 0.134254 -0.685836 -0.715265 0.373171 -0.826638 -0.421205 0.138603 -0.863659 -0.484647 -0.043294 -0.643225 -0.764453 
						0.071409 -0.754663 -0.652216 -0.100170 -0.575936 -0.811335 -0.187374 0.029278 -0.981852 -0.238557 -0.163221 -0.957314 -0.301635 0.033950 -0.952819 -0.042786 -0.568551 -0.821535 -0.185497 -0.459043 -0.868833 -0.187100 -0.951282 0.245065 -0.032861 -0.997896 0.055881 -0.183332 -0.983033 0.005893 -0.302349 -0.942473 0.142579 -0.416743 -0.852760 0.314843 -0.492416 -0.847802 0.196871 -0.643942 -0.725442 0.243049 -0.684701 -0.716514 0.133390 -0.781931 -0.620993 0.054323 -0.799508 -0.599939 -0.029343 -0.805918 -0.589988 -0.049098 -0.819098 -0.565122 -0.098570 0.001386 -0.641558 -0.767073 0.007889 -0.536001 -0.844180 0.004934 -0.612602 -0.790376 0.001396 -0.780237 -0.625482 0.001411 -0.776968 -0.629539 0.001611 -0.715449 -0.698663 -0.958603 -0.149030 -0.242633 -0.952757 -0.146476 -0.266079 -0.940590 -0.142784 -0.308065 -0.935153 -0.121891 -0.332612 -0.921466 -0.120160 -0.369407 -0.901832 -0.094408 -0.421647 -0.913529 -0.078169 -0.399191 -0.883359 -0.077408 -0.462261 -0.902456 -0.062669 -0.426200 -0.868184 -0.126756 -0.479780 -0.810621 -0.498702 -0.306905 -0.911677 -0.063520 -0.405968 -0.897931 -0.064820 -0.435337 -0.821772 -0.416912 -0.388427 -0.775000 -0.588384 -0.230608 -0.947916 -0.067009 -0.311393 -0.776208 -0.600876 -0.190917 -0.969101 -0.083785 -0.232000 -0.315021 0.000003 -0.949085 -0.183392 0.000002 -0.983040 -0.193141 0.000002 -0.981171 -0.342248 0.000003 -0.939610 -0.207272 -0.000000 -0.978283 -0.207639 0.000000 -0.978206 -0.290258 -0.000000 -0.956948 -0.289024 -0.000000 -0.957322 -0.347295 0.000000 -0.937756 -0.393642 -0.000000 -0.919264 -0.393588 -0.000000 -0.919287 -0.344719 0.000000 -0.938706 -0.075655 -0.345736 -0.935277 -0.086799 -0.391622 -0.916023 0.227690 -0.645752 -0.728808 0.232509 -0.626287 -0.744113 0.336330 -0.809741 -0.480835 0.306080 -0.845558 -0.437431 0.295861 -0.925948 -0.234707 0.273703 -0.936921 -0.217409 0.162305 -0.984620 -0.064661 
						0.156191 -0.985738 -0.062658 -0.046698 -0.998891 0.006076 0.048582 -0.998803 -0.005589 -0.098931 -0.995092 0.001935 0.084362 -0.996434 -0.001558 -0.676021 -0.719955 -0.157036 -0.701121 -0.694515 -0.161487 -0.753163 -0.629193 -0.191991 -0.803018 -0.539391 -0.253416 -0.822900 -0.448649 -0.348639 -0.820790 -0.451857 -0.349469 -0.070000 -0.172909 -0.982447 -0.144247 -0.161472 -0.976278 -0.043877 0.025485 -0.998712 0.037371 0.027541 -0.998922 -0.814217 -0.506516 -0.283711 -0.754365 -0.633574 -0.171809 -0.826017 -0.453369 -0.334891 -0.088953 -0.830653 -0.549639 -0.070974 -0.758866 -0.647368 -0.321364 -0.139717 -0.936592 -0.414844 0.025713 -0.909529 -0.363844 0.032240 -0.930902 -0.718594 -0.675072 -0.167035 0.080350 -0.987144 0.138169 0.143705 -0.927439 0.345261 -0.214972 -0.903147 -0.371635 -0.236331 -0.901701 -0.362054 -0.216572 -0.903056 -0.370927 -0.199412 -0.903884 -0.378455 -0.011160 -0.643431 -0.765423 -0.102268 -0.740170 -0.664598 -0.018046 -0.651356 -0.758558 0.055095 -0.562108 -0.825227 -0.395902 -0.030881 -0.917773 -0.456304 -0.188374 -0.869656 -0.388834 -0.014244 -0.921198 -0.292528 0.187895 -0.937616 -0.596702 0.587361 -0.546766 -0.757087 0.399156 -0.517198 -0.577217 0.605468 -0.547932 -0.314266 0.786650 -0.531431 -0.185808 0.904310 -0.384316 -0.219468 0.902886 -0.369636 -0.188332 0.904246 -0.383237 -0.161246 0.904579 -0.394635 0.026551 0.598269 -0.800856 -0.136057 0.771457 -0.621565 0.014081 0.613531 -0.789545 0.142985 0.439700 -0.886690 -0.361510 -0.047418 -0.931161 -0.423927 0.100130 -0.900144 -0.354400 -0.062835 -0.932980 -0.259578 -0.248834 -0.933114 -0.572687 -0.609566 -0.548142 -0.704992 -0.469544 -0.531521 -0.557438 -0.623048 -0.548702 -0.354907 -0.765102 -0.537271 -0.404158 -0.208015 -0.890722 -0.437675 -0.199195 -0.876791 -0.412612 -0.000000 -0.910907 -0.371625 -0.084428 -0.924536 -0.398531 0.082711 -0.913418 -0.423721 0.200668 -0.883285 
						-0.417319 0.209110 -0.884374 -0.399374 0.090733 -0.912287 -0.412029 -0.079625 -0.907685 -0.365056 0.039644 -0.930141 -0.252539 0.261414 -0.931605 -0.373370 0.021154 -0.927441 -0.444151 -0.154004 -0.882617 -0.529513 0.646583 -0.549132 -0.267742 0.808878 -0.523479 -0.549223 0.630127 -0.548902 -0.715128 0.456703 -0.529164 -0.111589 0.903198 -0.414466 -0.170924 0.904563 -0.390576 -0.116042 0.903428 -0.412738 -0.068281 0.899896 -0.430726 0.067152 0.546315 -0.834883 -0.107923 0.745588 -0.657610 0.053812 0.563772 -0.824176 0.189841 0.367233 -0.910550 -0.310358 -0.153374 -0.938165 -0.192056 -0.363660 -0.911518 -0.319330 -0.135567 -0.937897 -0.397897 0.035643 -0.916737 -0.519242 -0.654866 -0.549125 -0.403131 -0.736778 -0.542811 -0.528232 -0.647615 -0.549150 -0.611139 -0.573403 -0.545636 -0.124583 -0.903800 -0.409420 -0.094599 -0.902124 -0.420980 -0.122348 -0.903707 -0.410298 -0.146243 -0.904430 -0.400773 0.011210 -0.616994 -0.786888 -0.096903 -0.734961 -0.671150 0.003035 -0.626775 -0.779194 0.089328 -0.516440 -0.851651 -0.308900 -0.070177 -0.948502 -0.342063 0.000002 -0.939677 -0.330202 0.097770 -0.938833 -0.355536 0.207063 -0.911438 -0.353263 0.203438 -0.913136 -0.342625 0.077840 -0.936242 -0.378720 -0.087173 -0.921397 -0.344715 -0.207955 -0.915383 -0.288491 -0.196867 -0.937025 0.171763 0.846953 -0.503158 0.007477 0.889526 -0.456824 0.159539 0.851085 -0.500203 0.287563 0.799716 -0.527030 0.198294 0.353574 -0.914147 0.016095 0.611091 -0.791397 0.184908 0.375110 -0.908351 0.316278 0.141667 -0.938029 -0.201310 -0.348655 -0.915376 -0.300328 -0.172934 -0.938028 -0.190319 -0.366456 -0.910763 -0.051065 -0.567310 -0.821920 -0.272663 -0.806635 -0.524400 -0.330424 -0.778323 -0.533885 -0.266630 -0.809365 -0.523294 -0.191108 -0.840083 -0.507679 0.170751 -0.847294 -0.502929 0.050071 -0.881138 -0.470201 0.161781 -0.850332 -0.500762 0.256462 -0.813871 -0.521384 
						0.164783 -0.406646 -0.898602 0.048218 -0.570971 -0.819553 0.156197 -0.419802 -0.894074 0.244485 -0.275613 -0.929658 -0.260865 0.246523 -0.933368 -0.361180 0.048147 -0.931252 -0.249398 0.266978 -0.930872 -0.101221 0.499993 -0.860094 -0.327090 0.780073 -0.533383 -0.477614 0.686652 -0.548081 -0.310630 0.788481 -0.530854 -0.102458 0.868302 -0.485339 -0.086664 0.171568 -0.981353 -0.079765 0.220833 -0.972044 -0.083946 0.000001 -0.996470 -0.089009 0.020222 -0.995826 -0.118911 -0.138830 -0.983151 -0.105064 -0.220309 -0.969755 -0.058728 -0.167523 -0.984117 -0.058944 -0.013391 -0.998172 -0.067921 0.147597 -0.986713 0.139634 0.986435 -0.086301 0.139634 0.986435 -0.086301 0.139632 0.986436 -0.086300 0.139631 0.986436 -0.086300 0.139630 0.986436 -0.086302 0.139631 0.986436 -0.086302 0.139632 0.986435 -0.086302 0.139631 0.986436 -0.086302 0.097007 0.622628 -0.776482 -0.259092 0.681060 -0.684857 -0.259095 0.681060 -0.684856 0.097006 0.622626 -0.776483 0.139632 0.986435 -0.086302 0.139633 0.986435 -0.086301 0.453116 0.581007 -0.676104 0.453117 0.581008 -0.676103 0.139632 0.986436 -0.086302 0.139632 0.986435 -0.086302 -0.519782 0.740626 -0.425793 -0.519781 0.740626 -0.425795 -0.839115 0.164150 0.518596 -0.839108 0.164150 0.518607 -0.839115 0.164150 0.518594 -0.839124 0.164145 0.518582 -0.839116 0.164150 0.518594 -0.839114 0.164148 0.518598 -0.839116 0.164150 0.518594 -0.839122 0.164151 0.518583 -0.839115 0.164150 0.518595 -0.839116 0.164146 0.518595 -0.839115 0.164150 0.518595 -0.839116 0.164153 0.518593 0.139632 0.986436 -0.086301 0.139632 0.986435 -0.086302 0.713799 0.567336 -0.410635 0.713796 0.567337 -0.410639 0.139633 0.986435 -0.086303 0.139633 0.986435 -0.086303 -0.615200 0.785371 -0.068715 -0.615200 0.785371 -0.068710 -0.519784 0.803313 0.290713 -0.519782 0.803312 0.290718 -0.259089 0.789631 0.556197 
						-0.259092 0.789632 0.556195 0.097006 0.748018 0.656551 0.097007 0.748018 0.656550 0.453113 0.689589 0.564939 0.453114 0.689588 0.564940 0.607207 0.646087 0.462463 0.607207 0.646086 0.462463 0.809215 0.585277 -0.051203 0.809215 0.585277 -0.051204 0.794592 0.591196 0.138243 0.794591 0.591197 0.138243 0.139632 0.986435 -0.086302 0.139633 0.986435 -0.086303 0.139633 0.986435 -0.086305 0.139632 0.986435 -0.086304 0.139632 0.986435 -0.086301 0.139633 0.986436 -0.086300 0.139633 0.986435 -0.086301 0.139633 0.986435 -0.086302 0.139632 0.986436 -0.086301 0.139632 0.986435 -0.086302 -0.275362 -0.220083 -0.935809 -0.124083 -0.467479 -0.875252 -0.286946 -0.198471 -0.937161 -0.386699 0.009261 -0.922159 -0.349960 -0.767841 -0.536608 -0.130633 -0.860232 -0.492886 -0.367191 -0.758184 -0.538820 -0.523041 -0.651832 -0.549129 0.125473 -0.861772 -0.491535 -0.025281 -0.894726 -0.445899 0.114220 -0.865034 -0.488538 0.232751 -0.823939 -0.516674 0.169895 -0.398740 -0.901190 -0.003501 -0.634505 -0.772911 0.157061 -0.418496 -0.894535 0.284829 -0.202462 -0.936954 -0.246623 0.271860 -0.930198 -0.138634 0.446171 -0.884145 -0.255019 0.256993 -0.932159 -0.331192 0.111544 -0.936947 -0.356624 0.764140 -0.537503 -0.202301 0.835927 -0.510197 -0.368770 0.757269 -0.539029 -0.481475 0.683818 -0.548247 0.074977 0.875381 -0.477583 0.054040 0.880263 -0.471399 0.073415 0.875761 -0.477130 0.090135 0.871568 -0.481918 0.112163 0.484570 -0.867532 -0.027467 0.662032 -0.748972 0.101738 0.499261 -0.860458 0.208858 0.336248 -0.918322 -0.102078 0.023191 -0.994506 -0.119991 0.000000 -0.992775 -0.112779 -0.139909 -0.983721 -0.130460 -0.219644 -0.966818 -0.136697 -0.178489 -0.974400 -0.132580 -0.030120 -0.990715 -0.143299 0.134490 -0.980499 -0.108857 0.220220 -0.969357 -0.081186 0.170785 -0.981958 -0.197241 0.918158 -0.343630 -0.045235 0.802977 -0.594291 
						-0.233206 0.933132 -0.273640 -0.332387 0.941700 -0.052157 -0.246526 0.484878 -0.839118 -0.049887 0.424740 -0.903940 -0.294012 0.496424 -0.816774 -0.435679 0.523046 -0.732534 0.234860 0.459568 -0.856527 0.138207 0.437092 -0.888735 0.258270 0.464336 -0.847165 0.331013 0.477372 -0.813969 0.319819 0.921886 -0.218730 0.382751 0.920713 -0.076089 0.303017 0.918714 -0.253269 0.247454 0.899921 -0.359040 -0.178995 0.908582 0.377411 -0.074532 0.831089 0.551122 -0.203863 0.921316 0.331084 -0.277058 0.943560 0.181474 -0.255793 0.487245 0.834963 -0.111678 0.445712 0.888183 -0.290534 0.495638 0.818495 -0.396406 0.516942 0.758705 0.209678 0.454154 0.865898 0.180881 0.447574 0.875762 0.216705 0.455700 0.863352 0.238904 0.460425 0.854946 0.242200 0.897555 0.368422 0.281004 0.912716 0.296626 0.232407 0.892882 0.385680 0.200811 0.875666 0.439186 0.037701 0.999288 -0.001451 0.022136 0.999755 0.000000 0.025307 0.982892 -0.182435 0.012339 0.966778 -0.255319 0.004211 0.982071 -0.188466 -0.002345 0.999956 -0.009126 -0.013472 0.984433 0.175242 0.040332 0.966006 0.255353 0.071491 0.981746 0.176248 -0.343349 0.938891 -0.024392 -0.247761 0.937612 -0.243923 -0.364338 0.930746 0.031144 -0.420707 0.884546 0.201455 -0.544874 0.534129 -0.646389 -0.277974 0.492662 -0.824630 -0.604528 0.535795 -0.589466 -0.758681 0.518665 -0.394194 -0.145850 0.346443 -0.926664 -0.188454 0.329704 -0.925084 -0.135356 0.350436 -0.926754 -0.101985 0.362800 -0.926269 0.078703 0.781957 -0.618344 0.074257 0.777800 -0.624109 0.079792 0.782967 -0.616925 0.083242 0.786149 -0.612406 -0.340566 0.939692 0.031518 -0.266504 0.941907 0.204419 -0.357152 0.933972 -0.011751 -0.403811 0.903057 -0.146372 -0.584907 0.535655 0.609063 -0.369680 0.512201 0.775233 -0.632686 0.535279 0.559630 -0.759860 0.518373 0.392304 -0.180046 0.333084 0.925548 
						-0.125656 0.354098 0.926728 -0.193299 0.327755 0.924777 -0.235010 0.310433 0.921087 0.036606 0.740625 0.670921 0.024475 0.727903 0.685243 0.039576 0.743684 0.667359 0.048987 0.753234 0.655925 -0.318401 0.943474 0.092080 -0.357673 0.933847 -0.000000 -0.350988 0.930966 -0.100547 -0.383862 0.893607 -0.232631 -0.371669 0.896823 -0.239940 -0.348637 0.931912 -0.099963 -0.375799 0.921908 0.094131 -0.357941 0.903564 0.235478 -0.309465 0.921794 0.233513 -0.342299 0.939200 -0.027084 -0.246306 0.937208 -0.246930 -0.363391 0.931199 0.028563 -0.420059 0.885352 0.199253 -0.541826 0.533951 -0.649092 -0.270030 0.490745 -0.828404 -0.602613 0.535798 -0.591421 -0.759190 0.518536 -0.393383 -0.139209 0.348974 -0.926735 -0.183249 0.331790 -0.925384 -0.128362 0.353068 -0.926750 -0.093871 0.365731 -0.925975 0.104071 0.804712 -0.584472 0.106739 0.807012 -0.580808 0.103417 0.804146 -0.585367 0.101341 0.802340 -0.588201 -0.318628 0.943981 0.085887 -0.236078 0.934092 0.267843 -0.337262 0.940565 0.039898 -0.389825 0.915037 -0.103656 -0.563218 0.535024 0.629710 -0.377114 0.513562 0.770740 -0.605190 0.535803 0.588778 -0.721434 0.526546 0.449758 -0.173080 0.335851 0.925876 -0.121290 0.355728 0.926686 -0.185705 0.330817 0.925242 -0.225468 0.314466 0.922104 0.038061 0.742130 0.669174 0.026537 0.730093 0.682832 0.040882 0.745027 0.665780 0.049822 0.754078 0.654892 -0.316711 0.944085 0.091641 -0.356436 0.934320 0.000001 -0.348843 0.931713 -0.101094 -0.379657 0.895277 -0.233107 -0.370368 0.897394 -0.239814 -0.350569 0.931133 -0.100466 -0.377812 0.921139 0.093602 -0.356735 0.904008 0.235606 -0.305722 0.923146 0.233099 0.345468 0.148414 -0.926620 0.362401 0.103115 -0.926301 0.341192 0.159471 -0.926368 0.327324 0.194358 -0.924707 0.778437 -0.074944 -0.623233 0.773170 -0.069383 -0.630392 0.779714 -0.076305 -0.621469 
						0.783732 -0.080619 -0.615845 0.945060 0.299291 0.131479 0.906022 0.174505 0.385580 0.942713 0.327219 0.064961 0.905165 0.401566 -0.139358 0.534037 0.543075 0.647977 0.518112 0.403453 0.754179 0.535428 0.575186 0.618447 0.533187 0.668376 0.518638 0.353976 0.125992 0.926729 0.366230 0.092561 0.925909 0.350904 0.134163 0.926751 0.340987 0.160000 0.926352 0.757476 -0.053235 0.650689 0.749179 -0.044974 0.660839 0.759481 -0.055256 0.648178 0.765769 -0.061665 0.640153 0.937538 0.347626 -0.013356 0.940974 0.261731 -0.214627 0.929649 0.366561 0.037219 0.887601 0.418211 0.193039 0.535451 0.576245 -0.617442 0.506846 0.342131 -0.791235 0.535418 0.628174 -0.564557 0.517170 0.764403 -0.384999 0.913707 0.329091 -0.238407 0.944406 0.328783 0.000001 0.929400 0.287791 -0.231068 0.945728 0.312120 -0.090440 0.920623 0.379153 0.093256 0.906024 0.351191 0.236191 0.932284 0.279137 0.230063 0.949717 0.300651 0.087448 0.933135 0.344708 -0.102154 0.120382 -0.000000 0.992728 0.120375 0.000000 0.992729 0.120376 0.000000 0.992728 0.120382 0.000000 0.992728 0.120385 -0.000000 0.992727 0.120383 0.000000 0.992728 0.120380 -0.000000 0.992728 0.120389 -0.000001 0.992727 0.120384 -0.000000 0.992727 0.120378 -0.000000 0.992728 0.120379 0.000000 0.992728 0.120378 -0.000000 0.992728 0.120384 -0.000000 0.992727 0.120381 0.000000 0.992728 0.120377 -0.000000 0.992728 0.120372 -0.000000 0.992729 0.120376 0.000000 0.992728 0.120382 0.000000 0.992728 0.120372 -0.000000 0.992729 0.120374 -0.000000 0.992729 0.120372 0.000000 0.992729 0.120380 0.000000 0.992728 0.120372 -0.000000 0.992729 0.120374 0.000000 0.992729 0.120383 0.000000 0.992728 0.120378 0.000000 0.992728 0.120373 -0.000000 0.992729 0.120373 -0.000001 0.992729 0.120378 0.000001 0.992728 0.120376 0.000001 0.992728 
						0.120377 0.000000 0.992728 0.120375 0.000000 0.992728 -0.707105 0.000007 0.707109 -0.924556 0.000000 0.381047 -0.924556 0.000001 0.381047 -0.707104 0.000013 0.707109 -0.382118 0.000014 0.924114 -0.382118 0.000019 0.924114 0.000000 0.000022 1.000000 -0.000000 0.000028 1.000000 0.382118 0.000030 0.924113 0.382118 0.000032 0.924113 0.707108 0.000034 0.707105 0.707108 0.000032 0.707105 0.924558 0.000034 0.381042 0.924558 0.000038 0.381042 0.924557 -0.000033 -0.381044 0.924557 -0.000034 -0.381044 0.707107 -0.000034 -0.707107 0.707107 -0.000033 -0.707107 0.382119 -0.000035 -0.924113 0.382119 -0.000033 -0.924113 -0.000000 -0.000031 -1.000000 -0.000000 -0.000028 -1.000000 -0.382119 -0.000028 -0.924113 -0.382119 -0.000025 -0.924113 -0.707106 -0.000022 -0.707108 -0.707106 -0.000022 -0.707108 0.000000 0.000064 -1.000000 -0.000001 0.000052 -1.000000 0.382496 0.000083 -0.923957 0.382496 0.000084 -0.923957 0.924106 -0.000083 0.382137 1.000000 -0.000089 -0.000000 1.000000 -0.000085 -0.000001 0.924106 -0.000081 0.382137 0.382497 -0.000070 0.923957 0.707106 -0.000082 0.707107 0.707106 -0.000079 0.707107 0.382497 -0.000071 0.923957 -0.638945 -0.000000 0.769253 -0.638951 0.000000 0.769247 -0.638949 0.000000 0.769249 -0.638942 -0.000000 0.769255 -0.638948 0.000000 0.769250 -0.638953 0.000000 0.769245 -0.638942 -0.000000 0.769255 -0.638944 -0.000000 0.769253 -0.638943 -0.000000 0.769254 -0.638946 -0.000001 0.769252 -0.638952 -0.000000 0.769247 -0.638945 -0.000000 0.769253 -0.638944 -0.000000 0.769253 -0.638947 -0.000000 0.769251 -0.638940 -0.000000 0.769256 -0.638945 -0.000000 0.769252 -0.638948 -0.000000 0.769250 -0.638952 -0.000000 0.769246 -0.638939 -0.000000 0.769257 -0.638947 -0.000000 0.769251 -0.638950 -0.000000 0.769249 -0.638951 0.000000 0.769247 -0.638947 -0.000000 0.769251 -0.638947 -0.000000 0.769251 
						-0.638947 -0.000000 0.769251 -0.638944 0.000000 0.769253 -0.638946 -0.000000 0.769252 -0.638948 -0.000000 0.769250 -0.638947 0.000000 0.769251 -0.638943 -0.000000 0.769254 -0.638946 0.000000 0.769252 -0.638948 0.000000 0.769250 -1.000000 -0.000005 0.000000 -1.000000 -0.000011 0.000000 1.000000 0.000040 0.000000 1.000000 0.000043 0.000000 0.924557 0.000043 -0.381044 0.924557 0.000043 -0.381044 -0.924557 -0.000019 -0.381045 -0.924557 -0.000014 -0.381045 -0.924105 -0.000038 0.382138 -0.924105 -0.000040 0.382138 -1.000000 -0.000034 0.000001 -1.000000 -0.000028 0.000000 -1.000000 -0.000018 0.000000 -1.000000 -0.000028 0.000001 -0.924105 -0.000013 -0.382139 -0.924105 -0.000005 -0.382139 -0.707106 0.000004 -0.707108 -0.707106 0.000014 -0.707108 -0.382498 0.000026 -0.923957 -0.382497 0.000037 -0.923957 0.707107 0.000105 -0.707107 0.707106 0.000107 -0.707107 0.924106 0.000118 -0.382137 0.924106 0.000122 -0.382136 1.000000 0.000124 -0.000001 1.000000 0.000125 -0.000000 0.000000 -0.000058 1.000000 0.000000 -0.000053 1.000000 -0.382497 -0.000051 0.923957 -0.382495 -0.000047 0.923957 -0.707105 -0.000040 0.707109 -0.707105 -0.000038 0.707109 -0.999988 -0.004934 -0.000000 -0.999988 -0.004766 0.001277 -0.999828 0.017890 -0.004794 -0.999829 0.018521 -0.000000 -0.999988 -0.004273 0.002467 -0.999829 0.016039 -0.009260 -0.999988 -0.003489 0.003488 -0.999829 0.013096 -0.013096 -0.999988 -0.002467 0.004272 -0.999829 0.009260 -0.016039 -0.999988 -0.001277 0.004765 -0.999829 0.004793 -0.017890 -0.999988 -0.000650 0.004934 -0.999826 0.002438 -0.018521 -0.999988 0.000650 0.004934 -0.999988 0.001277 0.004765 -0.999829 -0.004794 -0.017890 -0.999826 -0.002438 -0.018521 -0.999988 0.002467 0.004272 -0.999829 -0.009260 -0.016039 -0.999988 0.003489 0.003488 -0.999828 -0.013096 -0.013096 -0.999988 0.004273 0.002467 -0.999829 -0.016039 -0.009260 
						-0.999988 0.004765 0.001277 -0.999829 -0.017890 -0.004794 -0.999988 0.004934 -0.000000 -0.999829 -0.018521 -0.000000 -0.999988 0.004765 -0.001277 -0.999829 -0.017890 0.004793 -0.999988 0.004273 -0.002467 -0.999829 -0.016039 0.009260 -0.999988 0.003489 -0.003489 -0.999829 -0.013096 0.013096 -0.999988 0.002468 -0.004272 -0.999829 -0.009260 0.016039 -0.999988 0.001278 -0.004765 -0.999828 -0.004793 0.017890 -0.999988 -0.000000 -0.004934 -0.999829 0.000000 0.018521 -0.999988 -0.001278 -0.004766 -0.999829 0.004793 0.017889 -0.999988 -0.002468 -0.004272 -0.999829 0.009260 0.016039 -0.999988 -0.003489 -0.003489 -0.999829 0.013096 0.013096 -0.999988 -0.004273 -0.002467 -0.999829 0.016039 0.009260 -0.999988 -0.004766 -0.001277 -0.999829 0.017890 0.004793 0.324170 0.945999 0.000002 0.309161 0.951010 -0.000011 0.278693 0.960380 -0.000004 0.230488 0.973075 -0.000071 0.165074 0.986281 -0.000013 0.086137 0.996283 0.000059 -0.001714 0.999999 0.000001 0.000000 1.000000 -0.000003 -0.998935 0.044564 -0.011941 -0.998935 0.046136 -0.000000 -0.998935 0.039955 -0.023068 -0.998935 0.032623 -0.032623 -0.998935 0.023068 -0.039955 -0.998935 0.011941 -0.044564 -0.998917 0.006074 -0.046135 -0.998935 -0.011941 -0.044564 -0.998917 -0.006074 -0.046135 -0.998935 -0.023068 -0.039955 -0.998935 -0.032623 -0.032623 -0.998935 -0.039955 -0.023068 -0.998935 -0.044564 -0.011941 -0.998935 -0.046136 -0.000000 -0.998935 -0.044564 0.011941 -0.998935 -0.039955 0.023068 -0.998935 -0.032623 0.032623 -0.998935 -0.023068 0.039955 -0.998935 -0.011941 0.044564 -0.998935 -0.000000 0.046136 -0.998935 0.011941 0.044564 -0.998935 0.023068 0.039955 -0.998935 0.032623 0.032623 -0.998935 0.039955 0.023068 -0.998935 0.044564 0.011941 -0.996020 0.086088 -0.023067 -0.996020 0.089125 -0.000000 -0.996020 0.077185 -0.044563 -0.996020 0.063021 -0.063021 -0.996020 0.044563 -0.077185 
						-0.996020 0.023067 -0.086089 -0.995952 0.011733 -0.089119 -0.996020 -0.023067 -0.086088 -0.995952 -0.011733 -0.089119 -0.996020 -0.044563 -0.077185 -0.996020 -0.063021 -0.063021 -0.996020 -0.077185 -0.044563 -0.996020 -0.086088 -0.023067 -0.996020 -0.089125 -0.000000 -0.996020 -0.086088 0.023067 -0.996020 -0.077185 0.044563 -0.996020 -0.063021 0.063021 -0.996020 -0.044563 0.077184 -0.996020 -0.023067 0.086088 -0.996020 0.000000 0.089125 -0.996020 0.023067 0.086088 -0.996020 0.044562 0.077185 -0.996020 0.063021 0.063021 -0.996020 0.077185 0.044563 -0.996020 0.086088 0.023067 -0.998902 -0.046849 -0.000000 -0.998902 -0.045252 0.012125 -0.998902 -0.045252 -0.012125 -0.998902 -0.040572 -0.023424 -0.998902 -0.033127 -0.033127 -0.998902 -0.023425 -0.040571 -0.998902 -0.012126 -0.045252 -0.998902 -0.000000 -0.046849 -0.998902 0.012126 -0.045252 -0.998902 0.023425 -0.040572 -0.998902 0.033127 -0.033127 -0.998902 0.040572 -0.023424 -0.998902 0.045252 -0.012125 -0.998902 0.046849 -0.000000 -0.998902 0.045252 0.012125 -0.998902 0.040572 0.023424 -0.998902 0.033127 0.033127 -0.998902 0.023424 0.040572 -0.998902 0.012125 0.045252 -0.998883 0.006168 0.046848 -0.998902 -0.012125 0.045252 -0.998883 -0.006168 0.046848 -0.998902 -0.023424 0.040572 -0.998902 -0.033127 0.033127 -0.998902 -0.040572 0.023424 -0.996044 -0.088865 -0.000000 -0.996044 -0.085837 0.023000 -0.996044 -0.085837 -0.023000 -0.996044 -0.076959 -0.044432 -0.996044 -0.062837 -0.062837 -0.996044 -0.044433 -0.076959 -0.996044 -0.023001 -0.085836 -0.996044 -0.000000 -0.088865 -0.996044 0.023001 -0.085836 -0.996044 0.044433 -0.076959 -0.996044 0.062837 -0.062837 -0.996044 0.076959 -0.044432 -0.996044 0.085837 -0.023000 -0.996044 0.088865 -0.000000 -0.996044 0.085837 0.023000 -0.996044 0.076959 0.044432 -0.996044 0.062837 0.062837 -0.996044 0.044432 0.076959 -0.996044 0.023000 0.085836 
						-0.995976 0.011698 0.088858 -0.996044 -0.023000 0.085836 -0.995976 -0.011698 0.088858 -0.996044 -0.044432 0.076959 -0.996044 -0.062837 0.062837 -0.996044 -0.076959 0.044432 -0.993873 0.110528 -0.000000 -0.993873 0.106762 -0.028607 -0.993873 0.106762 0.028607 -0.993873 0.095720 0.055264 -0.993873 0.078155 0.078155 -0.993873 0.055264 0.095720 -0.993873 0.028606 0.106761 -0.993873 0.000000 0.110527 -0.993873 -0.028606 0.106761 -0.993873 -0.055264 0.095720 -0.993873 -0.078155 0.078155 -0.993873 -0.095720 0.055264 -0.993873 -0.106762 0.028607 -0.993873 -0.110528 -0.000000 -0.993873 -0.106762 -0.028607 -0.993873 -0.095720 -0.055264 -0.993873 -0.078155 -0.078155 -0.993873 -0.055264 -0.095720 -0.993873 -0.028607 -0.106762 -0.993768 -0.014549 -0.110516 -0.993873 0.028607 -0.106762 -0.993768 0.014550 -0.110516 -0.993873 0.055264 -0.095720 -0.993873 0.078155 -0.078155 -0.993873 0.095720 -0.055264 -0.885515 0.464612 -0.000000 -0.885515 0.448780 -0.120250 -0.885515 0.448780 0.120250 -0.885515 0.402365 0.232306 -0.885515 0.328529 0.328531 -0.885514 0.232305 0.402366 -0.885515 0.120250 0.448780 -0.885515 0.000000 0.464612 -0.885515 -0.120250 0.448780 -0.885515 -0.232305 0.402366 -0.885515 -0.328530 0.328530 -0.885515 -0.402366 0.232305 -0.885515 -0.448780 0.120250 -0.885515 -0.464612 -0.000000 -0.885514 -0.448781 -0.120250 -0.885514 -0.402366 -0.232306 -0.885515 -0.328530 -0.328530 -0.885515 -0.232306 -0.402366 -0.885515 -0.120251 -0.448780 -0.883863 -0.061054 -0.463745 -0.885515 0.120250 -0.448780 -0.883863 0.061054 -0.463745 -0.885514 0.232306 -0.402366 -0.885515 0.328530 -0.328530 -0.885515 0.402365 -0.232306 -0.748745 0.662858 -0.000000 -0.748745 0.640272 -0.171561 -0.748745 0.640272 0.171561 -0.748745 0.574051 0.331430 -0.748745 0.468711 0.468711 -0.748745 0.331430 0.574051 -0.748745 0.171560 0.640272 -0.748745 -0.000001 0.662858 
						-0.748745 -0.171561 0.640271 -0.748745 -0.331429 0.574052 -0.748745 -0.468711 0.468712 -0.748745 -0.574052 0.331429 -0.748745 -0.640272 0.171560 -0.748745 -0.662858 -0.000000 -0.748745 -0.640272 -0.171560 -0.748745 -0.574052 -0.331429 -0.748745 -0.468711 -0.468712 -0.748745 -0.331429 -0.574052 -0.748745 -0.171560 -0.640272 -0.745910 -0.086937 -0.660348 -0.748745 0.171560 -0.640272 -0.745910 0.086936 -0.660349 -0.748745 0.331429 -0.574052 -0.748745 0.468711 -0.468712 -0.748745 0.574052 -0.331429 -0.688591 0.725150 -0.000000 -0.688591 0.700441 -0.187683 -0.688591 0.700441 0.187683 -0.688591 0.627997 0.362576 -0.688592 0.512758 0.512758 -0.688592 0.362576 0.627997 -0.688592 0.187682 0.700440 -0.688592 -0.000001 0.725149 -0.688592 -0.187683 0.700440 -0.688592 -0.362575 0.627997 -0.688591 -0.512759 0.512758 -0.688592 -0.627998 0.362575 -0.688592 -0.700440 0.187682 -0.688591 -0.725149 -0.000000 -0.688591 -0.700440 -0.187683 -0.688592 -0.627998 -0.362575 -0.688591 -0.512758 -0.512758 -0.688591 -0.362575 -0.627998 -0.688591 -0.187683 -0.700441 -0.685475 -0.095036 -0.721867 -0.688591 0.187682 -0.700441 -0.685475 0.095035 -0.721868 -0.688591 0.362575 -0.627998 -0.688592 0.512758 -0.512759 -0.688591 0.627998 -0.362575 -1.000000 -0.000000 -0.000000 -1.000000 -0.000000 -0.000000 -1.000000 -0.000000 -0.000000 -1.000000 -0.000000 -0.000000 -1.000000 0.000000 -0.000000 -1.000000 0.000000 -0.000000 -1.000000 0.000000 -0.000000 -1.000000 0.000000 -0.000000 -1.000000 0.000000 -0.000000 -1.000000 0.000000 -0.000000 -1.000000 0.000000 -0.000000 -1.000000 0.000000 -0.000000 -1.000000 -0.000000 -0.000001 -1.000000 -0.000000 -0.000001 -1.000000 -0.000000 -0.000000 -1.000000 0.000000 -0.000000 -1.000000 0.000000 -0.000000 -1.000000 -0.000000 -0.000000 -1.000000 0.000000 -0.000001 -1.000000 0.000000 -0.000001 -1.000000 -0.000000 -0.000000 -1.000000 -0.000000 -0.000000 
						-1.000000 0.000000 -0.000000 -1.000000 -0.000000 -0.000000 -1.000000 0.000000 -0.000000 -1.000000 0.000000 -0.000000 -1.000000 -0.000000 -0.000000 -1.000000 0.000000 -0.000000 -1.000000 0.000000 -0.000000 -1.000000 0.000000 -0.000000 -1.000000 -0.000000 -0.000000 -1.000000 0.000000 -0.000000 -1.000000 -0.000000 -0.000000 -1.000000 -0.000000 -0.000000 -1.000000 0.000000 -0.000000 -1.000000 0.000000 -0.000001 -1.000000 -0.000000 -0.000000 -1.000000 -0.000000 -0.000000 -1.000000 -0.000000 -0.000001 -1.000000 -0.000000 -0.000000 -1.000000 0.000000 -0.000001 -1.000000 0.000000 -0.000001 -1.000000 0.000000 -0.000001 -1.000000 0.000000 -0.000000 -1.000000 -0.000000 -0.000001 -1.000000 -0.000000 -0.000001 -1.000000 0.000000 -0.000000 -1.000000 0.000000 -0.000000 -1.000000 -0.000000 -0.000000 -1.000000 0.000000 -0.000000 -0.999973 0.007057 -0.001891 -0.999973 0.007306 -0.000000 -0.999973 0.006327 -0.003653 -0.999973 0.005166 -0.005166 -0.999973 0.003653 -0.006327 -0.999973 0.001891 -0.007057 -0.999973 0.000962 -0.007306 -0.999973 -0.001891 -0.007057 -0.999973 -0.000962 -0.007306 -0.999973 -0.003653 -0.006327 -0.999973 -0.005166 -0.005166 -0.999973 -0.006327 -0.003653 -0.999973 -0.007057 -0.001891 -0.999973 -0.007306 -0.000000 -0.999973 -0.007057 0.001891 -0.999973 -0.006327 0.003653 -0.999973 -0.005166 0.005166 -0.999973 -0.003653 0.006327 -0.999973 -0.001891 0.007057 -0.999973 0.000000 0.007306 -0.999973 0.001891 0.007057 -0.999973 0.003653 0.006327 -0.999973 0.005166 0.005166 -0.999973 0.006327 0.003653 -0.999973 0.007057 0.001891 -0.969758 -0.235752 0.063169 -0.969758 -0.244069 -0.000000 -0.969758 -0.211369 0.122035 -0.969758 -0.172582 0.172583 -0.969758 -0.122034 0.211370 -0.969758 -0.063170 0.235752 -0.969258 -0.032115 0.243943 -0.969758 0.063170 0.235752 -0.969258 0.032116 0.243943 -0.969758 0.122034 0.211370 -0.969758 0.172582 0.172583 
						-0.969758 0.211370 0.122034 -0.969758 0.235752 0.063169 -0.969758 0.244069 -0.000000 -0.969758 0.235752 -0.063170 -0.969758 0.211370 -0.122034 -0.969758 0.172583 -0.172583 -0.969758 0.122034 -0.211369 -0.969758 0.063170 -0.235752 -0.969758 -0.000000 -0.244069 -0.969758 -0.063170 -0.235752 -0.969758 -0.122034 -0.211370 -0.969758 -0.172583 -0.172583 -0.969758 -0.211370 -0.122034 -0.969758 -0.235752 -0.063170 -0.957411 -0.278873 0.074788 -0.957411 -0.288727 0.000062 -0.957411 -0.250014 0.144418 -0.957411 -0.204117 0.204206 -0.957411 -0.144310 0.250077 -0.957411 -0.074668 0.278906 -0.956718 -0.037986 0.288528 -0.957411 0.074789 0.278874 -0.956733 0.037716 0.288513 -0.957411 0.144418 0.250015 -0.957411 0.204205 0.204118 -0.957411 0.250077 0.144310 -0.957411 0.278906 0.074668 -0.957411 0.288728 -0.000062 -0.957411 0.278873 -0.074788 -0.957411 0.250014 -0.144418 -0.957411 0.204117 -0.204205 -0.957411 0.144310 -0.250076 -0.957411 0.074669 -0.278906 -0.957411 -0.000062 -0.288728 -0.957412 -0.074788 -0.278873 -0.957411 -0.144418 -0.250014 -0.957411 -0.204206 -0.204117 -0.957411 -0.250077 -0.144310 -0.957411 -0.278906 -0.074668 -0.994788 0.098576 -0.026081 -0.993730 0.111802 0.000585 -0.994788 0.088467 -0.050705 -0.994788 0.072329 -0.071875 -0.994788 0.051262 -0.088146 -0.994638 0.026882 -0.099865 -0.993628 0.014926 -0.111718 -0.994788 -0.026081 -0.098576 -0.993625 -0.013983 -0.111864 -0.994788 -0.050705 -0.088467 -0.994788 -0.071875 -0.072329 -0.994788 -0.088146 -0.051262 -0.994638 -0.099865 -0.026882 -0.993730 -0.111802 -0.000585 -0.994788 -0.098577 0.026081 -0.994788 -0.088467 0.050705 -0.994788 -0.072329 0.071875 -0.994788 -0.051262 0.088145 -0.994638 -0.026883 0.099864 -0.993730 -0.000585 0.111801 -0.994788 0.026081 0.098576 -0.994788 0.050705 0.088467 -0.994788 0.071874 0.072329 -0.994788 0.088146 0.051262 -0.994638 0.099865 0.026882 
						0.085617 0.996328 -0.000008 0.165556 0.986201 -0.000066 0.230866 0.972985 -0.000006 0.278959 0.960303 -0.000018 0.308150 0.951338 0.000001 0.001712 0.999999 -0.000004 -0.085619 0.996328 -0.000003 -0.165570 0.986198 -0.000012 -0.230867 0.972985 -0.000003 -0.278964 0.960302 0.000021 -0.308150 0.951338 -0.000002 -0.324170 0.945999 -0.000003 -0.309161 0.951010 -0.000009 -0.278693 0.960380 -0.000001 -0.230487 0.973076 -0.000067 -0.165067 0.986282 0.000008 -0.086161 0.996281 -0.000016 -0.318717 -0.916333 0.242390 -0.324174 -0.945988 0.004269 -0.778020 -0.628238 -0.001467 -0.781060 -0.604083 0.158204 -0.317869 -0.820761 0.474669 -0.781642 -0.540948 0.310502 -0.317870 -0.669940 0.670924 -0.781642 -0.442151 0.439930 -0.317869 -0.473462 0.821458 -0.781643 -0.313221 0.539377 -0.317869 -0.244725 0.916007 -0.782563 -0.160515 0.601523 -0.324174 0.004269 0.945988 -0.778019 -0.001468 0.628238 -0.781061 0.604083 -0.158204 -0.778019 0.628238 0.001468 -0.781642 0.540946 -0.310503 -0.781642 0.442151 -0.439930 -0.781642 0.313222 -0.539377 -0.782563 0.160513 -0.601524 -0.775665 0.079784 -0.626081 -0.781060 -0.158204 -0.604083 -0.775581 -0.077077 -0.626525 -0.781642 -0.310503 -0.540947 -0.781642 -0.439930 -0.442150 -0.781642 -0.539377 -0.313223 -0.782563 -0.601523 -0.160513 -0.781060 0.158204 0.604083 -0.781642 0.310503 0.540947 -0.781643 0.439930 0.442150 -0.781642 0.539377 0.313222 -0.782564 0.601523 0.160514 -0.318717 -0.242388 -0.916334 -0.321875 -0.123583 -0.938682 -0.317869 -0.474670 -0.820760 -0.317869 -0.670924 -0.669940 -0.317870 -0.821456 -0.473464 -0.317869 -0.916008 -0.244724 -0.318716 0.242387 0.916334 -0.317869 0.474670 0.820760 -0.317869 0.670924 0.669940 -0.317869 0.821456 0.473465 -0.317869 0.916007 0.244723 -0.324174 0.945988 -0.004269 -0.318717 0.916334 -0.242388 -0.317869 0.820759 -0.474672 -0.317869 0.669941 -0.670924 
						-0.317869 0.473464 -0.821456 -0.317869 0.244723 -0.916007 -0.321749 0.117382 -0.939521 -0.000000 0.999995 -0.003221 -0.000001 0.999931 0.011752 -0.000000 0.999834 0.018246 0.000000 0.999998 -0.001786 0.000000 0.999985 -0.005399 -0.000000 0.999994 0.003597 0.000000 0.999970 -0.007728 -0.000000 0.999992 -0.004025 -0.000000 0.999954 -0.009561 -0.000000 0.999960 -0.008963 0.000000 0.999946 -0.010369 0.000000 0.999952 -0.009827 0.000000 0.999951 -0.009904 0.000000 0.999979 -0.006520 -0.000000 0.999966 -0.008215 0.000000 1.000000 0.000069 -0.000000 0.999984 -0.005638 0.000000 0.999967 0.008071 0.000000 0.999996 -0.002713 0.000000 0.999881 0.015407 0.000000 1.000000 0.000168 0.000000 0.999798 0.020095 0.000000 0.999997 0.002543 -0.000000 0.999782 0.020890 0.000000 0.999987 0.005170 0.000000 0.999556 0.029809 0.000000 0.999994 0.003431 -0.000000 0.999734 0.023062 0.000000 0.999992 -0.003964 -0.000000 1.000000 -0.000417 0.000000 0.999976 -0.006989 -0.000000 0.999993 -0.003717 -0.000000 0.999961 -0.008865 -0.000000 0.999966 -0.008243 0.000000 0.999952 -0.009825 0.000000 0.999954 -0.009625 0.000000 0.999954 -0.009593 0.000000 0.999976 -0.006854 -0.000000 0.999966 -0.008231 0.000000 1.000000 -0.000700 -0.000000 0.999982 -0.006065 0.000000 0.999974 0.007186 0.000000 0.999993 -0.003710 -0.000000 0.999892 0.014667 0.000000 0.999998 -0.001823 0.000000 0.999805 0.019756 0.000000 0.999999 -0.001201 -0.000000 0.999777 0.021095 -0.000006 1.000000 0.000015 -0.000005 1.000000 0.000010 0.000000 1.000000 -0.000000 -0.000004 1.000000 -0.000009 -0.000003 1.000000 0.000007 -0.000001 1.000000 0.000008 0.000000 1.000000 -0.000000 0.000001 1.000000 0.000003 0.000003 1.000000 0.000004 0.000004 1.000000 -0.000006 0.000005 1.000000 0.000017 0.000006 1.000000 0.000004 0.000006 1.000000 -0.000023 
						0.000006 1.000000 -0.000007 0.000005 1.000000 0.000003 0.000004 1.000000 0.000006 0.000003 1.000000 -0.000004 0.000001 1.000000 -0.000003 -0.000000 1.000000 -0.000000 -0.000001 1.000000 -0.000009 -0.000003 1.000000 -0.000007 -0.000004 1.000000 0.000009 -0.000005 1.000000 -0.000009 -0.000006 1.000000 -0.000015 -0.000006 1.000000 -0.000000 0.900963 0.112301 -0.419111 0.655395 0.377644 -0.654097 0.999996 0.001329 -0.002303 0.999870 -0.004176 0.015587 0.428994 0.638734 -0.638735 0.999909 0.009529 -0.009529 0.254354 0.837544 -0.483554 0.999770 0.018587 -0.010731 0.113734 0.959659 -0.257136 0.999470 0.031451 -0.008427 -0.013244 0.999912 -0.000000 0.969093 0.246696 -0.000000 -0.207212 0.944962 0.253198 -0.302742 0.920597 0.246673 -0.332176 0.816851 0.471607 -0.996347 0.073952 0.042696 -0.476510 0.621665 0.621667 -0.997346 0.051478 0.051478 -0.654834 0.377886 0.654519 -0.997900 0.032386 0.056094 -0.862635 0.130917 0.488591 -0.998476 0.014285 0.053311 -0.997851 0.000000 0.065524 -0.999223 -0.000000 0.039415 -0.902139 0.111666 -0.416745 -0.999871 -0.004159 0.015521 -0.656185 0.377300 -0.653503 -0.999996 0.001439 -0.002493 -0.429492 0.638568 -0.638567 -0.999912 0.009403 -0.009403 -0.254483 0.837514 -0.483537 -0.999780 0.018154 -0.010481 -0.113646 0.959668 -0.257142 -0.999482 0.031084 -0.008329 0.013757 0.999905 -0.000000 -0.965523 0.260319 0.000000 0.207293 0.944945 0.253197 0.307286 0.919192 0.246296 0.332235 0.816833 0.471597 0.996319 0.074242 0.042864 0.476716 0.621588 0.621586 0.997333 0.051610 0.051610 0.655445 0.377622 0.654060 0.997918 0.032245 0.055850 0.863495 0.130538 0.487171 0.998496 0.014191 0.052961 0.998052 0.000000 0.062387 0.999232 0.000000 0.039172 -0.000001 0.999787 0.020653 -0.000001 0.999709 0.024121 -0.000001 0.999716 0.023830 -0.000001 0.999759 0.021973 
						-0.000001 0.999830 0.018437 -0.000001 0.999777 0.021102 -0.000001 0.999834 0.018248 -0.000001 0.999771 0.021421 -0.000000 0.999805 0.019763 -0.000000 0.999741 0.022762 -0.000000 0.999745 0.022579 -0.000000 0.999691 0.024876 0.000000 0.999655 0.026283 0.000000 0.999628 0.027286 0.000001 0.999557 0.029760 0.000001 0.999573 0.029233 0.000001 0.999481 0.032209 0.000001 0.999538 0.030387 0.000001 0.999457 0.032957 0.000001 0.999535 0.030483 0.000001 0.999491 0.031896 0.000001 0.999537 0.030412 0.000001 0.999556 0.029797 0.000001 0.999406 0.034456 0.000001 0.999576 0.029115 0.000001 0.999685 0.025089 0.000001 0.999826 0.018627 0.000001 0.999879 0.015586 0.000002 0.999812 0.019411 0.000002 0.999703 0.024364 0.000001 0.999823 0.018832 0.000001 0.999762 0.021837 0.000001 0.999802 0.019882 0.000001 0.999742 0.022720 0.000000 0.999746 0.022538 0.000000 0.999695 0.024697 -0.000001 0.999663 0.025950 -0.000001 0.999640 0.026849 -0.000001 0.999574 0.029181 -0.000001 0.999590 0.028648 -0.000002 0.999508 0.031376 -0.000002 0.999560 0.029676 -0.000002 0.999494 0.031799 -0.000001 0.999566 0.029462 -0.000001 0.999534 0.030514 -0.000001 0.999604 0.028123 -0.000001 0.999616 0.027712 -0.000001 0.999660 0.026088 0.890315 0.255650 -0.376805 0.975310 0.091301 -0.201085 0.970885 0.096051 -0.219447 0.868978 0.274792 -0.411541 0.747862 0.488606 -0.449407 0.699545 0.523291 -0.486624 0.555775 0.730033 -0.397701 0.480335 0.768322 -0.423036 0.323510 0.917012 -0.233301 0.232448 0.941661 -0.243399 0.063882 0.997955 0.002367 -0.024247 0.999706 -0.000899 -0.206335 0.947090 0.245857 -0.274350 0.931443 0.239054 -0.464543 0.775373 0.427781 -0.504034 0.757137 0.415563 -0.686638 0.531743 0.495759 -0.700952 0.522347 0.485614 -0.854045 0.287029 0.433844 -0.854655 0.286547 0.432961 
						-0.958236 0.107748 0.264905 -0.956716 0.109011 0.269835 -0.998558 0.037009 0.038884 -0.998728 0.037015 0.034244 -0.972307 0.094571 -0.213720 -0.970148 0.096802 -0.222357 -0.901279 0.244901 -0.357378 -0.884721 0.260878 -0.386280 -0.752769 0.484786 -0.445332 -0.699900 0.523053 -0.486370 -0.557316 0.729167 -0.397134 -0.480489 0.768252 -0.422988 -0.323956 0.916869 -0.233244 -0.232611 0.941625 -0.243382 -0.063875 0.997955 0.002367 0.024342 0.999703 -0.000903 0.206547 0.947050 0.245836 0.274589 0.931379 0.239026 0.465022 0.775164 0.427639 0.504506 0.756908 0.415409 0.687206 0.531381 0.495362 0.701487 0.521991 0.485224 0.854692 0.286515 0.432910 0.855259 0.286064 0.432087 0.959016 0.107089 0.262336 0.957335 0.108500 0.267840 0.998821 0.037017 0.031393 0.998845 0.037018 0.030627 0.243033 -0.000000 0.970018 -0.226242 0.130621 0.965273 -0.212756 0.122835 0.969354 0.250464 0.000000 0.968126 -0.362815 0.628413 0.688086 -0.344692 0.597024 0.724396 -0.000000 0.982158 0.188056 -0.000001 0.965390 0.260812 0.468739 0.811879 -0.348046 0.478540 0.828857 -0.289820 0.560803 0.323780 -0.762015 0.578961 0.334263 -0.743689 0.221021 -0.000000 -0.975269 0.225814 -0.000000 -0.974170 -0.209792 0.121123 -0.970215 -0.199613 0.115247 -0.973074 -0.338076 0.585565 -0.736762 -0.321838 0.557440 -0.765298 -0.000000 0.960850 -0.277071 -0.000000 0.938910 -0.344162 0.483030 0.836633 0.258316 0.490656 0.849841 0.192423 0.600168 0.346508 0.720923 0.622110 0.359176 0.695681 0.268939 0.928667 0.255438 0.239781 0.970827 0.000000 0.276093 0.956788 0.091260 0.242789 0.906399 0.345681 0.218605 0.913406 0.343368 0.228348 0.969677 0.087086 0.243543 0.964357 -0.103454 0.233512 0.938049 -0.255999 0.257905 0.961151 -0.098359 0.213317 0.944316 0.250524 0.242652 0.934005 -0.262212 0.232325 0.908791 -0.346590 
						0.225791 0.911392 -0.344070 0.252241 0.967664 0.000000 0.231864 0.972748 -0.000000 0.237419 0.971407 0.000000 0.255534 0.966800 0.000000 0.219413 0.975632 -0.000000 0.227588 0.973758 0.000000 0.203996 0.978972 -0.000001 0.208399 0.978044 0.000000 0.209644 0.977778 -0.000005 0.205631 0.978630 -0.000004 0.227523 0.973773 -0.000005 0.225832 0.974166 -0.000005 0.235743 0.971816 -0.000007 0.241072 0.970507 -0.000007 0.236328 0.971673 -0.000006 0.225716 0.974193 -0.000007 0.263807 0.964576 -0.000002 0.247159 0.968975 -0.000002 0.267227 0.963634 0.000000 0.261351 0.965244 0.000000 0.266636 0.963797 0.000000 0.267374 0.963593 0.000000 0.262213 0.965010 0.000000 0.262128 0.965033 -0.000000 0.251328 0.000000 0.967902 -0.225214 0.130027 0.965594 -0.207289 0.119678 0.970932 0.257882 0.000000 0.966176 -0.370435 0.641613 0.671648 -0.347694 0.602223 0.718635 0.000000 0.983934 0.178533 0.000000 0.963801 0.266624 0.472237 0.817940 -0.328582 0.483112 0.836775 -0.257702 0.577489 0.333414 -0.745213 0.598903 0.345777 -0.722325 0.240905 -0.000000 -0.970549 0.246193 -0.000000 -0.969221 -0.220714 0.127429 -0.966978 -0.204075 0.117823 -0.971839 -0.361881 0.626796 -0.690050 -0.340506 0.589774 -0.732272 -0.000000 0.974093 -0.226148 -0.000000 0.950786 -0.309850 0.479732 0.830918 0.281840 0.489271 0.847440 0.206055 0.596932 0.344639 0.724498 0.620699 0.358361 0.697359 0.248311 0.822084 0.512367 0.173193 0.843131 0.509052 0.146625 0.919161 0.365574 0.193042 0.973786 0.120313 0.261660 0.952534 -0.155602 0.281789 0.878299 -0.386246 0.238697 0.824135 -0.513639 0.179330 0.841293 -0.509968 0.167989 0.911760 -0.374798 0.226871 0.963606 -0.141397 0.296093 0.945592 0.134854 0.306177 0.874351 0.376518 -0.000000 0.000000 1.000000 -0.000000 0.000000 1.000000 -0.000000 0.000000 1.000000 
						-0.000000 0.000000 1.000000 0.000000 0.000000 1.000000 0.000000 0.000000 1.000000 0.000000 0.000000 1.000000 0.000000 0.000000 1.000000 -0.000000 0.000000 1.000000 0.000000 0.000000 1.000000 -0.000000 0.000000 1.000000 0.000005 -0.000009 1.000000 -0.000000 0.000000 1.000000 0.000009 -0.000005 1.000000 -0.000000 0.000000 1.000000 -0.000000 0.000000 1.000000 0.000000 0.000000 1.000000 0.000000 0.000000 1.000000 -0.000000 0.000000 1.000000 -0.000005 -0.000009 1.000000 -0.000000 0.000000 1.000000 -0.000000 -0.000010 1.000000 -0.000000 0.000000 1.000000 -0.000000 0.000000 1.000000 -0.000000 0.000000 1.000000 -0.000000 0.000000 1.000000 -0.302580 0.949378 -0.084422 -0.275690 0.953725 -0.120012 -0.281304 0.959619 -0.000000 -0.291615 0.956115 -0.028377 -0.282824 0.958511 0.035589 -0.275587 0.957031 0.090246 -0.262015 0.957470 0.120827 -0.277079 0.953329 0.119962 -0.298150 0.950740 0.084849 -0.289171 0.956847 0.028690 -0.279677 0.959449 -0.035193 -0.271657 0.958187 -0.089891 -0.255359 0.959294 -0.120607 -0.338841 -0.000003 -0.940843 -0.212914 -0.000003 -0.977071 -0.192945 -0.000003 -0.981210 -0.310346 -0.000003 -0.950624 -0.057929 -0.000003 -0.998321 -0.047392 -0.000003 -0.998876 0.220830 0.625456 -0.748358 0.327466 0.927480 -0.180409 0.292322 0.827943 -0.478601 0.131962 0.373754 -0.918092 -0.332620 0.942075 -0.043103 -0.302089 0.855601 0.420345 -0.326355 0.924331 0.197750 -0.320158 0.906779 -0.274318 -0.511048 -0.000000 0.859552 -0.320087 -0.000000 0.947388 -0.304452 -0.000000 0.952528 -0.477013 -0.000000 0.878896 -0.055864 -0.000000 0.998438 -0.062337 -0.000000 0.998055 0.213226 0.603916 0.767998 0.295002 0.835527 0.463539 0.259375 0.734622 0.626940 0.159456 0.451622 0.877845 -0.327165 0.926621 0.185299 -0.280573 0.794656 -0.538331 -0.325345 0.921464 -0.212264 -0.285397 0.808322 0.514942 
						-0.608484 0.793566 0.000006 -0.705158 0.709051 0.000005 -0.525143 0.851014 0.000003 -0.457891 0.889009 0.000007 -0.452627 0.891700 0.000003 -0.456312 0.889820 0.000000 -0.465878 0.884849 -0.000000 -0.469473 0.882947 0.000000 -0.576395 0.817171 0.000003 -0.366519 0.930411 0.000465 -0.252590 0.967572 0.001710 -0.289351 0.957221 0.001714 -0.366009 0.930611 0.000544 -0.134812 0.990871 0.000933 -0.125257 0.992124 0.001152 -0.310310 0.950635 0.000372 -0.274456 0.961600 0.000411 -0.003624 0.999993 0.000504 -0.343787 0.939048 -0.000467 -0.342872 0.939382 -0.000549 -0.171774 0.985131 -0.003247 -0.257411 0.966300 -0.001667 -0.286283 0.958144 -0.001673 -0.166007 0.986124 -0.000925 -0.156630 0.987657 -0.001130 -0.328619 0.944463 -0.000387 -0.292664 0.956215 -0.000428 -0.033496 0.999439 -0.000532 -0.172618 0.984984 0.003243 -0.241740 0.000000 -0.970341 -0.201059 0.000000 -0.979579 -0.620307 0.358136 -0.697824 -0.687331 0.396832 -0.608358 0.242082 0.139766 -0.960136 0.240469 0.138835 -0.960676 0.337296 0.584216 -0.738189 0.351885 0.609485 -0.710426 0.000000 0.938721 -0.344677 0.000000 0.969060 -0.246826 -0.495346 0.857966 0.136111 -0.481651 0.834246 0.268414 -0.681556 0.393494 0.616964 -0.615787 0.355523 0.703143 -0.248889 -0.000001 0.968532 -0.209140 -0.000000 0.977886 0.232226 0.134075 0.963377 0.230919 0.133321 0.963796 0.333558 0.577738 0.744955 0.347679 0.602197 0.718664 -0.000001 0.934451 0.356091 -0.000001 0.965584 0.260092 -0.496140 0.859342 -0.124002 -0.483123 0.836796 -0.257613 -0.270632 0.692429 -0.668805 -0.393649 0.789733 -0.470491 -0.381581 0.791346 -0.477668 -0.266174 0.693323 -0.669668 -0.365901 0.920306 -0.138394 -0.346614 0.924826 -0.156705 -0.233189 0.945987 0.225237 -0.214167 0.954641 0.206864 -0.127304 0.847274 0.515676 -0.113253 0.854288 0.507313 -0.138682 0.725633 0.673961 
						-0.132451 0.727860 0.672813 -0.270413 0.692467 0.668855 -0.267115 0.693128 0.669495 -0.378139 0.791780 0.479682 -0.368068 0.792957 0.485536 -0.339076 0.926395 0.163764 -0.321027 0.929716 0.180470 -0.208211 0.957185 -0.201111 -0.188199 0.965161 -0.181782 -0.110686 0.855536 -0.505773 -0.094415 0.863243 -0.495880 -0.129099 0.729043 -0.672183 -0.120959 0.731872 -0.670621 -1.000000 -0.000000 0.000001 -1.000000 -0.000000 0.000002 -0.924106 0.000000 0.382137 -0.924106 0.000000 0.382136 -0.707106 0.000001 0.707107 -0.707106 0.000002 0.707108 -0.382496 0.000002 0.923957 -0.382496 0.000002 0.923957 0.000001 0.000003 1.000000 -0.000000 0.000002 1.000000 -0.924106 0.000001 -0.382137 -0.924106 0.000001 -0.382136 0.382496 0.000001 0.923957 0.382496 0.000001 0.923957 -0.709658 0.000001 -0.704546 -0.709658 -0.000000 -0.704546 0.707106 0.000002 0.707107 0.707106 0.000002 0.707107 -0.561569 0.000002 -0.827430 -0.561570 0.000004 -0.827429 0.920866 0.000000 0.389879 0.920866 0.000001 0.389880 1.000000 0.000000 -0.000002 1.000000 -0.000000 -0.000001 0.920866 0.000000 -0.389880 0.920866 0.000001 -0.389880 0.707462 0.000002 -0.706751 0.707462 0.000001 -0.706752 0.556406 0.000002 -0.830910 0.556406 0.000002 -0.830910 -0.958022 0.286693 0.000002 -1.000000 -0.000000 -0.000000 -0.932414 0.361392 0.000002 -0.789665 0.613538 0.000003 0.975527 -0.219878 -0.000001 1.000000 0.000000 -0.000001 0.960822 -0.277168 -0.000001 0.876365 -0.481648 -0.000000 -0.902606 -0.000000 0.430467 -0.999039 0.000000 0.043834 -0.997413 -0.000000 0.071889 -0.902557 -0.000000 0.430570 -0.938082 -0.000000 -0.346413 -0.947435 -0.000000 -0.319947 -0.741294 -0.000000 -0.671181 -0.745703 0.000000 -0.666279 -0.895092 -0.000000 -0.445882 -0.880387 0.000000 -0.474255 -1.000000 0.000000 -0.000000 -0.999425 0.000000 -0.033894 -0.000000 1.000000 -0.000000 
						-0.000000 1.000000 -0.000000 -0.000000 1.000000 -0.000000 -0.000000 1.000000 -0.000000 0.999350 -0.000000 0.036055 0.877810 -0.000000 0.479009 0.890173 -0.000000 0.455622 1.000000 -0.000000 0.000000 0.743295 0.000000 0.668964 0.742375 0.000000 0.669984 0.946250 0.000000 0.323435 0.936910 0.000000 0.349570 0.998425 0.000000 -0.056108 0.998413 0.000000 -0.056324 -0.999048 -0.000000 -0.043623 -0.937960 -0.000000 0.346744 -0.947309 -0.000000 0.320320 -0.997423 0.000000 -0.071749 -0.739661 -0.000000 0.672979 -0.745338 -0.000000 0.666687 -0.876096 -0.000000 0.482137 -0.861113 -0.000000 0.508413 -1.000000 0.000000 -0.000000 -0.999449 0.000000 0.033185 0.000000 -1.000000 -0.000004 0.000000 -1.000000 -0.000004 0.000000 -1.000000 -0.000004 0.000000 -1.000000 -0.000004 0.999377 0.000000 -0.035305 0.858739 0.000000 -0.512413 0.870887 0.000000 -0.491484 1.000000 -0.000000 0.000000 0.742907 0.000000 -0.669395 0.740571 0.000000 -0.671979 0.946162 0.000000 -0.323695 0.936844 0.000000 -0.349748 0.997697 0.000000 0.067834 0.999197 -0.000000 0.040070 0.897069 -0.000000 0.441891 0.909016 -0.000000 0.416761 0.669581 -0.000000 0.742739 0.690048 -0.000000 0.723764 0.351809 -0.000000 0.936072 0.377892 -0.000000 0.925850 -0.012710 -0.000000 0.999919 0.015389 -0.000000 0.999882 -0.375386 -0.000000 0.926869 -0.349142 -0.000000 0.937070 -0.679047 -0.000000 0.734095 -0.678917 -0.000000 0.734215 1.000000 -0.000000 0.000000 1.000000 0.000000 0.000000 1.000000 -0.000000 0.000000 1.000000 -0.000001 0.000000 0.554703 -0.000000 0.832049 0.554703 -0.000001 0.832049 0.706738 -0.000000 0.707475 0.706737 -0.000001 0.707476 0.924106 -0.000001 0.382137 0.924106 -0.000001 0.382137 1.000000 0.000000 -0.000001 1.000000 0.000000 -0.000001 0.924106 0.000001 -0.382136 0.924106 0.000000 -0.382137 0.707107 -0.000001 -0.707107 
						0.707106 -0.000001 -0.707108 0.382496 -0.000003 -0.923957 0.382496 -0.000002 -0.923957 -0.000000 -0.000001 -1.000000 -0.000001 -0.000001 -1.000000 -0.382496 -0.000001 -0.923957 -0.382496 -0.000001 -0.923957 -0.707106 -0.000001 -0.707107 -0.707106 -0.000001 -0.707107 -0.920866 -0.000000 -0.389880 -0.920866 -0.000000 -0.389879 -1.000000 0.000000 -0.000000 -1.000000 0.000000 -0.000000 -1.000000 0.000000 -0.000000 -1.000000 0.000000 -0.000000 -0.554703 -0.000001 0.832049 -0.554703 0.000000 0.832048 -0.706737 -0.000001 0.707476 -0.706737 -0.000001 0.707476 -0.920866 -0.000000 0.389880 -0.920866 0.000000 0.389880 -1.000000 0.000000 0.000001 -1.000000 0.000000 0.000001 0.907779 0.000000 -0.419449 0.895610 0.000000 -0.444840 0.688033 0.000000 -0.725679 0.667317 0.000000 -0.744774 0.375397 0.000000 -0.926864 0.349152 0.000000 -0.937066 0.000375 0.000000 -1.000000 0.000374 0.000000 -1.000000 -0.374715 -0.000000 -0.927140 -0.348462 0.000000 -0.937323 -0.687629 -0.000000 -0.726062 -0.666901 0.000000 -0.745147 -0.907663 0.000000 -0.419699 -0.895508 0.000000 -0.445046 
					</float_array>
					<technique_common>
						<accessor count="5477" offset="0" source="#meshId0-bitangents-array" stride="3">
							<param name="X" type="float" />
							<param name="Y" type="float" />
							<param name="Z" type="float" />
						</accessor>
					</technique_common>
				</source>
				<source id="meshId0-tex0" name="meshId0-tex0">
					<float_array id="meshId0-tex0-array" count="10954"> 
						0.186627 0.149992 0.212533 0.150071 0.210653 0.161362 0.187360 0.159071 0.462020 0.466027 0.448570 0.387188 0.477583 0.388070 0.492119 0.416380 0.178546 0.153899 0.499520 0.446337 0.175182 0.150065 0.448570 0.387188 0.446125 0.374947 0.474765 0.374440 0.477583 0.388070 0.191276 0.131504 0.214451 0.135810 0.233044 0.153705 0.233751 0.163636 0.377211 0.385792 0.376948 0.466175 0.175494 0.131649 0.440134 0.363996 0.472496 0.368109 0.226683 0.137225 0.088651 0.466646 0.086264 0.388236 0.376948 0.466175 0.377211 0.385792 0.377287 0.373462 0.500963 0.465962 0.504550 0.731913 0.504977 0.758295 0.470114 0.758817 0.463614 0.732626 0.194240 0.085488 0.215167 0.088408 0.249251 0.155594 0.249315 0.163962 0.377488 0.546538 0.086548 0.544815 0.086264 0.388236 0.087654 0.380080 0.088444 0.373855 0.377399 0.362608 0.492281 0.515571 0.499584 0.485591 0.448833 0.544903 0.502835 0.359204 0.511209 0.359204 0.511209 0.392679 0.502835 0.392679 0.226656 0.122084 0.175188 0.090280 0.169006 0.101066 0.170815 0.088219 0.078163 0.392966 0.059197 0.466766 0.058781 0.399495 0.060373 0.395025 0.065010 0.394069 0.089395 0.363163 0.402961 0.735590 0.437621 0.733026 
						0.403388 0.759835 0.477840 0.543925 0.377488 0.546538 0.448833 0.544903 0.446428 0.557151 0.377607 0.558865 0.265460 0.153702 0.264877 0.163623 0.483471 0.392679 0.483471 0.359204 0.760520 0.834178 0.760520 0.807742 0.769740 0.807742 0.769740 0.834178 0.136087 0.109373 0.137853 0.096628 0.169006 0.101066 0.164456 0.112052 0.173881 0.079567 0.138986 0.085547 0.170815 0.088219 0.188775 0.124723 0.186542 0.116895 0.182294 0.103161 0.180065 0.096980 0.178302 0.090057 0.176236 0.083438 0.184315 0.110713 0.194117 0.036491 0.213746 0.037454 0.078163 0.392966 0.074762 0.388458 0.080493 0.386343 0.086264 0.388236 0.086548 0.544815 0.088791 0.559173 0.087977 0.552955 0.078442 0.540122 0.065297 0.539069 0.060663 0.538132 0.059057 0.533675 0.086264 0.388236 0.080493 0.386343 0.082396 0.380223 0.087654 0.380080 0.082649 0.373893 0.082567 0.361996 0.089395 0.363163 0.088444 0.373855 0.102044 0.766867 0.102927 0.750370 0.104648 0.744852 0.109562 0.743184 0.172504 0.740964 0.286100 0.150064 0.287978 0.161355 0.312008 0.149981 0.311274 0.159061 0.475067 0.557564 0.477840 0.543925 0.440474 0.568121 0.377755 0.569718 0.033681 0.000745 0.060057 0.000954 
						0.060635 0.007892 0.033626 0.007679 0.436214 0.730932 0.785440 0.834178 0.785440 0.807742 0.786460 0.807742 0.786460 0.834178 0.982470 0.330144 0.982167 0.328715 0.982470 0.327286 0.983348 0.325954 0.999879 0.325954 0.999879 0.331476 0.983348 0.331476 0.511209 0.392679 0.511209 0.359204 0.515996 0.359204 0.515996 0.392679 0.070281 0.001035 0.072430 0.007986 0.160763 0.133510 0.132976 0.125627 0.139435 0.077920 0.173881 0.079567 0.241357 0.079548 0.228118 0.092060 0.235791 0.037537 0.237807 0.073334 0.175845 0.069186 0.171452 0.070666 0.065010 0.394069 0.061438 0.389094 0.080796 0.546728 0.075063 0.544638 0.078442 0.540122 0.086548 0.544815 0.082396 0.380223 0.087654 0.380080 0.172504 0.740964 0.171715 0.735243 0.276037 0.733844 0.402961 0.735590 0.102044 0.766867 0.094648 0.768952 0.095666 0.748678 0.102927 0.750370 0.098640 0.740688 0.104648 0.744852 0.104648 0.744852 0.098640 0.740688 0.106424 0.737455 0.109562 0.743184 0.320089 0.153888 0.472820 0.563901 0.089787 0.569851 0.471298 0.179865 0.439797 0.204075 0.406618 0.201272 0.407412 0.177877 0.271856 0.137223 0.284187 0.134359 0.435707 0.728675 0.784501 0.834178 0.784501 0.807742 
						0.515996 0.359204 0.523195 0.359204 0.523195 0.392679 0.515996 0.392679 0.097195 0.117247 0.099283 0.104726 0.101058 0.092533 0.102175 0.082264 0.130204 0.137851 0.155977 0.146011 0.503691 0.723566 0.502550 0.712520 0.519286 0.712037 0.523430 0.723003 0.636462 0.430351 0.636462 0.396203 0.641553 0.396203 0.641553 0.430351 0.501665 0.704086 0.500621 0.693422 0.511590 0.693175 0.515263 0.703771 0.570469 0.392679 0.570469 0.359204 0.575229 0.359204 0.575229 0.392679 0.508120 0.684569 0.500125 0.684738 0.499168 0.674869 0.504793 0.674759 0.516818 0.430351 0.516818 0.396203 0.521531 0.396203 0.521531 0.430351 0.175843 0.075696 0.174893 0.069345 0.175183 0.061514 0.176265 0.033853 0.212633 0.020219 0.234918 0.019935 0.189243 0.019025 0.170820 0.057721 0.139693 0.070292 0.171452 0.070666 0.082396 0.380223 0.080493 0.386343 0.074762 0.388458 0.061438 0.389094 0.052223 0.389868 0.051304 0.374097 0.082649 0.373893 0.082723 0.552835 0.080796 0.546728 0.086548 0.544815 0.087977 0.552955 0.061749 0.544051 0.065297 0.539069 0.082567 0.361996 0.050889 0.362274 0.276037 0.733844 0.275564 0.668815 0.402174 0.667659 0.402961 0.735590 0.095666 0.748678 
						0.094648 0.768952 0.059193 0.767724 0.096049 0.738184 0.059934 0.737263 0.307359 0.131492 0.323453 0.150054 0.089787 0.569851 0.082974 0.571042 0.083003 0.559159 0.088791 0.559173 0.109608 0.179641 0.107302 0.173938 0.106279 0.156689 0.115989 0.182729 0.180728 0.187053 0.436151 0.726405 0.783560 0.834178 0.783560 0.807742 0.094887 0.128831 0.102643 0.075794 0.237807 0.073334 0.249242 0.072217 0.241357 0.079548 0.155977 0.146011 0.157141 0.155831 0.128271 0.144266 0.130204 0.137851 0.463490 0.723986 0.463351 0.712946 0.630004 0.396203 0.636462 0.396203 0.636462 0.430351 0.630004 0.430351 0.000678 0.085236 0.000827 0.076566 0.007771 0.076053 0.007649 0.083152 0.641553 0.396203 0.646776 0.396203 0.646776 0.430351 0.641553 0.430351 0.575229 0.359204 0.578083 0.359204 0.578083 0.392679 0.575229 0.392679 0.570469 0.392679 0.566514 0.392679 0.566514 0.359204 0.570469 0.359204 0.026751 0.007372 0.026064 0.000444 0.030263 0.000411 0.032521 0.007327 0.514653 0.396203 0.516818 0.396203 0.516818 0.430351 0.514653 0.430351 0.521531 0.396203 0.522637 0.396203 0.522637 0.430351 0.521531 0.430351 0.051945 0.014897 0.051408 0.008349 0.052979 0.008363 
						0.054999 0.014924 0.498687 0.666123 0.496580 0.656320 0.498320 0.656166 0.501439 0.665880 0.663763 0.505443 0.663763 0.469284 0.668524 0.469284 0.668524 0.505443 0.491160 0.635361 0.493944 0.646267 0.462702 0.647968 0.462241 0.636917 0.480305 0.603073 0.481383 0.598334 0.491160 0.635361 0.487846 0.626986 0.485490 0.619292 0.482365 0.611012 0.249302 0.037277 0.249242 0.072217 0.249301 0.019757 0.176198 0.014386 0.139628 0.059229 0.170820 0.057721 0.059197 0.466766 0.052645 0.466792 0.052329 0.399128 0.058781 0.399495 0.054598 0.392044 0.060373 0.395025 0.060373 0.395025 0.054598 0.392044 0.082723 0.552835 0.087977 0.552955 0.075063 0.544638 0.080796 0.546728 0.082723 0.552835 0.061749 0.544051 0.083003 0.559159 0.051695 0.559103 0.052539 0.543306 0.038812 0.362676 0.039512 0.374730 0.402174 0.667659 0.435691 0.691772 0.437079 0.693858 0.437212 0.704549 0.435839 0.706652 0.171715 0.735243 0.171354 0.709264 0.098640 0.740688 0.094658 0.711937 0.047581 0.709111 0.046813 0.736994 0.046058 0.767399 0.106424 0.737455 0.105577 0.711726 0.323141 0.131637 0.111601 0.188867 0.102832 0.184736 0.109608 0.179641 0.115989 0.182729 0.102832 0.184736 
						0.099587 0.175991 0.107302 0.173938 0.109608 0.179641 0.098409 0.154466 0.106279 0.156689 0.438432 0.206071 0.284520 0.198059 0.179723 0.192884 0.180728 0.187053 0.406618 0.201272 0.271913 0.120636 0.542205 0.392679 0.542205 0.359204 0.437343 0.713232 0.437504 0.724290 0.435926 0.711160 0.782530 0.834178 0.782530 0.807742 0.782530 0.834178 0.773305 0.834178 0.773305 0.807742 0.782530 0.807742 0.066997 0.110466 0.068938 0.100623 0.064229 0.121780 0.071554 0.089108 0.102987 0.069337 0.073244 0.079644 0.093539 0.134648 0.094887 0.128831 0.610010 0.430351 0.610010 0.396203 0.463185 0.693622 0.463266 0.704295 0.463091 0.675023 0.463158 0.684898 0.496108 0.430351 0.496108 0.396203 0.462906 0.656860 0.463021 0.666408 0.663103 0.469284 0.663763 0.469284 0.663763 0.505443 0.663103 0.505443 0.668524 0.505443 0.668524 0.469284 0.683970 0.469284 0.683970 0.505443 0.024921 0.015082 0.023531 0.008146 0.025914 0.015083 0.461610 0.611696 0.461439 0.603583 0.477266 0.594910 0.577279 0.468402 0.572050 0.468402 0.572050 0.431967 0.577279 0.431967 0.461749 0.620399 0.462025 0.628242 0.611883 0.468402 0.611883 0.431967 0.615986 0.431967 0.615986 0.468402 
						0.233618 0.003098 0.249299 0.002783 0.210621 0.003924 0.461625 0.594853 0.454817 0.594595 0.448683 0.576462 0.474239 0.574960 0.185309 0.004598 0.139094 0.046567 0.167180 0.046296 0.103179 0.059125 0.052618 0.534058 0.059057 0.533675 0.040449 0.390263 0.052329 0.399128 0.052645 0.466792 0.040910 0.466854 0.054598 0.392044 0.060663 0.538132 0.054906 0.541126 0.054906 0.541126 0.060663 0.538132 0.006225 0.377561 0.005229 0.365360 0.274873 0.603818 0.401593 0.599855 0.435407 0.708912 0.435203 0.689521 0.726778 0.546203 0.726778 0.524674 0.727576 0.524674 0.727576 0.546203 0.456131 0.693655 0.456248 0.704351 0.475196 0.852346 0.474304 0.852346 0.474304 0.825598 0.475196 0.825598 0.172454 0.669679 0.094658 0.711937 0.047581 0.709111 0.048748 0.705907 0.095572 0.708386 0.046869 0.709142 0.009504 0.767063 0.009085 0.707643 0.105577 0.711726 0.105655 0.708272 0.167524 0.706123 0.171354 0.709264 0.283450 0.086960 0.304377 0.085477 0.061348 0.188683 0.060356 0.156456 0.098409 0.154466 0.099587 0.175991 0.099917 0.187459 0.082974 0.571042 0.051365 0.570938 0.610699 0.359204 0.631347 0.359204 0.631347 0.392679 0.610699 0.392679 0.009912 0.129893 
						0.018941 0.129893 0.018941 0.155872 0.009912 0.155872 0.018941 0.129893 0.019952 0.129893 0.019952 0.155872 0.018941 0.155872 0.437927 0.208233 0.405323 0.266380 0.282553 0.263233 0.284520 0.198059 0.406618 0.201272 0.477065 0.852346 0.477065 0.825598 0.478080 0.825598 0.478080 0.852346 0.456337 0.713015 0.456483 0.724065 0.062827 0.127599 0.064229 0.121780 0.043980 0.094884 0.048006 0.084584 0.073860 0.073682 0.262812 0.037537 0.260805 0.073338 0.161000 0.012311 0.135892 0.018651 0.134571 0.012465 0.162317 0.002941 0.101689 0.023603 0.101111 0.017995 0.008213 0.050322 0.001280 0.050203 0.666370 0.430351 0.666370 0.396203 0.548389 0.392679 0.548389 0.359204 0.595815 0.359204 0.595815 0.392679 0.000886 0.007574 0.000832 0.000641 0.026396 0.014665 0.026457 0.007922 0.540777 0.396203 0.540777 0.430351 0.646749 0.505443 0.646749 0.469284 0.572050 0.468402 0.556121 0.468402 0.556121 0.431967 0.572050 0.431967 0.615986 0.468402 0.615986 0.431967 0.627662 0.431967 0.627662 0.468402 0.512550 0.505443 0.512550 0.469284 0.517790 0.469284 0.517790 0.505443 0.577279 0.468402 0.577279 0.431967 0.591661 0.431967 0.591661 0.468402 0.000897 0.020668 
						0.000897 0.015406 0.015244 0.015406 0.016871 0.020668 0.611883 0.468402 0.598617 0.468402 0.598617 0.431967 0.611883 0.431967 0.007875 0.037076 0.000966 0.039358 0.000772 0.022009 0.007705 0.021932 0.263682 0.019934 0.264979 0.003096 0.178912 0.007801 0.102971 0.047076 0.052618 0.534058 0.040771 0.542918 0.007363 0.467178 0.009621 0.393111 0.054906 0.541126 0.170676 0.630147 0.170602 0.604208 0.476132 0.852346 0.476132 0.825598 0.435664 0.687256 0.726044 0.546203 0.726044 0.524674 0.707945 0.546203 0.707945 0.524674 0.714840 0.524674 0.714840 0.546203 0.983538 0.324201 0.983236 0.322772 0.983538 0.321344 0.984416 0.320011 0.984416 0.325533 0.999591 0.320011 0.999591 0.325533 0.474304 0.852346 0.465347 0.852784 0.465347 0.826036 0.474304 0.825598 0.172454 0.669679 0.171354 0.709264 0.167524 0.706123 0.168353 0.669711 0.047581 0.709111 0.046869 0.709142 0.046586 0.706423 0.048748 0.705907 0.048748 0.705907 0.046462 0.670019 0.095149 0.670189 0.095572 0.708386 0.105655 0.708272 0.105281 0.670124 0.168353 0.669711 0.167524 0.706123 0.602573 0.392679 0.602573 0.359204 0.178306 0.219750 0.109756 0.216042 0.111601 0.188867 0.179723 0.192884 
						0.102832 0.184736 0.098223 0.215615 0.048607 0.218456 0.047500 0.189065 0.046485 0.156915 0.039278 0.570647 0.039883 0.558545 0.073158 0.000870 0.100166 0.000694 0.099579 0.007632 0.073203 0.007803 0.977565 0.324338 0.977520 0.307806 0.983041 0.307791 0.981757 0.325204 0.980330 0.325511 0.978900 0.325212 0.983087 0.324323 0.020879 0.129893 0.020879 0.155872 0.438333 0.210417 0.437810 0.229289 0.439115 0.231315 0.438912 0.241510 0.437562 0.243469 0.405323 0.266380 0.137522 0.030553 0.165037 0.024857 0.452715 0.852346 0.452715 0.825598 0.461676 0.826036 0.461676 0.852784 0.041956 0.102499 0.052077 0.118392 0.039821 0.115584 0.050499 0.076546 0.074184 0.067718 0.260805 0.073338 0.257154 0.079524 0.249242 0.072217 0.000870 0.015050 0.000879 0.008116 0.512550 0.505443 0.501952 0.505443 0.501952 0.469284 0.512550 0.469284 0.517790 0.505443 0.517790 0.469284 0.526798 0.469284 0.526798 0.505443 0.004235 0.886274 0.004591 0.867127 0.028893 0.885905 0.007531 0.837795 0.036704 0.782939 0.034207 0.795882 0.014198 0.797892 0.011463 0.790225 0.034043 0.807999 0.014024 0.805855 0.102490 0.034836 0.074013 0.058228 0.073276 0.046741 0.009455 0.540473 
						0.401593 0.599855 0.434676 0.619411 0.436078 0.621436 0.436293 0.629296 0.434880 0.631429 0.274873 0.603818 0.170602 0.604208 0.171286 0.598424 0.401593 0.599855 0.104905 0.628693 0.105320 0.602929 0.436877 0.675327 0.437023 0.685147 0.435468 0.673277 0.725307 0.546203 0.725307 0.524674 0.724501 0.546203 0.724501 0.524674 0.972814 0.320712 0.972538 0.307880 0.976995 0.307784 0.977271 0.320615 0.976211 0.321347 0.975063 0.321617 0.973905 0.321397 0.166920 0.633354 0.170676 0.630147 0.044103 0.670018 0.046462 0.670019 0.094979 0.632193 0.048207 0.635498 0.046586 0.706423 0.166920 0.633354 0.105027 0.632139 0.284857 0.037449 0.304486 0.036480 0.322381 0.083420 0.320318 0.090039 0.318558 0.096963 0.316331 0.103145 0.314368 0.110694 0.314313 0.110697 0.312089 0.116880 0.309858 0.124709 0.174276 0.222949 0.109770 0.219654 0.109756 0.216042 0.178306 0.219750 0.098223 0.215615 0.099151 0.219382 0.049842 0.221811 0.048607 0.218456 0.047856 0.218427 0.008271 0.189343 0.008149 0.157515 0.005441 0.568343 0.006299 0.556050 0.021806 0.129893 0.021806 0.155872 0.439604 0.212450 0.439321 0.223002 0.437943 0.224964 0.178552 0.260678 0.437422 0.227116 
						0.492730 0.571994 0.492730 0.545739 0.493742 0.545739 0.493742 0.571994 0.457260 0.231659 0.457065 0.241841 0.777065 0.474628 0.778077 0.474628 0.778077 0.501160 0.777065 0.501160 0.437084 0.245625 0.404555 0.331601 0.281115 0.328310 0.270406 0.090602 0.257154 0.079524 0.050881 0.123915 0.052077 0.118392 0.072011 0.026035 0.071561 0.020414 0.030032 0.089035 0.036439 0.080732 0.051275 0.071674 0.135892 0.018651 0.161000 0.012311 0.101689 0.023603 0.014216 0.055001 0.018354 0.064413 0.013440 0.068741 0.008503 0.057513 0.285966 0.020214 0.005172 0.905393 0.287975 0.003918 0.438272 0.593834 0.434783 0.598783 0.401826 0.575618 0.813382 0.652449 0.813382 0.632260 0.819776 0.632260 0.819776 0.652449 0.072933 0.037095 0.050494 0.058518 0.048514 0.047957 0.434416 0.633626 0.434175 0.617233 0.614197 0.920523 0.614197 0.894051 0.615222 0.894051 0.615222 0.920523 0.454772 0.620593 0.455037 0.628484 0.707235 0.602207 0.707235 0.577168 0.708196 0.577168 0.708196 0.602207 0.171286 0.598424 0.108445 0.597136 0.103510 0.595354 0.101374 0.590099 0.100459 0.573986 0.104905 0.628693 0.170676 0.630147 0.166920 0.633354 0.105027 0.632139 0.093997 0.628671 
						0.094937 0.602399 0.108445 0.597136 0.105320 0.602929 0.434968 0.671034 0.693803 0.542985 0.693803 0.515712 0.694833 0.515712 0.694833 0.542985 0.455975 0.675079 0.456091 0.684929 0.717632 0.546203 0.717632 0.524674 0.724501 0.524674 0.724501 0.546203 0.008597 0.670488 0.044103 0.670018 0.048207 0.635498 0.046107 0.635012 0.093997 0.628671 0.094979 0.632193 0.048207 0.635498 0.047070 0.632345 0.663485 0.359204 0.668440 0.359204 0.668440 0.392679 0.663485 0.392679 0.109803 0.007565 0.111962 0.000617 0.178552 0.260678 0.174321 0.260561 0.174276 0.222949 0.178306 0.219750 0.174321 0.260561 0.108901 0.259291 0.109770 0.219654 0.174276 0.222949 0.098390 0.259121 0.047729 0.259107 0.049842 0.221811 0.099151 0.219382 0.047579 0.221285 0.047856 0.218427 0.048607 0.218456 0.049842 0.221811 0.008302 0.219952 0.022818 0.130092 0.022818 0.156071 0.457441 0.223430 0.457719 0.212896 0.489862 0.545739 0.490875 0.545739 0.490875 0.571994 0.489862 0.571994 0.176021 0.301399 0.491802 0.571994 0.491802 0.545739 0.964736 0.307636 0.972548 0.315697 0.969748 0.318410 0.961936 0.310350 0.962179 0.309249 0.962755 0.308394 0.963629 0.307845 0.493742 0.571994 
						0.493742 0.545739 0.502609 0.545739 0.502609 0.571994 0.768432 0.474628 0.777065 0.474628 0.777065 0.501160 0.768432 0.501160 0.958277 0.296368 0.956848 0.296671 0.955420 0.296368 0.954087 0.295490 0.959610 0.295490 0.954087 0.280316 0.959610 0.280316 0.779004 0.474628 0.779004 0.501160 0.437515 0.247800 0.175872 0.328030 0.030438 0.105496 0.038871 0.120965 0.039821 0.115584 0.027106 0.116299 0.060177 0.027252 0.059968 0.021946 0.039960 0.074561 0.021973 0.098572 0.051425 0.066762 0.072011 0.026035 0.008985 0.934589 0.434186 0.600784 0.079795 0.793123 0.079259 0.780364 0.820567 0.652449 0.819776 0.652449 0.819776 0.632260 0.820567 0.632260 0.080309 0.805664 0.083219 0.885131 0.047978 0.040402 0.434905 0.635812 0.709076 0.577168 0.709076 0.602207 0.434624 0.615054 0.613259 0.920523 0.613259 0.894051 0.599471 0.920523 0.591212 0.920523 0.591212 0.894051 0.599471 0.894051 0.984897 0.312453 0.984594 0.311025 0.984897 0.309596 0.985775 0.308264 0.985775 0.313786 0.999468 0.308264 0.999468 0.313786 0.699480 0.602207 0.699480 0.577168 0.707235 0.577168 0.707235 0.602207 0.985287 0.336223 0.984985 0.334794 0.985287 0.333365 0.986165 0.332033 
						0.986165 0.337555 0.999861 0.332033 0.999861 0.337555 0.097482 0.599838 0.103510 0.595354 0.097482 0.599838 0.094337 0.592031 0.101374 0.590099 0.103510 0.595354 0.093109 0.572005 0.100459 0.573986 0.360227 0.787715 0.357454 0.774582 0.435418 0.668777 0.692861 0.542985 0.692861 0.515712 0.678867 0.542985 0.670347 0.542985 0.670347 0.515712 0.678867 0.515712 0.008858 0.633501 0.046107 0.635012 0.046358 0.632323 0.047070 0.632345 0.047070 0.632345 0.058950 0.604135 0.309355 0.019012 0.322337 0.033836 0.323427 0.061496 0.323719 0.069327 0.322772 0.075679 0.517327 0.225263 0.501407 0.224557 0.502655 0.214061 0.521432 0.214889 0.550062 0.431967 0.555138 0.431967 0.555138 0.468402 0.550062 0.468402 0.497861 0.259850 0.498806 0.250479 0.506400 0.250667 0.503204 0.259975 0.511536 0.136527 0.516985 0.136527 0.516985 0.172020 0.511536 0.172020 0.509729 0.242734 0.499315 0.242411 0.500392 0.232293 0.513304 0.232702 0.603950 0.430351 0.603950 0.396203 0.603950 0.430351 0.603950 0.396203 0.608750 0.396203 0.608750 0.430351 0.603950 0.430351 0.656370 0.392679 0.656370 0.359204 0.663485 0.359204 0.663485 0.392679 0.172193 0.298053 0.176021 0.301399 
						0.172193 0.298053 0.108225 0.298536 0.097833 0.298392 0.049655 0.294919 0.047729 0.259107 0.045281 0.259114 0.047579 0.221285 0.636148 0.392679 0.636148 0.359204 0.022818 0.156071 0.022818 0.130092 0.031868 0.130092 0.031868 0.156071 0.481013 0.545739 0.489862 0.545739 0.489862 0.571994 0.481013 0.571994 0.779932 0.501160 0.779932 0.474628 0.780944 0.474628 0.780944 0.501160 0.438804 0.249822 0.438622 0.259184 0.437270 0.261134 0.436597 0.301218 0.437938 0.303273 0.437726 0.310839 0.436457 0.312784 0.404555 0.331601 0.176590 0.333961 0.175872 0.328030 0.281115 0.328310 0.404555 0.331601 0.108144 0.328666 0.108055 0.302086 0.038871 0.120965 0.026469 0.122254 0.048309 0.027786 0.048374 0.022637 0.031887 0.078779 0.040964 0.070631 0.024980 0.086179 0.313285 0.004585 0.434565 0.602789 0.821291 0.652449 0.821291 0.632260 0.986230 0.340259 0.986754 0.339077 0.987758 0.338084 0.999655 0.340601 0.998644 0.345382 0.986747 0.342865 0.986230 0.341551 0.348450 0.833950 0.349124 0.882449 0.350602 0.827537 0.356631 0.824546 0.362629 0.801183 0.371315 0.805779 0.384574 0.805904 0.389067 0.807201 0.390720 0.811882 0.389916 0.821966 0.385110 0.824017 
						0.048309 0.027786 0.060177 0.027252 0.038656 0.059935 0.034241 0.050800 0.709955 0.577168 0.709955 0.602207 0.436298 0.637833 0.436564 0.648846 0.435161 0.650954 0.435784 0.604732 0.436064 0.612905 0.612320 0.920523 0.612320 0.894051 0.611294 0.920523 0.611294 0.894051 0.710914 0.577168 0.710914 0.602207 0.057881 0.574045 0.093109 0.572005 0.094337 0.592031 0.365982 0.786734 0.360227 0.787715 0.357454 0.774582 0.363819 0.773753 0.360582 0.793139 0.097482 0.599838 0.436773 0.666658 0.691917 0.542985 0.691917 0.515712 0.984318 0.318321 0.984016 0.316892 0.984318 0.315463 0.985197 0.319653 0.999550 0.319653 0.985197 0.314131 0.999550 0.314247 0.046358 0.632323 0.045929 0.604574 0.322398 0.014370 0.546244 0.430351 0.546244 0.396203 0.552440 0.396203 0.552440 0.430351 0.464400 0.213075 0.464110 0.223579 0.480383 0.328319 0.482312 0.320680 0.485250 0.312720 0.487466 0.305323 0.490583 0.297268 0.481456 0.332861 0.463251 0.285332 0.493196 0.286803 0.490583 0.297268 0.462856 0.295918 0.665491 0.431967 0.669595 0.431967 0.669595 0.468402 0.665491 0.468402 0.497139 0.277484 0.495482 0.277339 0.497480 0.268002 0.500102 0.268231 0.548893 0.468402 
						0.548893 0.431967 0.550062 0.431967 0.550062 0.468402 0.008023 0.128548 0.008012 0.130119 0.001474 0.129475 0.001496 0.126421 0.504214 0.431967 0.504214 0.468402 0.501951 0.468402 0.501951 0.431967 0.508358 0.172020 0.508358 0.136527 0.511536 0.136527 0.511536 0.172020 0.091424 0.008067 0.095497 0.008029 0.094946 0.014760 0.089350 0.014812 0.461601 0.136527 0.461601 0.172020 0.457263 0.172020 0.457263 0.136527 0.598324 0.430351 0.598324 0.396203 0.064292 0.008479 0.063711 0.015068 0.055474 0.015094 0.057547 0.008500 0.108055 0.302086 0.108225 0.298536 0.172193 0.298053 0.176021 0.301399 0.049655 0.294919 0.097833 0.298392 0.096818 0.302040 0.048453 0.298169 0.049655 0.294919 0.047473 0.295424 0.045281 0.259114 0.008290 0.259004 0.780944 0.474628 0.789586 0.474628 0.789586 0.501160 0.780944 0.501160 0.436779 0.263282 0.456975 0.250126 0.456823 0.259504 0.774687 0.280801 0.775699 0.280801 0.775699 0.307598 0.774687 0.307598 0.436161 0.299107 0.493411 0.573205 0.494423 0.573205 0.494423 0.599480 0.493411 0.599480 0.455971 0.304030 0.455736 0.311620 0.067614 0.133125 0.068454 0.133125 0.068454 0.154699 0.067614 0.154699 0.435967 0.314887 
						0.103836 0.341474 0.105921 0.336150 0.111120 0.334846 0.102741 0.357846 0.404812 0.355246 0.176590 0.333961 0.111120 0.334846 0.108144 0.328666 0.097511 0.328893 0.096818 0.302040 0.017684 0.116895 0.028014 0.075673 0.035005 0.074335 0.035691 0.070051 0.040796 0.066596 0.017238 0.095106 0.018376 0.081902 0.014455 0.107327 0.036347 0.963573 0.016403 0.966286 0.082730 0.964645 0.083219 0.885131 0.822014 0.632260 0.822014 0.652449 0.028567 0.040301 0.037759 0.035461 0.036654 0.024819 0.455240 0.637163 0.455581 0.648212 0.721690 0.523811 0.720664 0.523811 0.720664 0.496710 0.721690 0.496710 0.434715 0.653194 0.822804 0.632260 0.822804 0.652449 0.454414 0.603577 0.454674 0.611868 0.603018 0.920523 0.603018 0.894051 0.611294 0.894051 0.611294 0.920523 0.696154 0.602207 0.688409 0.602207 0.688409 0.577168 0.696154 0.577168 0.044936 0.574478 0.397198 0.784091 0.365982 0.786734 0.363819 0.773753 0.396340 0.769946 0.365764 0.792481 0.360582 0.793139 0.360227 0.787715 0.365982 0.786734 0.435221 0.655421 0.436624 0.657460 0.690887 0.542985 0.690887 0.515712 0.009026 0.604737 0.477524 0.336185 0.474744 0.355427 0.462458 0.336338 0.573113 0.396203 
						0.573113 0.430351 0.462355 0.320136 0.462233 0.327940 0.607588 0.469284 0.612926 0.469284 0.612926 0.505443 0.607588 0.505443 0.462677 0.304241 0.462445 0.311775 0.568768 0.505443 0.568768 0.469284 0.574095 0.469284 0.574095 0.505443 0.652193 0.431967 0.665491 0.431967 0.665491 0.468402 0.652193 0.468402 0.136749 0.000623 0.137743 0.000566 0.135295 0.007546 0.634239 0.431967 0.634239 0.468402 0.633684 0.468402 0.633684 0.431967 0.463518 0.267760 0.463416 0.276852 0.463690 0.250192 0.463591 0.259573 0.524263 0.431967 0.524263 0.468402 0.463930 0.231784 0.463766 0.241918 0.060779 0.327105 0.048453 0.298169 0.047726 0.298196 0.048453 0.298169 0.047473 0.295424 0.009062 0.299594 0.437200 0.265448 0.776626 0.280801 0.776626 0.307598 0.774687 0.280801 0.774687 0.307598 0.766314 0.307598 0.766314 0.280801 0.436638 0.297011 0.492485 0.573205 0.492485 0.599480 0.946842 0.294801 0.945413 0.295104 0.943984 0.294801 0.942652 0.293923 0.948174 0.293923 0.942652 0.280227 0.948174 0.280227 0.494423 0.573205 0.502589 0.573205 0.502589 0.599480 0.494423 0.599480 0.067614 0.133125 0.067614 0.154699 0.060835 0.154699 0.060835 0.133125 0.959614 0.302142 
						0.959247 0.303221 0.958475 0.304058 0.957355 0.304601 0.959556 0.300899 0.948174 0.299145 0.950375 0.295442 0.069222 0.133125 0.069222 0.154699 0.436392 0.316991 0.436548 0.332658 0.439949 0.337438 0.450102 0.354151 0.105921 0.336150 0.100039 0.331568 0.015912 0.121927 0.048374 0.022637 0.037159 0.019200 0.035949 0.065757 0.010931 0.091777 0.011191 0.104220 0.319684 0.007786 0.349376 0.931386 0.351659 0.937790 0.357789 0.940707 0.386328 0.940837 0.391159 0.942796 0.392219 0.952671 0.390723 0.957156 0.386464 0.958486 0.373674 0.958898 0.365183 0.963594 0.036848 0.975682 0.082512 0.977216 0.810646 0.652449 0.804263 0.652449 0.804263 0.632260 0.810646 0.632260 0.368127 0.798981 0.362629 0.801183 0.368127 0.798981 0.374238 0.800890 0.371315 0.805779 0.362629 0.801183 0.356631 0.824546 0.362745 0.829994 0.357342 0.832493 0.350602 0.827537 0.033898 0.060830 0.028924 0.052445 0.722629 0.496710 0.722629 0.523811 0.712600 0.523811 0.712600 0.496710 0.720664 0.496710 0.720664 0.523811 0.009080 0.574927 0.409197 0.769155 0.409569 0.783902 0.397404 0.801024 0.387838 0.800798 0.374238 0.800890 0.368127 0.798981 0.365764 0.792481 0.723567 0.523811 
						0.723567 0.496710 0.724591 0.496710 0.724591 0.523811 0.455756 0.657026 0.455893 0.666434 0.682364 0.542985 0.682364 0.515712 0.690887 0.515712 0.690887 0.542985 0.088760 0.014990 0.088740 0.008403 0.639990 0.469284 0.645333 0.469284 0.645333 0.505526 0.639990 0.505526 0.595711 0.469284 0.607588 0.469284 0.607588 0.505443 0.595711 0.505443 0.008846 0.072369 0.019789 0.065445 0.022958 0.070455 0.010423 0.078386 0.577135 0.505443 0.577135 0.469284 0.590624 0.469284 0.590624 0.505443 0.554124 0.469284 0.568768 0.469284 0.568768 0.505443 0.554124 0.505443 0.024415 0.129680 0.007123 0.127846 0.007795 0.121502 0.027049 0.123544 0.532820 0.505443 0.532820 0.469284 0.549032 0.469284 0.549032 0.505443 0.112644 0.007366 0.112699 0.000433 0.648315 0.431967 0.648315 0.468402 0.529280 0.431967 0.529280 0.468402 0.487829 0.172020 0.487829 0.136527 0.119971 0.007800 0.120034 0.014526 0.482597 0.136527 0.482597 0.172020 0.578093 0.430351 0.578093 0.396203 0.096705 0.339461 0.095270 0.359765 0.059691 0.357728 0.047429 0.326707 0.047726 0.298196 0.438489 0.267485 0.777552 0.280801 0.777552 0.307598 0.935191 0.288226 0.921054 0.285743 0.920432 0.284274 
						0.920393 0.282814 0.920949 0.281463 0.922053 0.280312 0.936170 0.282909 0.491559 0.573205 0.491559 0.599480 0.436908 0.282503 0.438239 0.284524 0.437981 0.295074 0.490548 0.573205 0.490548 0.599480 0.069991 0.154699 0.069991 0.133125 0.070831 0.133125 0.070831 0.154699 0.437773 0.319055 0.437523 0.326925 0.436358 0.328793 0.435982 0.330727 0.047006 0.156050 0.047006 0.130323 0.048017 0.130323 0.048017 0.156050 0.039696 0.988546 0.082277 0.989997 0.100039 0.331568 0.011264 0.114005 0.028061 0.022510 0.027366 0.017541 0.026632 0.068990 0.014157 0.076794 0.008053 0.108450 0.007497 0.102965 0.016803 0.974235 0.363340 0.971614 0.363163 0.977016 0.390720 0.811882 0.397314 0.817338 0.395877 0.825731 0.389916 0.821966 0.390989 0.828922 0.385110 0.824017 0.355506 0.840002 0.348450 0.833950 0.355983 0.882371 0.349124 0.882449 0.029458 0.062985 0.021816 0.055132 0.023498 0.042588 0.023276 0.030747 0.999346 0.345869 0.999834 0.359694 0.998534 0.360618 0.997117 0.360971 0.995678 0.360719 0.994316 0.359889 0.993828 0.346064 0.445357 0.769096 0.445360 0.784255 0.409651 0.800856 0.384574 0.805904 0.387838 0.800798 0.709052 0.523811 0.700488 0.523811 
						0.700488 0.496710 0.709052 0.496710 0.014284 0.981970 0.630808 0.469284 0.639990 0.469284 0.639990 0.505526 0.630808 0.505526 0.001098 0.048213 0.001031 0.039787 0.006145 0.039746 0.006225 0.049798 0.614916 0.505526 0.614916 0.469284 0.625712 0.469284 0.625712 0.505526 0.008032 0.155073 0.001289 0.155024 0.102741 0.357846 0.095270 0.359765 0.096705 0.339461 0.103836 0.341474 0.367225 0.990649 0.368921 0.977785 0.399084 0.979145 0.398733 0.992863 0.046563 0.357341 0.009500 0.326699 0.438330 0.276269 0.436981 0.278218 0.778564 0.280801 0.778564 0.307598 0.436488 0.280352 0.502523 0.543083 0.502523 0.517909 0.503480 0.517909 0.503480 0.543083 0.456138 0.295704 0.456447 0.285119 0.490548 0.573205 0.490548 0.599480 0.482382 0.599480 0.482382 0.573205 0.070831 0.133125 0.077611 0.133125 0.077611 0.154699 0.070831 0.154699 0.455471 0.327982 0.455688 0.320003 0.044142 0.130323 0.045153 0.130323 0.045153 0.156050 0.044142 0.156050 0.046079 0.156050 0.046079 0.130323 0.939704 0.293716 0.938414 0.293427 0.937217 0.292618 0.937361 0.280179 0.942360 0.280237 0.942216 0.292676 0.941001 0.293457 0.048017 0.130323 0.056200 0.130323 0.056200 0.156050 
						0.048017 0.156050 0.360881 0.990086 0.100039 0.331568 0.105921 0.336150 0.007314 0.118018 0.005067 0.088746 0.358364 0.932698 0.363870 0.935140 0.357789 0.940707 0.351659 0.937790 0.356371 0.925140 0.349376 0.931386 0.017006 0.044415 0.019670 0.032989 0.443181 0.801736 0.397314 0.817338 0.397217 0.810398 0.398598 0.881470 0.411105 0.881425 0.394945 0.803377 0.394945 0.803377 0.389067 0.807201 0.360881 0.990086 0.363163 0.977016 0.368921 0.977785 0.367225 0.990649 0.411096 0.993225 0.411097 0.979008 0.368452 0.972111 0.370660 0.965637 0.376678 0.963595 0.389678 0.963266 0.398644 0.962725 0.009862 0.357433 0.456733 0.267729 0.456595 0.276704 0.499815 0.517909 0.500772 0.517909 0.500772 0.543083 0.499815 0.543083 0.778564 0.280801 0.786940 0.280801 0.786940 0.307598 0.778564 0.307598 0.501647 0.517909 0.501647 0.543083 0.503480 0.517909 0.511242 0.517909 0.511242 0.543083 0.503480 0.543083 0.044142 0.130323 0.044142 0.156050 0.035959 0.156050 0.035959 0.130323 0.021597 0.023974 0.018714 0.019534 0.002356 0.111777 0.016847 0.058946 0.000881 0.102784 0.011005 0.046032 0.397009 0.938935 0.398649 0.947480 0.392219 0.952671 0.391159 0.942796 
						0.392037 0.935848 0.386328 0.940837 0.365183 0.963594 0.370660 0.965637 0.368452 0.972111 0.363340 0.971614 0.373674 0.958898 0.376678 0.963595 0.370660 0.965637 0.365183 0.963594 0.394945 0.803377 0.397217 0.810398 0.389067 0.807201 0.395877 0.825731 0.355983 0.882371 0.355506 0.840002 0.357342 0.832493 0.362745 0.829994 0.390989 0.828922 0.016021 0.033433 0.017584 0.028486 0.446270 0.881045 0.410824 0.962574 0.398519 0.954056 0.398649 0.947480 0.445552 0.978125 0.445803 0.992675 0.499815 0.517909 0.499815 0.543083 0.492054 0.543083 0.492054 0.517909 0.948284 0.294056 0.948376 0.280224 0.953897 0.280260 0.949610 0.294943 0.953806 0.294093 0.952468 0.294962 0.951037 0.295255 0.363163 0.977016 0.368921 0.977785 0.009900 0.032318 0.012976 0.024337 0.386464 0.958486 0.389678 0.963266 0.443860 0.961391 0.363870 0.935140 0.358364 0.932698 0.356371 0.925140 0.392037 0.935848 0.397009 0.938935 0.396359 0.960611 0.398519 0.954056 0.396359 0.960611 0.390723 0.957156 0.390723 0.957156 0.396359 0.960611 0.810646 0.632260 0.813382 0.632260 0.813382 0.652449 0.810646 0.652449 0.531791 0.505443 0.526798 0.505443 0.526798 0.469284 0.531791 0.469284 
						0.632658 0.468402 0.627662 0.468402 0.627662 0.431967 0.632658 0.431967 0.599471 0.920523 0.599471 0.894051 0.603018 0.894051 0.603018 0.920523 0.696154 0.577168 0.699480 0.577168 0.699480 0.602207 0.696154 0.602207 0.596655 0.431967 0.596655 0.468402 0.591661 0.468402 0.591661 0.431967 0.709052 0.523811 0.709052 0.496710 0.712600 0.496710 0.712600 0.523811 0.688469 0.505443 0.683970 0.505443 0.683970 0.469284 0.688469 0.469284 0.678867 0.515712 0.682364 0.515712 0.682364 0.542985 0.678867 0.542985 0.545398 0.430351 0.540777 0.430351 0.540777 0.396203 0.545398 0.396203 0.714840 0.546203 0.714840 0.524674 0.717632 0.524674 0.717632 0.546203 0.600317 0.392679 0.595815 0.392679 0.595815 0.359204 0.600317 0.359204 0.461676 0.852784 0.461676 0.826036 0.465347 0.826036 0.465347 0.852784 0.671159 0.430351 0.666370 0.430351 0.666370 0.396203 0.671159 0.396203 0.769740 0.834178 0.769740 0.807742 0.773305 0.807742 0.773305 0.834178 0.546684 0.392679 0.542205 0.392679 0.542205 0.359204 0.546684 0.359204 0.456605 0.732724 0.464662 0.204840 0.504670 0.180914 0.503845 0.206168 0.035363 0.155872 0.031868 0.156071 0.031868 0.130092 0.035363 0.129893 
						0.631347 0.392679 0.631347 0.359204 0.636148 0.359204 0.636148 0.392679 0.457966 0.204639 0.573113 0.430351 0.573113 0.396203 0.578093 0.396203 0.578093 0.430351 0.506110 0.571994 0.502609 0.571994 0.502609 0.545739 0.506110 0.545739 0.793087 0.501160 0.789586 0.501160 0.789586 0.474628 0.793087 0.474628 0.482597 0.172020 0.482597 0.136527 0.487829 0.136527 0.487829 0.172020 0.790373 0.307598 0.786940 0.307598 0.786940 0.280801 0.790373 0.280801 0.524263 0.431967 0.529280 0.431967 0.529280 0.468402 0.524263 0.468402 0.514551 0.543083 0.511242 0.543083 0.511242 0.517909 0.514551 0.517909 0.648315 0.468402 0.648315 0.431967 0.652193 0.431967 0.652193 0.468402 0.506087 0.573205 0.506087 0.599480 0.502589 0.599480 0.502589 0.573205 0.549032 0.469284 0.554124 0.469284 0.554124 0.505443 0.549032 0.505443 0.077611 0.154699 0.077611 0.133125 0.080514 0.133125 0.080514 0.154699 0.590624 0.469284 0.595711 0.469284 0.595711 0.505443 0.590624 0.505443 0.059700 0.156050 0.056200 0.156050 0.056200 0.130323 0.059700 0.130323 0.625712 0.469284 0.630808 0.469284 0.630808 0.505526 0.625712 0.505526 0.455909 0.336621 0.005229 0.365360 0.006225 0.377561 
						0.003222 0.367127 0.009085 0.707643 0.009504 0.767063 0.006590 0.767089 0.006148 0.703629 0.009621 0.393111 0.007363 0.467178 0.003808 0.467179 0.006260 0.392420 0.006225 0.377561 0.009455 0.540473 0.006131 0.541197 0.008149 0.157515 0.008271 0.189343 0.005094 0.157518 0.006299 0.556050 0.005441 0.568343 0.003400 0.566588 0.006299 0.556050 0.008597 0.670488 0.005727 0.670498 0.008302 0.219952 0.005260 0.224873 0.008858 0.633501 0.005959 0.638335 0.008290 0.259004 0.005310 0.259031 0.009026 0.604737 0.003854 0.582090 0.009062 0.299594 0.005983 0.292644 0.009080 0.574927 0.445360 0.784255 0.445357 0.769096 0.452947 0.764416 0.009500 0.326699 0.004405 0.350103 0.443181 0.801736 0.445360 0.784255 0.447734 0.798450 0.009862 0.357433 0.446270 0.881045 0.450056 0.881022 0.445803 0.992675 0.445552 0.978125 0.453166 0.997040 0.443860 0.961391 0.448569 0.961974 0.445552 0.978125 0.366492 0.002137 0.366054 0.017754 0.362222 0.022756 0.323944 0.006030 0.367282 0.016570 0.366054 0.017754 0.372359 0.018885 0.374101 0.025659 0.362222 0.022756 0.359945 0.028204 0.368162 0.014944 0.368140 0.015808 0.367282 0.016570 0.371635 0.017231 0.374006 0.031620 
						0.359945 0.028204 0.377112 0.005001 0.415791 0.026164 0.374101 0.025659 0.372359 0.018885 0.358658 0.035004 0.366492 0.002137 0.377112 0.005001 0.371370 0.015373 0.368162 0.014944 0.371098 0.016150 0.368140 0.015808 0.368140 0.015808 0.371098 0.016150 0.371635 0.017231 0.372607 0.038241 0.358658 0.035004 0.374006 0.031620 0.358671 0.042777 0.371098 0.016150 0.371370 0.015373 0.370456 0.046483 0.358671 0.042777 0.372607 0.038241 0.353291 0.080923 0.333670 0.085427 0.360903 0.083569 0.353291 0.080923 0.370456 0.046483 0.353256 0.082936 0.359671 0.083893 0.353256 0.082936 0.377811 0.095726 0.360903 0.083569 0.352466 0.084628 0.353256 0.082936 0.359671 0.083893 0.359762 0.085862 0.352466 0.084628 0.359671 0.083893 0.350640 0.086837 0.360653 0.088829 0.350640 0.086837 0.359762 0.085862 0.349407 0.088977 0.361008 0.091457 0.349407 0.088977 0.360653 0.088829 0.349175 0.091517 0.349407 0.088977 0.361008 0.091457 0.360288 0.093838 0.349175 0.091517 0.361008 0.091457 0.336393 0.159280 0.327179 0.157336 0.345704 0.161120 0.336393 0.159280 0.360288 0.093838 0.336393 0.159280 0.334430 0.168586 0.325215 0.166642 0.327179 0.157336 0.354932 0.162950 
						0.345704 0.161120 0.947438 0.662330 0.948238 0.648399 0.970071 0.655278 0.960982 0.666025 0.982540 0.663356 0.973129 0.673271 0.952648 0.675947 0.946733 0.674825 0.964573 0.682254 0.920863 0.657420 0.921189 0.643163 0.547578 0.713829 0.545442 0.735180 0.536518 0.732638 0.539201 0.712747 0.544550 0.747582 0.534303 0.745606 0.988975 0.677005 0.978894 0.686447 0.969279 0.695288 0.970821 0.712070 0.948090 0.712217 0.920380 0.670177 0.542153 0.688725 0.550502 0.689859 0.894253 0.655606 0.894604 0.641131 0.608809 0.722107 0.605239 0.740354 0.612117 0.698269 0.602820 0.752667 0.543264 0.759981 0.530348 0.758139 0.994428 0.705087 0.982780 0.709609 0.920915 0.707395 0.894154 0.668588 0.545192 0.665524 0.553567 0.666472 0.629354 0.723031 0.638030 0.723769 0.636748 0.738851 0.628071 0.738113 0.615330 0.674938 0.541094 0.781993 0.522595 0.781207 0.948550 0.735765 0.920835 0.734693 0.971838 0.736647 0.894089 0.696933 0.867383 0.656801 0.867514 0.642326 0.627198 0.748384 0.635875 0.749122 0.630582 0.708578 0.639259 0.709315 0.648883 0.659093 0.649950 0.633104 0.718741 0.635927 0.717451 0.661982 0.635226 0.756742 0.626550 0.756005 0.600941 0.765298 
						0.997031 0.729167 0.985322 0.734125 0.539444 0.802160 0.514824 0.799699 0.894071 0.733891 0.867879 0.669666 0.728042 0.636318 0.726758 0.662307 0.624790 0.654737 0.630383 0.652078 0.642891 0.651409 0.642098 0.659508 0.638522 0.668831 0.629267 0.671752 0.616789 0.672557 0.620713 0.659998 0.646635 0.724501 0.645353 0.739583 0.647839 0.685639 0.715848 0.688594 0.605748 0.877360 0.604520 0.891801 0.595843 0.891064 0.597071 0.876622 0.634566 0.764514 0.625889 0.763776 0.598373 0.787518 0.948100 0.759057 0.920258 0.757250 0.893017 0.755992 0.970864 0.760948 0.884091 0.688173 0.840328 0.661331 0.839680 0.647129 0.725174 0.689073 0.616789 0.672557 0.606828 0.669095 0.611369 0.654075 0.620713 0.659998 0.618087 0.645933 0.624790 0.654737 0.630383 0.652078 0.624790 0.654737 0.618087 0.645933 0.627224 0.642334 0.642006 0.641104 0.642891 0.651409 0.633723 0.774424 0.625046 0.773686 0.647864 0.710047 0.590157 0.633472 0.618087 0.645933 0.611369 0.654075 0.606828 0.669095 0.584911 0.667711 0.713727 0.712112 0.648186 0.706143 0.607057 0.861965 0.598380 0.861227 0.595901 0.807665 0.996691 0.753163 0.985257 0.758491 0.537849 0.821969 0.504133 0.815871 
						0.884162 0.733665 0.919352 0.780395 0.897969 0.777691 0.841108 0.673834 0.644468 0.623778 0.642006 0.641104 0.627224 0.642334 0.619464 0.615450 0.642328 0.775156 0.641172 0.788749 0.632567 0.788017 0.614343 0.878091 0.613115 0.892532 0.571188 0.632805 0.564606 0.664267 0.607313 0.627619 0.724188 0.710341 0.599273 0.850719 0.607950 0.851456 0.615652 0.862695 0.623891 0.787280 0.947003 0.785732 0.880549 0.734509 0.969035 0.791364 0.880390 0.693013 0.840544 0.687569 0.827490 0.664813 0.818395 0.654266 0.625516 0.599640 0.648817 0.604854 0.639931 0.803350 0.631326 0.802618 0.544623 0.659283 0.553542 0.625812 0.520043 0.099536 0.504163 0.099547 0.504153 0.094970 0.520033 0.094959 0.504143 0.090621 0.520022 0.090610 0.712104 0.725545 0.648468 0.719989 0.599919 0.843127 0.608596 0.843864 0.513475 0.650944 0.502367 0.645204 0.495059 0.638819 0.495520 0.628843 0.498040 0.621106 0.509231 0.626733 0.513289 0.631411 0.514915 0.637864 0.525849 0.636184 0.523989 0.651765 0.513475 0.650944 0.514915 0.637864 0.523989 0.651765 0.525849 0.636184 0.522960 0.626031 0.593418 0.827484 0.996339 0.790962 0.984763 0.794529 0.535020 0.851892 0.486596 0.839168 
						0.555728 0.263737 0.535004 0.257076 0.538280 0.246883 0.559004 0.253544 0.892198 0.777402 0.877861 0.737099 0.840391 0.691764 0.835116 0.675065 0.520013 0.086450 0.504133 0.086460 0.504124 0.082521 0.520004 0.082510 0.652976 0.585865 0.626748 0.582732 0.638673 0.818146 0.630068 0.817415 0.622649 0.801880 0.504174 0.104098 0.520054 0.104087 0.504163 0.099547 0.485992 0.099560 0.485981 0.094983 0.504153 0.094970 0.485971 0.090633 0.504143 0.090621 0.723953 0.725164 0.513289 0.631411 0.522960 0.626031 0.600572 0.835442 0.609249 0.836180 0.601361 0.826167 0.610038 0.826905 0.502981 0.612019 0.516031 0.619072 0.509231 0.626733 0.498040 0.621106 0.522960 0.626031 0.513289 0.631411 0.540171 0.613572 0.590102 0.856739 0.551550 0.276734 0.530826 0.270073 0.538280 0.246883 0.539374 0.243479 0.560098 0.250140 0.559004 0.253544 0.508461 0.256766 0.511469 0.247406 0.514425 0.248356 0.511417 0.257716 0.886431 0.777177 0.897583 0.788576 0.891698 0.788353 0.867522 0.751116 0.876394 0.705425 0.968076 0.803457 0.946255 0.797428 0.873255 0.696746 0.840349 0.695933 0.816522 0.691936 0.822965 0.681253 0.815210 0.672175 0.805729 0.662984 0.504115 0.078717 
						0.519995 0.078707 0.504133 0.086460 0.485961 0.086473 0.485952 0.082533 0.504124 0.082521 0.638546 0.554096 0.645327 0.561377 0.658291 0.568998 0.621391 0.816677 0.637464 0.832356 0.628860 0.831625 0.504744 0.108458 0.520064 0.108447 0.486002 0.104110 0.504174 0.104098 0.485992 0.099560 0.467299 0.099573 0.467289 0.094996 0.485981 0.094983 0.467278 0.090646 0.485971 0.090633 0.711343 0.739062 0.648155 0.734149 0.619774 0.814220 0.618633 0.827635 0.611178 0.813489 0.507671 0.595159 0.533918 0.597553 0.516031 0.619072 0.502981 0.612019 0.480325 0.848046 0.995323 0.803489 0.983665 0.806837 0.551550 0.276734 0.550507 0.279979 0.529783 0.273318 0.530826 0.270073 0.515362 0.235296 0.518318 0.236246 0.546330 0.292976 0.543055 0.303165 0.522331 0.296504 0.525606 0.286315 0.865080 0.778478 0.864705 0.753912 0.885780 0.788097 0.896908 0.803088 0.891172 0.802840 0.867018 0.719028 0.876320 0.699135 0.818242 0.695164 0.823921 0.698250 0.485943 0.078730 0.504115 0.078717 0.504106 0.075052 0.519986 0.075041 0.485961 0.086473 0.467269 0.086486 0.467260 0.082546 0.485952 0.082533 0.620791 0.566493 0.638546 0.554096 0.648481 0.548959 0.652456 0.553868 
						0.645327 0.561377 0.658291 0.568998 0.663646 0.559994 0.620183 0.830887 0.504754 0.112652 0.520074 0.112642 0.486573 0.108470 0.504744 0.108458 0.467310 0.104123 0.486002 0.104110 0.464891 0.094997 0.467289 0.094996 0.467299 0.099573 0.464901 0.099574 0.464881 0.090648 0.467278 0.090646 0.725901 0.739743 0.709830 0.763160 0.646887 0.758752 0.602502 0.812752 0.620999 0.799813 0.612403 0.799082 0.511274 0.576077 0.534712 0.580642 0.473409 0.858865 0.994221 0.818954 0.982275 0.822025 0.966875 0.818257 0.789725 0.716522 0.787583 0.728111 0.788213 0.720127 0.547108 0.865494 0.534460 0.861152 0.550507 0.279979 0.529783 0.273318 0.918874 0.791717 0.918063 0.806381 0.534121 0.259809 0.530851 0.269982 0.510127 0.263321 0.513397 0.253148 0.885428 0.802673 0.509084 0.266565 0.510127 0.263321 0.530851 0.269982 0.529808 0.273227 0.896575 0.814763 0.890736 0.814568 0.864103 0.720892 0.865466 0.715714 0.945330 0.812114 0.861623 0.714429 0.846031 0.713454 0.829829 0.712586 0.809438 0.685434 0.799249 0.676955 0.467251 0.078743 0.485943 0.078730 0.485935 0.075064 0.504106 0.075052 0.504098 0.071560 0.519978 0.071549 0.464871 0.086487 0.464862 0.082548 
						0.467260 0.082546 0.467269 0.086486 0.607370 0.553959 0.648481 0.548959 0.638546 0.554096 0.635976 0.543653 0.647134 0.542252 0.649295 0.528673 0.660371 0.535175 0.667514 0.542129 0.666574 0.552247 0.663646 0.559994 0.652456 0.553868 0.648481 0.548959 0.647134 0.542252 0.788399 0.711686 0.628303 0.838174 0.619626 0.837436 0.504203 0.116641 0.520083 0.116630 0.486582 0.112665 0.504754 0.112652 0.467320 0.108483 0.486573 0.108470 0.467310 0.104123 0.464912 0.104125 0.566052 0.590133 0.567103 0.584732 0.580228 0.590133 0.729966 0.765643 0.707958 0.785225 0.645966 0.781032 0.603727 0.798344 0.613739 0.783376 0.622334 0.784107 0.515077 0.557013 0.540362 0.564659 0.468130 0.867954 0.521343 0.863765 0.993243 0.831830 0.979583 0.835332 0.555933 0.874604 0.538462 0.317459 0.517738 0.310798 0.521203 0.300018 0.541927 0.306679 0.860925 0.754985 0.538305 0.246791 0.517581 0.240130 0.505709 0.265567 0.508472 0.256974 0.511427 0.257924 0.508665 0.266517 0.884887 0.814344 0.864201 0.789825 0.864044 0.804528 0.526527 0.283433 0.505803 0.276772 0.509084 0.266565 0.529808 0.273227 0.521203 0.300018 0.522330 0.296511 0.543054 0.303173 0.541927 0.306679 
						0.889809 0.840120 0.859978 0.721503 0.864413 0.718127 0.814008 0.734057 0.810593 0.732369 0.820997 0.700024 0.826123 0.713290 0.845978 0.717083 0.830592 0.716093 0.464853 0.078744 0.467251 0.078743 0.467242 0.075077 0.485935 0.075064 0.485927 0.071573 0.504098 0.071560 0.504091 0.068290 0.519970 0.068280 0.616625 0.519454 0.637914 0.527272 0.635976 0.543653 0.637914 0.527272 0.649295 0.528673 0.617305 0.864738 0.618335 0.852615 0.627012 0.853353 0.625981 0.865475 0.618974 0.845106 0.627651 0.845844 0.627651 0.845844 0.618974 0.845106 0.788183 0.707947 0.520092 0.120490 0.504212 0.120501 0.486032 0.116653 0.504203 0.116641 0.467330 0.112678 0.486582 0.112665 0.467320 0.108483 0.464922 0.108485 0.594404 0.590133 0.593354 0.584732 0.567103 0.595534 0.605062 0.782639 0.614945 0.769192 0.623540 0.769923 0.516970 0.539430 0.531902 0.537645 0.541034 0.533692 0.975871 0.833732 0.969421 0.832541 0.939091 0.822401 0.534460 0.861152 0.547108 0.865494 0.543574 0.871219 0.534168 0.868018 0.584534 0.904589 0.559878 0.889360 0.555933 0.874604 0.550731 0.878495 0.534117 0.330978 0.513393 0.324316 0.486791 0.324508 0.490755 0.312176 0.493710 0.313126 
						0.489747 0.325458 0.836396 0.782454 0.842965 0.754924 0.517581 0.240130 0.518653 0.236795 0.539377 0.243456 0.538305 0.246791 0.502135 0.276687 0.505091 0.277637 0.491326 0.321815 0.492424 0.318397 0.513148 0.325059 0.512049 0.328476 0.836531 0.793827 0.836507 0.808429 0.516557 0.314453 0.513148 0.325059 0.492424 0.318397 0.495833 0.307792 0.522326 0.296503 0.501602 0.289842 0.917562 0.817594 0.915843 0.843018 0.860341 0.717830 0.820155 0.703243 0.815983 0.737336 0.827752 0.715410 0.805456 0.708000 0.794142 0.703654 0.464844 0.075079 0.467242 0.075077 0.467234 0.071585 0.485927 0.071573 0.485919 0.068303 0.504091 0.068290 0.589195 0.546740 0.595986 0.514288 0.520117 0.131079 0.504237 0.131090 0.504229 0.127770 0.520109 0.127759 0.634586 0.866207 0.633499 0.878997 0.624894 0.878265 0.616217 0.877527 0.792810 0.697339 0.787249 0.703510 0.783692 0.700889 0.520101 0.124213 0.504221 0.124224 0.504212 0.120501 0.486041 0.120513 0.467339 0.116666 0.486032 0.116653 0.467330 0.112678 0.464932 0.112680 0.467339 0.116666 0.464942 0.116668 0.593354 0.595534 0.467226 0.068316 0.467234 0.071585 0.464836 0.071587 0.464829 0.068317 0.734988 0.787033 
						0.706079 0.806888 0.645156 0.802930 0.606268 0.768454 0.528382 0.527907 0.531902 0.537645 0.516970 0.539430 0.515674 0.529033 0.533991 0.525004 0.541034 0.533692 0.552330 0.552169 0.510511 0.872021 0.987923 0.857615 0.512057 0.328474 0.513393 0.324316 0.534117 0.330978 0.532750 0.335232 0.524355 0.869628 0.521343 0.863765 0.556488 0.888979 0.554663 0.889014 0.495372 0.297812 0.497325 0.301880 0.529253 0.346110 0.525841 0.356725 0.505117 0.350064 0.508529 0.339449 0.845748 0.720717 0.814894 0.798232 0.814821 0.786487 0.824575 0.753872 0.863639 0.841122 0.863749 0.815683 0.508639 0.339088 0.487915 0.332427 0.491326 0.321815 0.512049 0.328476 0.520905 0.300925 0.500181 0.294264 0.816778 0.811881 0.499148 0.286014 0.502072 0.276917 0.505028 0.277867 0.502104 0.286964 0.801759 0.753580 0.802603 0.730630 0.824139 0.716797 0.830513 0.719933 0.826701 0.719259 0.467226 0.068316 0.485919 0.068303 0.504237 0.131090 0.486065 0.131103 0.486058 0.127782 0.504229 0.127770 0.569651 0.546067 0.575006 0.510745 0.632262 0.893544 0.623657 0.892812 0.775407 0.697708 0.770150 0.694618 0.778137 0.695440 0.769762 0.696057 0.614980 0.892074 0.504221 0.124224 
						0.486049 0.124236 0.486041 0.120513 0.467348 0.120526 0.464950 0.120528 0.467348 0.120526 0.464959 0.124250 0.467357 0.124249 0.464967 0.127796 0.467365 0.127795 0.467373 0.131115 0.464975 0.131117 0.728578 0.710883 0.730709 0.706265 0.729333 0.714749 0.728594 0.722797 0.606779 0.762445 0.615456 0.763183 0.533991 0.525004 0.528382 0.527907 0.515674 0.529033 0.516098 0.520762 0.519294 0.511116 0.528625 0.507609 0.541380 0.506093 0.537915 0.519399 0.547575 0.525156 0.541034 0.533692 0.533991 0.525004 0.537915 0.519399 0.509465 0.884873 0.505393 0.883625 0.510511 0.872021 0.516008 0.875767 0.978223 0.856289 0.975871 0.833732 0.979583 0.835332 0.987923 0.857615 0.972366 0.854815 0.969421 0.832541 0.964783 0.843704 0.959785 0.853738 0.941338 0.847788 0.532750 0.335232 0.512057 0.328474 0.552128 0.902113 0.550893 0.900893 0.820999 0.752862 0.505115 0.350051 0.484391 0.343390 0.500181 0.294264 0.501601 0.289848 0.522325 0.296509 0.520905 0.300925 0.499059 0.296437 0.495379 0.297739 0.819019 0.749886 0.791645 0.725812 0.486065 0.131103 0.467373 0.131115 0.467365 0.127795 0.486058 0.127782 0.620145 0.708031 0.628741 0.708762 0.627504 0.723308 
						0.618908 0.722577 0.547575 0.525156 0.552368 0.509372 0.761117 0.694755 0.761231 0.693757 0.611468 0.707294 0.610231 0.721839 0.486049 0.124236 0.467357 0.124249 0.743589 0.806419 0.703692 0.839652 0.643614 0.835091 0.731619 0.702536 0.541380 0.506093 0.552368 0.509372 0.607430 0.754783 0.616107 0.755521 0.616745 0.748017 0.616107 0.755521 0.607430 0.754783 0.608068 0.747280 0.608913 0.737345 0.617590 0.738082 0.511950 0.885321 0.458285 0.923658 0.505393 0.883625 0.501616 0.926533 0.988808 0.910165 0.980494 0.905837 0.966843 0.853662 0.964783 0.843704 0.542868 0.872337 0.534063 0.869344 0.524881 0.870836 0.541958 0.910680 0.541534 0.908610 0.552960 0.889113 0.549532 0.879219 0.799482 0.788401 0.799561 0.800400 0.837907 0.843987 0.841997 0.818960 0.812079 0.826548 0.799605 0.815325 0.914918 0.911014 0.915245 0.931040 0.886457 0.930586 0.887231 0.910014 0.791105 0.747972 0.626185 0.738813 0.782740 0.691056 0.793519 0.692686 0.761747 0.688874 0.771042 0.689885 0.752364 0.694210 0.752296 0.692708 0.729003 0.690988 0.733388 0.698244 0.737479 0.696261 0.743207 0.695040 0.510433 0.897233 0.512890 0.896452 0.975871 0.905255 0.978462 0.913984 
						0.975871 0.905255 0.980494 0.905837 0.988808 0.910165 0.517167 0.876600 0.529423 0.912327 0.530119 0.909934 0.549608 0.899993 0.788578 0.796164 0.788676 0.784074 0.859543 0.908905 0.857709 0.928870 0.959785 0.853738 0.964300 0.910005 0.942561 0.910544 0.941338 0.847788 0.943554 0.930232 0.886457 0.930586 0.915245 0.931040 0.915010 0.936640 0.886258 0.935913 0.752424 0.687789 0.741307 0.691629 0.758314 0.834715 0.702712 0.849708 0.688316 0.851997 0.676767 0.860173 0.669693 0.873115 0.641336 0.886770 0.519682 0.905732 0.517888 0.907578 0.513372 0.885623 0.988808 0.910165 0.993423 0.942267 0.979849 0.933932 0.978462 0.913984 0.964300 0.910005 0.971331 0.905597 0.959785 0.853738 0.971331 0.905597 0.540944 0.907102 0.788239 0.811226 0.763514 0.845477 0.857523 0.934479 0.857709 0.928870 0.832024 0.906333 0.829509 0.925934 0.810524 0.904087 0.819257 0.848383 0.837907 0.843987 0.819257 0.848383 0.815297 0.837106 0.806546 0.827011 0.964345 0.930925 0.943554 0.930232 0.943095 0.936765 0.915010 0.936640 0.914973 0.944348 0.885970 0.943637 0.886258 0.935913 0.785248 0.688193 0.794018 0.689726 0.771383 0.686861 0.762099 0.685775 0.769050 0.858466 
						0.772802 0.869045 0.716144 0.854889 0.729144 0.686109 0.738924 0.686420 0.514290 0.895916 0.978462 0.913984 0.979849 0.933932 0.964300 0.910005 0.800643 0.828546 0.787920 0.823864 0.829473 0.932500 0.829509 0.925934 0.856984 0.942177 0.857523 0.934479 0.808658 0.925057 0.811574 0.848275 0.805844 0.848938 0.812079 0.826548 0.815297 0.837106 0.799803 0.849185 0.806546 0.827011 0.964345 0.930925 0.957015 0.937232 0.943095 0.936765 0.943215 0.944210 0.885680 0.951414 0.914989 0.952131 0.771710 0.683926 0.790234 0.685011 0.752775 0.684672 0.702712 0.849708 0.701692 0.857107 0.690939 0.858750 0.688316 0.851997 0.716144 0.854889 0.711774 0.860647 0.682014 0.865188 0.676767 0.860173 0.676161 0.875451 0.674267 0.875035 0.520592 0.904519 0.456798 0.945014 0.454983 0.979096 0.497587 0.982684 0.980946 0.942965 0.969075 0.937077 0.979849 0.933932 0.530331 0.908426 0.815516 0.931922 0.808658 0.925057 0.829473 0.932500 0.828794 0.939933 0.856388 0.949945 0.810524 0.904087 0.803714 0.898842 0.819257 0.848383 0.800643 0.828546 0.791501 0.847992 0.957015 0.937232 0.957235 0.943997 0.943648 0.951536 0.885478 0.956851 0.885680 0.951414 0.914989 0.952131 
						0.915104 0.957878 0.792751 0.686314 0.794807 0.687028 0.762436 0.682693 0.753116 0.681584 0.736746 0.683001 0.725762 0.865659 0.719461 0.868881 0.675479 0.889340 0.677179 0.888456 0.729184 0.682978 0.969847 0.943512 0.969075 0.937077 0.981071 0.952266 0.791501 0.847992 0.725762 0.865659 0.814790 0.938677 0.815516 0.931922 0.827814 0.947223 0.855846 0.955673 0.856388 0.949945 0.792890 0.926911 0.795792 0.906979 0.799412 0.898126 0.795139 0.898290 0.785572 0.902333 0.969075 0.937077 0.969847 0.943512 0.957551 0.950512 0.943648 0.951536 0.944400 0.958118 0.915104 0.957878 0.883991 0.997270 0.885478 0.956851 0.763177 0.676259 0.773035 0.677382 0.788004 0.679784 0.788698 0.682379 0.795334 0.681234 0.792751 0.686314 0.790234 0.685011 0.793488 0.680631 0.733444 0.678753 0.753263 0.675635 0.724885 0.879921 0.722093 0.879988 0.685263 0.898835 0.684301 0.900858 0.543496 0.987758 0.553780 0.933489 0.590289 0.941288 0.581121 0.993330 0.969990 0.950245 0.997113 0.993999 0.985529 0.994721 0.780005 0.888007 0.729682 0.879111 0.803463 0.930870 0.792890 0.926911 0.803463 0.930870 0.802193 0.937254 0.813988 0.945170 0.826576 0.953745 0.827814 0.947223 
						0.855846 0.955673 0.799412 0.898126 0.803714 0.898842 0.810524 0.904087 0.795792 0.906979 0.795139 0.898290 0.785572 0.902333 0.721377 0.893536 0.724885 0.879921 0.722708 0.926782 0.696968 0.924895 0.697271 0.905705 0.710983 0.903200 0.969990 0.950245 0.957551 0.950512 0.965885 0.956561 0.944400 0.958118 0.970126 0.995885 0.794807 0.687028 0.797686 0.681758 0.763785 0.670652 0.774238 0.671752 0.773035 0.677382 0.763177 0.676259 0.791188 0.675902 0.788004 0.679784 0.788004 0.679784 0.791188 0.675902 0.792612 0.678908 0.788698 0.682379 0.793488 0.680631 0.790234 0.685011 0.797701 0.675515 0.797686 0.681758 0.795334 0.681234 0.793488 0.680631 0.792612 0.678908 0.791188 0.675902 0.735606 0.676320 0.736882 0.673810 0.753263 0.675635 0.753329 0.669634 0.730572 0.679579 0.728911 0.679812 0.701531 0.858531 0.691478 0.860066 0.683123 0.866124 0.721377 0.893536 0.718927 0.892842 0.710964 0.861855 0.677907 0.875873 0.697112 0.902973 0.697271 0.905705 0.678835 0.887847 0.602856 0.943449 0.595381 0.995782 0.965885 0.956561 0.981071 0.952266 0.985529 0.994721 0.969990 0.950245 0.981071 0.952266 0.791126 0.935893 0.792890 0.926911 0.803463 0.930870 
						0.802193 0.937254 0.801571 0.943985 0.805207 0.950611 0.813988 0.945170 0.798102 0.989608 0.826576 0.953745 0.778664 0.934299 0.785572 0.902333 0.795792 0.906979 0.797113 0.647913 0.802022 0.648471 0.797701 0.675515 0.735606 0.676320 0.733444 0.678753 0.730905 0.673127 0.732472 0.671957 0.736882 0.673810 0.734477 0.669072 0.736882 0.673810 0.734477 0.669072 0.729033 0.673766 0.730905 0.673127 0.733444 0.678753 0.730572 0.679579 0.710983 0.903200 0.709512 0.901477 0.720480 0.880053 0.718076 0.869578 0.700572 0.868162 0.705499 0.870149 0.702867 0.873731 0.700183 0.872644 0.693565 0.878616 0.688816 0.877923 0.690912 0.872695 0.694901 0.875600 0.689291 0.883644 0.693797 0.881919 0.686201 0.897436 0.801571 0.943985 0.790321 0.945200 0.790321 0.945200 0.801571 0.943985 0.805207 0.950611 0.766768 0.643776 0.730905 0.673127 0.729033 0.673766 0.727081 0.673712 0.728745 0.667671 0.734477 0.669072 0.732472 0.671957 0.728911 0.679812 0.727081 0.673712 0.697230 0.873334 0.695192 0.869223 0.717530 0.891942 0.708842 0.874340 0.710008 0.879740 0.705150 0.879357 0.704695 0.876205 0.660310 0.269770 0.660310 0.226561 0.669155 0.226561 0.669155 0.269770 
						0.687482 0.269770 0.687482 0.226561 0.696459 0.226561 0.696459 0.269770 0.697236 0.901302 0.705436 0.226561 0.705436 0.269770 0.692781 0.888349 0.695640 0.884557 0.782792 0.987336 0.790321 0.945200 0.719440 0.989809 0.693379 0.988573 0.622291 0.986837 0.605269 0.986987 0.606488 0.924802 0.621269 0.924672 0.737022 0.640733 0.728745 0.667671 0.731043 0.639967 0.678250 0.226561 0.678250 0.269770 0.708110 0.885154 0.703978 0.882508 0.708753 0.899927 0.642179 0.269770 0.642179 0.226561 0.651245 0.226561 0.651245 0.269770 0.647523 0.691025 0.644754 0.699148 0.630815 0.689958 0.631957 0.673102 0.640168 0.675900 0.698225 0.890547 0.698571 0.885620 0.714414 0.226561 0.714414 0.269770 0.623439 0.674786 0.666421 0.922892 0.666860 0.987280 0.782792 0.987336 0.769369 0.989647 0.645878 0.682428 0.633137 0.269770 0.633137 0.226561 0.703881 0.889147 0.701639 0.884926 0.638221 0.704861 0.629703 0.706546 0.723432 0.226561 0.723432 0.269770 0.616890 0.680627 0.624217 0.269770 0.624217 0.226561 0.621488 0.703750 0.615297 0.269770 0.615297 0.226561 0.614076 0.688843 0.615771 0.697224 0.729682 0.879111 0.726019 0.927067 0.722708 0.926782 0.719440 0.989809 
						0.684301 0.900858 0.675479 0.889340 0.670091 0.923211 0.674267 0.875035 0.666860 0.987280 0.670091 0.923211 0.666421 0.922892 0.669693 0.873115 0.773792 0.931704 0.726019 0.927067 0.771651 0.955498 0.769369 0.989647 0.719440 0.989809 0.666860 0.987280 0.620832 0.908477 0.628686 0.904491 0.634376 0.897817 0.504531 0.926809 0.501616 0.926533 0.497587 0.982684 0.550980 0.933011 0.527909 0.929618 0.529423 0.912327 0.541958 0.910680 0.552128 0.902113 0.556488 0.888979 0.543496 0.987758 0.520955 0.985130 0.517888 0.907578 0.510433 0.897233 0.504531 0.926809 0.509465 0.884873 0.497587 0.982684 0.458969 0.885044 0.586305 0.916897 0.589135 0.923354 0.594671 0.927828 0.550980 0.933011 0.553780 0.933489 0.543496 0.987758 0.559878 0.889360 0.892950 0.878353 0.888636 0.872311 0.911421 0.869132 0.896171 0.881941 0.889809 0.840120 0.915288 0.883825 0.912142 0.883700 0.866006 0.867457 0.915843 0.843018 0.910643 0.897007 0.908114 0.895996 0.873940 0.905755 0.864719 0.895271 0.900657 0.906771 0.887354 0.907511 0.899226 0.904331 0.861216 0.881807 0.864235 0.881912 0.875552 0.903430 0.883188 0.894192 0.887753 0.895708 0.863639 0.841122 0.867317 0.894458 
						0.926034 0.630235 0.928290 0.622675 0.941191 0.631408 0.954737 0.623372 0.956591 0.631041 0.897168 0.886633 0.883766 0.878011 0.880288 0.881343 0.878941 0.885946 0.895754 0.891222 0.880009 0.890624 0.892319 0.894543 0.888452 0.876901 0.954324 0.638614 0.927900 0.637917 0.624217 0.336781 0.615297 0.336781 0.615297 0.298131 0.624217 0.298131 0.723432 0.336781 0.714414 0.336781 0.714414 0.298131 0.723432 0.298131 0.705436 0.336781 0.705436 0.298131 0.696459 0.336781 0.696459 0.298131 0.687482 0.336781 0.687482 0.298131 0.678250 0.336781 0.678250 0.298131 0.669155 0.336781 0.669155 0.298131 0.660310 0.336781 0.660310 0.298131 0.651245 0.336781 0.651245 0.298131 0.642179 0.336781 0.642179 0.298131 0.633137 0.336781 0.633137 0.298131 0.934029 0.617254 0.941635 0.615442 0.949292 0.617656 0.948583 0.644048 0.940833 0.645865 0.933347 0.643646 0.707251 0.867600 0.700850 0.865253 0.685331 0.877349 0.688380 0.870706 0.686079 0.884901 0.693967 0.866396 0.713008 0.879890 0.711914 0.872885 0.690764 0.891179 0.711150 0.887116 0.698021 0.893657 0.705400 0.892207 0.700850 0.865253 0.707251 0.867600 0.705499 0.870149 0.700572 0.868162 0.711914 0.872885 
						0.708842 0.874340 0.713008 0.879890 0.710008 0.879740 0.711150 0.887116 0.708110 0.885154 0.705400 0.892207 0.703881 0.889147 0.698021 0.893657 0.698225 0.890547 0.690764 0.891179 0.692781 0.888349 0.686079 0.884901 0.689291 0.883644 0.685331 0.877349 0.688816 0.877923 0.688380 0.870706 0.690912 0.872695 0.693967 0.866396 0.695192 0.869223 0.533408 0.878281 0.532971 0.882330 0.530344 0.882835 0.528655 0.879123 0.537948 0.888756 0.537243 0.885829 0.541275 0.883867 0.542400 0.888920 0.540895 0.894059 0.537125 0.891690 0.535517 0.883435 0.538008 0.880073 0.524834 0.882245 0.528211 0.884704 0.527210 0.887429 0.522753 0.886890 0.613386 0.345751 0.613386 0.356513 0.562829 0.356513 0.562829 0.345751 0.613386 0.247760 0.613386 0.258591 0.562829 0.258591 0.562829 0.247760 0.613386 0.269422 0.562829 0.269422 0.536882 0.897622 0.534976 0.893726 0.613386 0.226048 0.613386 0.236928 0.562829 0.236928 0.562829 0.226048 0.527721 0.890459 0.523546 0.892134 0.613386 0.324079 0.613386 0.334989 0.562829 0.334989 0.562829 0.324079 0.506271 0.673706 0.524901 0.673614 0.508745 0.682930 0.524878 0.654954 0.515554 0.657455 0.531622 0.898702 0.532133 0.894194 
						0.613386 0.280560 0.562829 0.280560 0.534210 0.657453 0.508732 0.664282 0.613386 0.313141 0.562829 0.313141 0.529455 0.893034 0.526705 0.896507 0.515577 0.689754 0.524911 0.692254 0.613386 0.291533 0.562829 0.291533 0.541051 0.664282 0.613386 0.302205 0.562829 0.302205 0.534239 0.689756 0.543569 0.673612 0.541068 0.682933 0.533661 0.875713 0.527580 0.876526 0.545801 0.888959 0.543810 0.882477 0.543568 0.895830 0.539559 0.877741 0.522346 0.880347 0.519967 0.886465 0.538158 0.900473 0.520460 0.893371 0.531313 0.901541 0.524778 0.899073 0.533661 0.875713 0.533408 0.878281 0.528655 0.879123 0.527580 0.876526 0.524834 0.882245 0.522346 0.880347 0.522753 0.886890 0.519967 0.886465 0.523546 0.892134 0.520460 0.893371 0.526705 0.896507 0.524778 0.899073 0.531622 0.898702 0.531313 0.901541 0.536882 0.897622 0.538158 0.900473 0.540895 0.894059 0.543568 0.895830 0.542400 0.888920 0.545801 0.888959 0.541275 0.883867 0.543810 0.882477 0.538008 0.880073 0.539559 0.877741 0.570121 0.580148 0.590336 0.580148 0.570121 0.600118 0.585769 0.603214 0.580228 0.604309 0.590335 0.600118 0.574688 0.577052 0.585769 0.577052 0.574687 0.603214 0.580228 0.575957 
						0.653542 0.067530 0.641109 0.063960 0.650712 0.001130 0.679092 0.009305 0.628172 0.063767 0.621199 0.000573 0.615622 0.066889 0.592532 0.007673 0.604324 0.073188 0.566687 0.021940 0.595016 0.082168 0.545401 0.042420 0.588381 0.093272 0.530142 0.067703 0.584812 0.105703 0.521955 0.096094 0.584618 0.118641 0.521394 0.125622 0.587743 0.131197 0.528498 0.154304 0.594047 0.142501 0.542776 0.180160 0.603034 0.151813 0.563271 0.201451 0.614147 0.158453 0.588567 0.216707 0.626587 0.162026 0.616966 0.224899 0.639534 0.162220 0.646505 0.225461 0.652093 0.159095 0.675196 0.218353 0.663398 0.152791 0.701056 0.204068 0.672707 0.143806 0.722345 0.183566 0.679339 0.132698 0.737596 0.158265 0.682902 0.120265 0.745767 0.129862 0.683087 0.107328 0.746308 0.100329 0.679954 0.094774 0.739183 0.071651 0.673644 0.083473 0.724888 0.045809 0.664654 0.074164 0.704384 0.024538 0.989957 0.453571 0.989957 0.470019 0.987742 0.470019 0.987742 0.453571 0.989957 0.487129 0.987742 0.487129 0.989957 0.504779 0.987742 0.504779 0.989957 0.522836 0.987742 0.522836 0.989957 0.541164 0.987742 0.541164 0.989957 0.559432 0.987742 0.559432 0.989957 0.577905 0.987742 0.577905 
						0.989957 0.596247 0.987742 0.596247 0.989957 0.614319 0.987742 0.614319 0.989957 0.631983 0.987742 0.631983 0.989957 0.649031 0.987742 0.649031 0.989957 0.665412 0.987742 0.665412 0.987479 0.453571 0.987479 0.470019 0.985264 0.470019 0.985264 0.453571 0.987479 0.487129 0.985264 0.487129 0.987479 0.504779 0.985264 0.504779 0.987479 0.522836 0.985264 0.522836 0.987479 0.541164 0.985264 0.541164 0.987479 0.559432 0.985264 0.559432 0.987479 0.577905 0.985264 0.577905 0.987479 0.596247 0.985264 0.596247 0.987479 0.614319 0.985264 0.614319 0.987479 0.631983 0.985264 0.631983 0.987479 0.649031 0.985264 0.649031 0.987479 0.665412 0.985264 0.665412 0.954108 0.303088 0.975748 0.324566 0.923817 0.364607 0.914282 0.355215 0.991102 0.350928 0.930561 0.376158 0.999104 0.380347 0.934122 0.389054 0.999222 0.410851 0.934184 0.402427 0.991446 0.440324 0.930818 0.415373 0.976301 0.466797 0.924186 0.426986 0.954836 0.488435 0.914799 0.436518 0.928485 0.503795 0.903251 0.443260 0.899071 0.511808 0.890355 0.446820 0.868561 0.511936 0.876981 0.446882 0.839072 0.504165 0.864033 0.443514 0.812580 0.489015 0.852415 0.436877 0.790935 0.467531 0.842879 0.427484 
						0.775579 0.441163 0.836134 0.415932 0.767579 0.411738 0.832574 0.403035 0.767466 0.381229 0.832513 0.389660 0.775248 0.351753 0.835881 0.376713 0.790400 0.325281 0.842515 0.365099 0.811871 0.303647 0.851904 0.355569 0.838224 0.288294 0.863453 0.348827 0.867636 0.280288 0.876348 0.345269 0.898141 0.280166 0.889720 0.345209 0.927624 0.287939 0.902666 0.348579 0.653542 0.067530 0.644456 0.088469 0.641109 0.063960 0.588381 0.093272 0.609317 0.102346 0.584812 0.105703 0.614147 0.158453 0.623224 0.137507 0.626587 0.162026 0.679339 0.132698 0.658406 0.123633 0.682902 0.120265 0.912178 0.417884 0.861523 0.424858 0.854494 0.374240 0.905175 0.367229 0.998847 0.577905 0.990981 0.577905 0.990981 0.559432 0.998847 0.559432 0.990981 0.541164 0.998847 0.541164 0.990981 0.522836 0.998847 0.522836 0.990981 0.504779 0.998847 0.504779 0.990981 0.487129 0.998847 0.487129 0.990981 0.470019 0.998847 0.470019 0.990981 0.453571 0.998847 0.453571 0.998847 0.665412 0.990981 0.665412 0.990981 0.649031 0.998847 0.649031 0.990981 0.631983 0.998847 0.631983 0.990981 0.614319 0.998847 0.614319 0.998847 0.596247 0.990981 0.596247 0.630773 0.086444 0.628172 0.063767 
						0.664654 0.074164 0.887841 0.360139 0.607296 0.116034 0.584618 0.118641 0.919248 0.400478 0.595016 0.082168 0.636931 0.139535 0.639534 0.162220 0.878861 0.431946 0.603034 0.151813 0.660402 0.109920 0.679954 0.094774 0.683087 0.107328 0.847452 0.391606 0.672707 0.143806 0.649809 0.134454 0.663398 0.152791 0.652093 0.159095 0.850006 0.410082 0.612382 0.128898 0.594047 0.142501 0.587743 0.131197 0.897389 0.429392 0.617920 0.091516 0.604324 0.073188 0.615622 0.066889 0.869315 0.362691 0.916692 0.382004 0.655310 0.097086 0.673644 0.083473 0.638514 0.102172 0.632465 0.101226 0.626788 0.103501 0.623003 0.108303 0.622126 0.114350 0.624389 0.120022 0.629186 0.123798 0.635230 0.124659 0.640931 0.122472 0.644755 0.117726 0.645593 0.111686 0.643287 0.106017 0.901668 0.388353 0.894106 0.391541 0.890369 0.386765 0.895334 0.380219 0.903080 0.398525 0.894954 0.397534 0.899208 0.408066 0.892701 0.403140 0.891101 0.414372 0.887918 0.406829 0.880901 0.415771 0.881923 0.407633 0.871361 0.411871 0.876323 0.405325 0.865028 0.403739 0.872589 0.400555 0.863619 0.393568 0.871746 0.394567 0.867482 0.384045 0.874009 0.388966 0.875602 0.377711 0.878771 0.385245 
						0.885796 0.376316 0.884766 0.384450 0.901668 0.388353 0.895334 0.380219 0.903080 0.398525 0.899208 0.408066 0.891101 0.414372 0.880901 0.415771 0.871361 0.411871 0.865028 0.403739 0.863619 0.393568 0.867482 0.384045 0.875602 0.377711 0.885796 0.376316 0.394863 0.072714 0.398272 0.078008 0.394719 0.078493 0.392159 0.073572 0.400924 0.085778 0.397496 0.085928 0.435348 0.055566 0.441633 0.069719 0.403770 0.084881 0.398018 0.093466 0.401402 0.093747 0.399724 0.100251 0.396517 0.098801 0.776870 0.606295 0.792107 0.588901 0.815188 0.603980 0.804730 0.625379 0.753693 0.580078 0.772528 0.567035 0.738849 0.552850 0.759429 0.544181 0.730100 0.525365 0.751673 0.519699 0.726989 0.512750 0.749671 0.507535 0.434214 0.030125 0.433894 0.031748 0.421157 0.035958 0.422420 0.033860 0.420119 0.034322 0.419198 0.035258 0.818522 0.596754 0.796927 0.582513 0.843091 0.536018 0.855273 0.540435 0.778748 0.561885 0.833359 0.527794 0.766200 0.540365 0.758902 0.517137 0.825884 0.517317 0.756011 0.506571 0.822322 0.505226 0.831749 0.514460 0.828889 0.503621 0.831097 0.502783 0.833381 0.511424 0.837705 0.524109 0.839896 0.521672 0.848800 0.529487 0.846110 0.531303 
						0.856832 0.532734 0.856308 0.535320 0.433894 0.031748 0.434214 0.030125 0.440104 0.033755 0.438395 0.035203 0.450327 0.046877 0.448065 0.048198 0.458534 0.063641 0.455800 0.064558 0.460991 0.085020 0.463927 0.084721 0.463754 0.105982 0.460740 0.105552 0.458132 0.126785 0.455250 0.125473 0.397016 0.070958 0.395888 0.070287 0.444786 0.103079 0.445465 0.086686 0.460991 0.085020 0.460740 0.105552 0.441633 0.069719 0.455800 0.064558 0.435348 0.055566 0.448065 0.048198 0.426348 0.042614 0.438395 0.035203 0.421157 0.035958 0.433894 0.031748 0.794628 0.585754 0.816914 0.600356 0.775747 0.564553 0.762954 0.542452 0.755363 0.518609 0.753582 0.506919 0.842105 0.605090 0.841299 0.609039 0.397016 0.070958 0.421157 0.035958 0.426348 0.042614 0.401396 0.076978 0.828645 0.515971 0.835476 0.526593 0.825540 0.504547 0.394863 0.072714 0.394477 0.071689 0.404243 0.093095 0.445465 0.086686 0.444786 0.103079 0.402018 0.101287 0.844810 0.534506 0.439876 0.118473 0.392159 0.073572 0.392458 0.072063 0.855631 0.538665 0.840499 0.612955 0.835961 0.635174 0.455250 0.125473 0.439876 0.118473 0.376363 0.115296 0.376354 0.113103 0.379970 0.111130 0.382107 0.114077 
						0.387459 0.108106 0.389657 0.110776 0.389578 0.156249 0.390901 0.113495 0.404315 0.151747 0.393490 0.103460 0.395952 0.105819 0.901642 0.631792 0.868532 0.638410 0.867306 0.614624 0.894460 0.609811 0.933251 0.616795 0.921064 0.597395 0.957608 0.597610 0.942110 0.581539 0.976470 0.575810 0.958882 0.562102 0.984299 0.565447 0.965520 0.551716 0.363734 0.158567 0.363842 0.157277 0.365628 0.158291 0.370696 0.170600 0.369680 0.171892 0.364865 0.160592 0.867074 0.606667 0.868212 0.541098 0.892536 0.602041 0.880383 0.537276 0.917370 0.590212 0.937390 0.575362 0.891429 0.530456 0.953249 0.556898 0.899664 0.520843 0.960077 0.548329 0.887127 0.525416 0.886627 0.521953 0.892515 0.515105 0.894430 0.516723 0.877769 0.532186 0.876686 0.529137 0.867260 0.535582 0.865490 0.532868 0.370696 0.170600 0.376214 0.171753 0.376230 0.173981 0.369680 0.171892 0.392299 0.170614 0.392773 0.173179 0.409677 0.165789 0.410769 0.168450 0.428506 0.156326 0.443827 0.142684 0.446128 0.144675 0.430203 0.158737 0.376200 0.117876 0.374974 0.117414 0.431500 0.132278 0.443827 0.142684 0.428506 0.156326 0.419601 0.143534 0.409677 0.165789 0.404315 0.151747 0.392299 0.170614 
						0.389578 0.156249 0.376214 0.171753 0.373985 0.157894 0.370696 0.170600 0.365628 0.158291 0.867140 0.610612 0.893377 0.605925 0.919080 0.593847 0.939551 0.578560 0.955920 0.559645 0.962170 0.549607 0.376200 0.117876 0.383451 0.117050 0.373985 0.157894 0.365628 0.158291 0.889414 0.528088 0.878883 0.535345 0.897009 0.518903 0.376363 0.115296 0.375162 0.115380 0.397349 0.108382 0.431500 0.132278 0.419601 0.143534 0.867215 0.539037 0.374662 0.112706 0.376354 0.113103 0.432951 0.001054 0.429346 0.009147 0.424086 0.008637 0.421277 0.000703 0.421277 0.000703 0.424086 0.008637 0.420284 0.012489 0.412574 0.008328 0.411630 0.020399 0.412574 0.008328 0.420284 0.012489 0.420291 0.017760 0.420119 0.029861 0.411630 0.020399 0.420291 0.017760 0.423967 0.021223 0.420119 0.029861 0.423967 0.021223 0.429000 0.021639 0.432831 0.029843 0.432831 0.029843 0.429000 0.021639 0.432923 0.018118 0.441173 0.021067 0.441020 0.009497 0.441173 0.021067 0.432923 0.018118 0.433243 0.012715 0.432951 0.001054 0.441020 0.009497 0.433243 0.012715 0.429346 0.009147 0.424086 0.008637 0.429346 0.009147 0.426643 0.015216 0.420284 0.012489 0.420291 0.017760 0.423967 0.021223 
						0.429000 0.021639 0.432923 0.018118 0.433243 0.012715 0.511928 0.012342 0.512251 0.017120 0.504458 0.020063 0.504608 0.008886 0.512251 0.017120 0.515818 0.020039 0.512848 0.028208 0.504458 0.020063 0.512848 0.028208 0.515818 0.020039 0.520428 0.020093 0.524511 0.027354 0.524511 0.027354 0.520428 0.020093 0.523744 0.016637 0.531574 0.018689 0.523744 0.016637 0.523622 0.011793 0.530481 0.007954 0.531574 0.018689 0.523622 0.011793 0.520085 0.008304 0.522665 0.001207 0.530481 0.007954 0.522665 0.001207 0.520085 0.008304 0.515133 0.008707 0.512341 0.001359 0.512341 0.001359 0.515133 0.008707 0.511928 0.012342 0.504608 0.008886 0.511928 0.012342 0.517876 0.014379 0.512251 0.017120 0.515818 0.020039 0.520428 0.020093 0.523744 0.016637 0.523622 0.011793 0.520085 0.008304 0.515133 0.008707 0.497091 0.063099 0.497833 0.053662 0.502809 0.052350 0.509251 0.058830 0.509251 0.058830 0.502809 0.052350 0.505296 0.047744 0.514239 0.047564 0.509715 0.036412 0.514239 0.047564 0.505296 0.047744 0.503635 0.042738 0.498991 0.031684 0.509715 0.036412 0.503635 0.042738 0.498958 0.040255 0.498991 0.031684 0.498958 0.040255 0.493735 0.041740 0.488356 0.035453 
						0.488356 0.035453 0.493735 0.041740 0.491459 0.046671 0.482893 0.045408 0.485991 0.056982 0.482893 0.045408 0.491459 0.046671 0.493225 0.051626 0.497091 0.063099 0.485991 0.056982 0.493225 0.051626 0.497833 0.053662 0.502809 0.052350 0.497833 0.053662 0.498345 0.047105 0.505296 0.047744 0.503635 0.042738 0.498958 0.040255 0.493735 0.041740 0.491459 0.046671 0.493225 0.051626 0.975336 0.280639 0.975336 0.303230 0.971825 0.303230 0.971825 0.280639 0.968455 0.303230 0.968455 0.280639 0.978910 0.280639 0.978910 0.303230 0.971825 0.303230 0.975336 0.303230 0.975336 0.307442 0.971825 0.307442 0.965362 0.303230 0.965362 0.280639 0.968455 0.307442 0.968455 0.303230 0.982492 0.280639 0.982492 0.303230 0.978910 0.303230 0.978910 0.307442 0.739632 0.794083 0.735616 0.781002 0.738678 0.767666 0.747998 0.757647 0.761079 0.753631 0.774415 0.756693 0.784434 0.766013 0.788450 0.779094 0.785388 0.792431 0.776068 0.802449 0.762987 0.806465 0.749651 0.803403 0.962560 0.303230 0.962560 0.280639 0.965362 0.307442 0.965362 0.303230 0.986019 0.280639 0.986019 0.303230 0.982492 0.303230 0.982492 0.307442 0.986019 0.303230 0.986019 0.307442 0.989463 0.303230 
						0.989463 0.307442 0.992781 0.303230 0.992781 0.307442 0.995991 0.303230 0.995991 0.307442 0.999103 0.303230 0.999103 0.307442 0.962560 0.303230 0.962560 0.307442 0.960017 0.307442 0.960017 0.303230 0.960017 0.303230 0.960017 0.280639 0.989463 0.280639 0.989463 0.303230 0.992781 0.280639 0.992781 0.303230 0.995991 0.280639 0.995991 0.303230 0.999103 0.280639 0.999103 0.303230 0.476221 0.054727 0.474872 0.050217 0.481727 0.045688 0.484063 0.056518 0.474872 0.050217 0.470814 0.048199 0.471883 0.039755 0.481727 0.045688 0.471883 0.039755 0.470814 0.048199 0.466385 0.049151 0.460993 0.043115 0.460993 0.043115 0.466385 0.049151 0.463926 0.053191 0.456153 0.052739 0.463926 0.053191 0.465029 0.057949 0.459145 0.062502 0.456153 0.052739 0.465029 0.057949 0.469357 0.060210 0.467822 0.067762 0.459145 0.062502 0.467822 0.067762 0.469357 0.060210 0.473928 0.058877 0.478128 0.065557 0.478128 0.065557 0.473928 0.058877 0.476221 0.054727 0.484063 0.056518 0.476221 0.054727 0.470068 0.054066 0.474872 0.050217 0.470814 0.048199 0.466385 0.049151 0.463926 0.053191 0.465029 0.057949 0.469357 0.060210 0.473928 0.058877 0.463814 0.026759 0.461812 0.022103 
						0.470009 0.015360 0.474102 0.028021 0.461812 0.022103 0.457253 0.020456 0.457470 0.009443 0.470009 0.015360 0.457253 0.020456 0.452635 0.021939 0.444891 0.014947 0.457470 0.009443 0.452635 0.021939 0.450420 0.026546 0.440438 0.027039 0.444891 0.014947 0.450420 0.026546 0.452135 0.031583 0.445271 0.038171 0.440438 0.027039 0.452135 0.031583 0.457103 0.033500 0.456154 0.043337 0.445271 0.038171 0.457103 0.033500 0.461866 0.031499 0.468113 0.039489 0.456154 0.043337 0.461866 0.031499 0.463814 0.026759 0.474102 0.028021 0.468113 0.039489 0.463814 0.026759 0.457132 0.026798 0.461812 0.022103 0.457253 0.020456 0.452635 0.021939 0.450420 0.026546 0.452135 0.031583 0.457103 0.033500 0.461866 0.031499 0.734002 0.022573 0.733859 0.016602 0.745749 0.012865 0.744729 0.028521 0.733859 0.016602 0.729600 0.012781 0.734706 0.001029 0.745749 0.012865 0.729600 0.012781 0.723845 0.012335 0.718887 0.001408 0.734706 0.001029 0.723845 0.012335 0.719168 0.016440 0.708798 0.011910 0.718887 0.001408 0.719168 0.016440 0.719376 0.022709 0.708223 0.026205 0.708798 0.011910 0.719376 0.022709 0.723742 0.026951 0.717952 0.037375 0.708223 0.026205 0.723742 0.026951 
						0.729788 0.026893 0.733045 0.038549 0.717952 0.037375 0.729788 0.026893 0.734002 0.022573 0.744729 0.028521 0.733045 0.038549 0.734002 0.022573 0.726675 0.019664 0.733859 0.016602 0.729600 0.012781 0.723845 0.012335 0.719168 0.016440 0.719376 0.022709 0.723742 0.026951 0.729788 0.026893 0.493977 0.019790 0.493856 0.014723 0.503977 0.011525 0.503051 0.024799 0.493856 0.014723 0.490241 0.011494 0.494551 0.001357 0.503977 0.011525 0.490241 0.011494 0.485402 0.011147 0.480827 0.001770 0.494551 0.001357 0.485402 0.011147 0.481767 0.014595 0.472322 0.011328 0.480827 0.001770 0.481767 0.014595 0.481479 0.019909 0.472652 0.023460 0.472322 0.011328 0.481479 0.019909 0.485235 0.023541 0.480685 0.032312 0.472652 0.023460 0.485235 0.023541 0.490400 0.023460 0.493216 0.033205 0.480685 0.032312 0.490400 0.023460 0.493977 0.019790 0.503051 0.024799 0.493216 0.033205 0.493977 0.019790 0.487763 0.017333 0.493856 0.014723 0.490241 0.011494 0.485402 0.011147 0.481767 0.014595 0.481479 0.019909 0.485235 0.023541 0.490400 0.023460 0.550421 0.010479 0.545298 0.010698 0.541899 0.000552 0.555353 0.001175 0.545298 0.010698 0.542087 0.014415 0.531918 0.010221 
						0.541899 0.000552 0.542087 0.014415 0.541797 0.019362 0.532498 0.023792 0.531918 0.010221 0.541797 0.019362 0.545395 0.023309 0.541674 0.032282 0.532498 0.023792 0.545395 0.023309 0.550773 0.023030 0.553953 0.032547 0.541674 0.032282 0.550773 0.023030 0.554343 0.019214 0.563385 0.024016 0.553953 0.032547 0.554343 0.019214 0.554196 0.014026 0.564148 0.011043 0.563385 0.024016 0.554196 0.014026 0.550421 0.010479 0.555353 0.001175 0.564148 0.011043 0.550421 0.010479 0.548041 0.016814 0.545298 0.010698 0.542087 0.014415 0.541797 0.019362 0.545395 0.023309 0.550773 0.023030 0.554343 0.019214 0.554196 0.014026 0.585111 0.548317 0.582098 0.573160 0.575412 0.573644 0.568707 0.549541 0.569536 0.576616 0.554116 0.556923 0.543461 0.569327 0.565246 0.581611 0.563188 0.587908 0.538359 0.584897 0.588476 0.575228 0.600747 0.553426 0.563681 0.594515 0.539591 0.601236 0.593471 0.579518 0.613150 0.564082 0.566653 0.600390 0.546973 0.615827 0.596443 0.585394 0.620532 0.578672 0.571648 0.604681 0.559377 0.626482 0.596936 0.592000 0.621765 0.595011 0.578025 0.606748 0.575013 0.631592 0.616663 0.610582 0.594878 0.598298 0.584712 0.606265 0.591417 0.630368 
						0.606008 0.622986 0.590587 0.603293 0.672527 0.411398 0.672527 0.403651 0.688965 0.403651 0.688965 0.411398 0.672527 0.419145 0.688965 0.419145 0.672527 0.426940 0.688965 0.426941 0.672527 0.434735 0.688965 0.434736 0.688965 0.442483 0.672526 0.442482 0.672526 0.450230 0.688964 0.450230 0.672526 0.341297 0.688964 0.341296 0.688865 0.349043 0.672427 0.349044 0.672428 0.356791 0.688866 0.356790 0.672527 0.364586 0.688965 0.364585 0.672527 0.372381 0.688965 0.372380 0.672527 0.380128 0.688965 0.380127 0.706359 0.418407 0.689921 0.418408 0.689919 0.399130 0.706358 0.399128 0.722939 0.476650 0.722937 0.496004 0.706499 0.496003 0.706501 0.476649 0.722942 0.438171 0.722940 0.457410 0.706502 0.457409 0.706504 0.438170 0.727762 0.555336 0.738700 0.568793 0.715376 0.581104 0.710906 0.575631 0.743607 0.585319 0.717352 0.587759 0.741816 0.602463 0.733577 0.617646 0.713295 0.600799 0.716631 0.594663 0.704705 0.572240 0.712527 0.547053 0.720165 0.628530 0.707875 0.605204 0.697801 0.571519 0.695382 0.545263 0.703639 0.633437 0.701221 0.607180 0.691146 0.573495 0.678857 0.550169 0.686494 0.631646 0.694317 0.606459 0.685727 0.577900 0.665444 0.561054 
						0.671259 0.623363 0.688116 0.603068 0.657206 0.576236 0.682391 0.584036 0.660321 0.609906 0.683645 0.597595 0.655415 0.593381 0.681669 0.590940 0.672527 0.395763 0.688965 0.395763 0.672526 0.458118 0.688964 0.458118 0.688964 0.466006 0.672525 0.466006 0.688965 0.387875 0.672527 0.387875 0.722946 0.361135 0.706507 0.361134 0.706508 0.341780 0.722946 0.341781 0.706360 0.495520 0.689922 0.495520 0.689922 0.476165 0.706361 0.476166 0.689922 0.456926 0.706361 0.456926 0.689922 0.437687 0.706360 0.437686 0.706356 0.379889 0.689918 0.379891 0.689915 0.360652 0.706353 0.360650 0.689913 0.341298 0.706351 0.341296 0.706505 0.418891 0.722943 0.418892 0.706506 0.399613 0.722944 0.399614 0.706506 0.380374 0.722945 0.380375 0.942080 0.143834 0.952167 0.143834 0.952167 0.172219 0.942080 0.172219 0.962105 0.143834 0.962105 0.172219 0.971822 0.143834 0.971822 0.172219 0.981283 0.143834 0.981283 0.172219 0.990462 0.143834 0.990462 0.172219 0.999398 0.143834 0.999398 0.172219 0.747365 0.143834 0.757489 0.143834 0.757489 0.172219 0.747365 0.172219 0.767868 0.143834 0.767868 0.172219 0.778548 0.143834 0.778548 0.172219 0.789459 0.143834 0.789459 0.172219 
						0.800521 0.143834 0.800521 0.172219 0.811666 0.143834 0.811666 0.172219 0.822849 0.143834 0.822849 0.172219 0.834026 0.143834 0.834026 0.172219 0.845177 0.143834 0.845177 0.172219 0.856282 0.143834 0.856282 0.172219 0.867279 0.143834 0.867279 0.172219 0.878249 0.143834 0.878249 0.172219 0.889173 0.143834 0.889173 0.172219 0.900002 0.143834 0.900002 0.172219 0.910722 0.143834 0.910722 0.172219 0.921303 0.143834 0.921303 0.172219 0.931744 0.143834 0.931744 0.172219 0.479944 0.824098 0.471730 0.823016 0.464075 0.819845 0.457501 0.814802 0.452457 0.808228 0.449286 0.800573 0.448205 0.792358 0.479944 0.792358 0.952167 0.201546 0.942080 0.201546 0.962105 0.201546 0.971822 0.201546 0.981283 0.201546 0.990462 0.201546 0.999398 0.201546 0.757489 0.201546 0.747365 0.201546 0.767868 0.201546 0.778548 0.201546 0.789459 0.201546 0.800521 0.201546 0.811666 0.201546 0.822849 0.201546 0.834026 0.201546 0.845177 0.201546 0.856282 0.201546 0.867279 0.201546 0.878249 0.201546 0.889173 0.201546 0.900002 0.201546 0.910722 0.201546 0.921303 0.201546 0.931744 0.201546 0.952167 0.224781 0.942080 0.224781 0.962105 0.224781 0.971822 0.224781 0.981283 0.224781 
						0.990462 0.224781 0.999398 0.224781 0.757489 0.224781 0.747365 0.224781 0.767868 0.224781 0.778548 0.224781 0.789459 0.224781 0.800521 0.224781 0.811666 0.224781 0.822849 0.224781 0.834026 0.224781 0.845177 0.224781 0.856282 0.224781 0.867279 0.224781 0.878249 0.224781 0.889173 0.224781 0.900002 0.224781 0.910722 0.224781 0.921303 0.224781 0.931744 0.224781 0.942080 0.116600 0.952167 0.116600 0.931744 0.116600 0.921303 0.116600 0.910722 0.116600 0.900002 0.116600 0.889173 0.116600 0.878249 0.116600 0.867279 0.116600 0.856282 0.116600 0.845177 0.116600 0.834026 0.116600 0.822849 0.116600 0.811666 0.116600 0.800521 0.116600 0.789459 0.116600 0.778548 0.116600 0.767868 0.116600 0.757489 0.116600 0.747365 0.116600 0.990462 0.116600 0.999398 0.116600 0.981283 0.116600 0.971822 0.116600 0.962105 0.116600 0.942080 0.093669 0.952167 0.093669 0.931744 0.093669 0.921303 0.093669 0.910722 0.093669 0.900002 0.093669 0.889173 0.093669 0.878249 0.093669 0.867279 0.093669 0.856282 0.093669 0.845177 0.093669 0.834026 0.093669 0.822849 0.093669 0.811666 0.093669 0.800521 0.093669 0.789459 0.093669 0.778548 0.093669 0.767868 0.093669 0.757489 0.093669 
						0.747365 0.093669 0.990462 0.093669 0.999398 0.093669 0.981283 0.093669 0.971822 0.093669 0.962105 0.093669 0.942080 0.067690 0.952167 0.067690 0.931744 0.067690 0.921303 0.067690 0.910722 0.067690 0.900002 0.067690 0.889173 0.067690 0.878249 0.067690 0.867279 0.067690 0.856282 0.067690 0.845177 0.067690 0.834026 0.067690 0.822849 0.067690 0.811666 0.067690 0.800521 0.067690 0.789459 0.067690 0.778548 0.067690 0.767868 0.067690 0.757489 0.067690 0.747365 0.067690 0.990462 0.067690 0.999398 0.067690 0.981283 0.067690 0.971822 0.067690 0.962105 0.067690 0.942080 0.048719 0.952167 0.048719 0.931744 0.048719 0.921303 0.048719 0.910722 0.048719 0.900002 0.048719 0.889173 0.048719 0.878249 0.048719 0.867279 0.048719 0.856282 0.048719 0.845177 0.048719 0.834026 0.048719 0.822849 0.048719 0.811666 0.048719 0.800521 0.048719 0.789459 0.048719 0.778548 0.048719 0.767868 0.048719 0.757489 0.048719 0.747365 0.048719 0.990462 0.048719 0.999398 0.048719 0.981283 0.048719 0.971822 0.048719 0.962105 0.048719 0.942080 0.030390 0.952167 0.030390 0.931744 0.030390 0.921303 0.030390 0.910722 0.030390 0.900002 0.030390 0.889173 0.030390 0.878249 0.030390 
						0.867279 0.030390 0.856282 0.030390 0.845177 0.030390 0.834026 0.030390 0.822849 0.030390 0.811666 0.030390 0.800521 0.030390 0.789459 0.030390 0.778548 0.030390 0.767868 0.030390 0.757489 0.030390 0.747365 0.030390 0.990462 0.030390 0.999398 0.030390 0.981283 0.030390 0.971822 0.030390 0.962105 0.030390 0.942080 0.012888 0.952167 0.012888 0.931744 0.012888 0.921303 0.012888 0.910722 0.012888 0.900002 0.012888 0.889173 0.012888 0.878249 0.012888 0.867279 0.012888 0.856282 0.012888 0.845177 0.012888 0.834026 0.012888 0.822849 0.012888 0.811666 0.012888 0.800521 0.012888 0.789459 0.012888 0.778548 0.012888 0.767868 0.012888 0.757489 0.012888 0.747365 0.012888 0.990462 0.012888 0.999398 0.012888 0.981283 0.012888 0.971822 0.012888 0.962105 0.012888 0.952167 0.012888 0.942080 0.012888 0.942080 0.000906 0.952167 0.000906 0.931744 0.012888 0.931744 0.000906 0.921303 0.012888 0.921303 0.000906 0.910722 0.012888 0.910722 0.000906 0.900002 0.012888 0.900002 0.000906 0.889173 0.012888 0.889173 0.000906 0.878249 0.012888 0.878249 0.000906 0.867279 0.012888 0.867279 0.000906 0.856282 0.012888 0.856282 0.000906 0.845177 0.012888 0.845177 0.000906 
						0.834026 0.012888 0.834026 0.000906 0.822849 0.012888 0.822849 0.000906 0.811666 0.012888 0.811666 0.000906 0.800521 0.012888 0.800521 0.000906 0.789459 0.012888 0.789459 0.000906 0.778548 0.012888 0.778548 0.000906 0.767868 0.012888 0.767868 0.000906 0.757489 0.012888 0.757489 0.000906 0.747365 0.012888 0.747365 0.000906 0.999398 0.012888 0.990462 0.012888 0.990462 0.000906 0.999398 0.000906 0.981283 0.012888 0.981283 0.000906 0.971822 0.012888 0.971822 0.000906 0.962105 0.012888 0.962105 0.000906 0.952167 0.242829 0.942080 0.242829 0.962105 0.242829 0.971822 0.242829 0.981283 0.242829 0.990462 0.242829 0.999398 0.242829 0.757489 0.242829 0.747365 0.242829 0.767868 0.242829 0.778548 0.242829 0.789459 0.242829 0.800521 0.242829 0.811666 0.242829 0.822849 0.242829 0.834026 0.242829 0.845177 0.242829 0.856282 0.242829 0.867279 0.242829 0.878249 0.242829 0.889173 0.242829 0.900002 0.242829 0.910722 0.242829 0.921303 0.242829 0.931744 0.242829 0.952167 0.254752 0.942080 0.254752 0.962105 0.254752 0.971822 0.254752 0.981283 0.254752 0.990462 0.254752 0.999398 0.254752 0.757489 0.254752 0.747365 0.254752 0.767868 0.254752 0.778548 0.254752 
						0.789459 0.254752 0.800521 0.254752 0.811666 0.254752 0.822849 0.254752 0.834026 0.254752 0.845177 0.254752 0.856282 0.254752 0.867279 0.254752 0.878249 0.254752 0.889173 0.254752 0.900002 0.254752 0.910722 0.254752 0.921303 0.254752 0.931744 0.254752 0.952167 0.266973 0.942080 0.266973 0.962105 0.266973 0.971822 0.266973 0.981283 0.266973 0.990462 0.266973 0.999398 0.266973 0.757489 0.266973 0.747365 0.266973 0.767868 0.266973 0.778548 0.266973 0.789459 0.266973 0.800521 0.266973 0.811666 0.266973 0.822849 0.266973 0.834026 0.266973 0.845177 0.266973 0.856282 0.266973 0.867279 0.266973 0.878249 0.266973 0.889173 0.266973 0.900002 0.266973 0.910722 0.266973 0.921303 0.266973 0.931744 0.266973 0.952167 0.272669 0.942080 0.272669 0.962105 0.272669 0.971822 0.272669 0.981283 0.272669 0.990462 0.272669 0.999398 0.272669 0.757489 0.272669 0.747365 0.272669 0.767868 0.272669 0.778548 0.272669 0.789459 0.272669 0.800521 0.272669 0.811666 0.272669 0.822849 0.272669 0.834026 0.272669 0.845177 0.272669 0.856282 0.272669 0.867279 0.272669 0.878249 0.272669 0.889173 0.272669 0.900002 0.272669 0.910722 0.272669 0.921303 0.272669 0.931744 0.272669 
						0.510602 0.800573 0.507432 0.808228 0.502388 0.814802 0.495814 0.819845 0.488159 0.823016 0.511684 0.792358 0.449286 0.784144 0.452457 0.776488 0.457501 0.769915 0.464074 0.764871 0.471730 0.761700 0.479944 0.760619 0.488159 0.761700 0.495814 0.764871 0.502388 0.769915 0.507432 0.776488 0.510602 0.784143 0.822849 0.279783 0.811666 0.279783 0.811666 0.276160 0.822849 0.276160 0.834026 0.279783 0.834026 0.276160 0.845177 0.279783 0.845177 0.276160 0.856282 0.279783 0.856282 0.276160 0.867279 0.279783 0.867279 0.276160 0.878249 0.279783 0.878249 0.276160 0.952167 0.276160 0.942080 0.276160 0.962105 0.276160 0.971822 0.276160 0.981283 0.276160 0.990462 0.276160 0.999398 0.276160 0.757489 0.276160 0.747365 0.276160 0.767868 0.276160 0.778548 0.276160 0.789459 0.276160 0.800521 0.276160 0.889173 0.276160 0.900002 0.276160 0.910722 0.276160 0.921303 0.276160 0.931744 0.276160 0.757489 0.279783 0.747365 0.279783 0.767868 0.279783 0.778548 0.279783 0.789459 0.279783 0.800521 0.279783 0.889173 0.279783 0.900002 0.279783 0.910722 0.279783 0.921303 0.279783 0.931744 0.279783 0.942080 0.279783 0.952167 0.279783 0.962105 0.279783 0.971822 0.279783 
						0.981283 0.279783 0.990462 0.279783 0.999398 0.279783 0.772647 0.698926 0.761946 0.717002 0.760041 0.716267 0.765701 0.696031 0.778605 0.703518 0.763595 0.718206 0.783171 0.709493 0.764876 0.719794 0.786036 0.716443 0.765703 0.721660 0.787005 0.723896 0.766019 0.723676 0.786014 0.731343 0.765802 0.725705 0.783133 0.738279 0.765068 0.727608 0.778558 0.744233 0.763866 0.729256 0.772603 0.748801 0.762280 0.730537 0.765673 0.751674 0.760417 0.731363 0.758239 0.752663 0.758409 0.731677 0.750803 0.751703 0.756407 0.731458 0.743847 0.748878 0.754466 0.730785 0.737807 0.744306 0.752805 0.729554 0.733199 0.738313 0.751521 0.727956 0.730314 0.731336 0.750694 0.726085 0.729338 0.723854 0.750378 0.724065 0.730333 0.716380 0.750595 0.722033 0.733228 0.709420 0.751331 0.720126 0.737825 0.703450 0.752535 0.718475 0.743809 0.698873 0.754125 0.717192 0.750772 0.696003 0.755993 0.716365 0.758239 0.695032 0.758010 0.716050 0.520927 0.746629 0.523416 0.747659 0.518257 0.756594 0.525552 0.749299 0.527192 0.751435 0.528222 0.753924 0.528574 0.756594 0.528222 0.759264 0.527192 0.761752 0.525552 0.763889 0.523416 0.765528 0.520927 0.766559 0.518257 0.766911 
						0.515587 0.766559 0.513099 0.765528 0.510962 0.763889 0.509322 0.761752 0.508292 0.759264 0.507940 0.756594 0.508292 0.753924 0.509322 0.751435 0.510962 0.749299 0.513099 0.747659 0.515587 0.746629 0.518257 0.746277 0.759035 0.720379 0.759910 0.720713 0.758168 0.723843 0.758162 0.723854 0.760668 0.721263 0.758177 0.723835 0.761259 0.721990 0.758187 0.723829 0.761641 0.722845 0.758198 0.723826 0.761789 0.723769 0.758210 0.723826 0.761693 0.724701 0.758222 0.723829 0.761360 0.725576 0.758232 0.723835 0.760811 0.726334 0.758240 0.723843 0.760085 0.726925 0.758246 0.723854 0.759231 0.727308 0.758250 0.723865 0.758307 0.727458 0.758250 0.723877 0.757375 0.727363 0.758247 0.723889 0.756500 0.727030 0.758241 0.723899 0.755739 0.726481 0.758232 0.723907 0.755148 0.725754 0.758222 0.723913 0.754764 0.724898 0.758211 0.723916 0.754616 0.723972 0.758199 0.723916 0.754712 0.723040 0.758188 0.723913 0.755046 0.722164 0.758177 0.723907 0.755595 0.721405 0.758169 0.723899 0.756323 0.720814 0.758162 0.723888 0.757178 0.720431 0.758159 0.723877 0.758103 0.720283 0.758159 0.723865 0.759910 0.720713 0.759035 0.720379 0.759755 0.717410 0.761373 0.718032 
						0.760668 0.721263 0.762776 0.719052 0.761259 0.721990 0.763866 0.720400 0.761641 0.722845 0.764571 0.721983 0.761789 0.723769 0.764842 0.723696 0.761693 0.724701 0.764660 0.725419 0.761360 0.725576 0.764039 0.727037 0.760811 0.726334 0.763021 0.728439 0.760085 0.726925 0.761675 0.729529 0.759231 0.727308 0.760093 0.730235 0.758307 0.727458 0.758384 0.730512 0.757375 0.727363 0.756665 0.730356 0.756500 0.727030 0.755055 0.729703 0.755739 0.726481 0.753633 0.728695 0.755148 0.725754 0.752535 0.727347 0.754764 0.724898 0.751829 0.725761 0.754616 0.723972 0.751557 0.724046 0.754712 0.723040 0.751739 0.722319 0.755046 0.722164 0.752362 0.720699 0.755595 0.721405 0.753382 0.719295 0.756323 0.720814 0.754731 0.718203 0.757178 0.720431 0.756316 0.717498 0.758103 0.720283 0.758030 0.717228 0.761373 0.718032 0.759755 0.717410 0.760041 0.716267 0.761946 0.717002 0.762776 0.719052 0.763595 0.718206 0.763866 0.720400 0.764876 0.719794 0.764571 0.721983 0.765703 0.721660 0.764842 0.723696 0.766019 0.723676 0.764660 0.725419 0.765802 0.725705 0.764039 0.727037 0.765068 0.727608 0.763021 0.728439 0.763866 0.729256 0.761675 0.729529 0.762280 0.730537 
						0.760093 0.730235 0.760417 0.731363 0.758384 0.730512 0.758409 0.731677 0.756665 0.730356 0.756407 0.731458 0.755055 0.729703 0.754466 0.730785 0.753633 0.728695 0.752805 0.729554 0.752535 0.727347 0.751521 0.727956 0.751829 0.725761 0.750694 0.726085 0.751557 0.724046 0.750378 0.724065 0.751739 0.722319 0.750595 0.722033 0.752362 0.720699 0.751331 0.720126 0.753382 0.719295 0.752535 0.718475 0.754731 0.718203 0.754125 0.717192 0.756316 0.717498 0.755993 0.716365 0.758030 0.717228 0.758010 0.716050 0.965541 0.543354 0.951268 0.543003 0.952178 0.539782 0.964624 0.540105 0.939236 0.535567 0.941664 0.533257 0.932624 0.522930 0.936063 0.522215 0.933919 0.509247 0.936744 0.510226 0.941072 0.498357 0.943160 0.500606 0.952584 0.492291 0.953318 0.495255 0.965462 0.492622 0.964701 0.495587 0.976850 0.498825 0.974729 0.501121 0.983864 0.510139 0.980812 0.511103 0.984296 0.523747 0.981102 0.523037 0.977696 0.535992 0.975244 0.533719 0.966217 0.524766 0.958698 0.517068 0.969020 0.519939 0.961309 0.527524 0.955667 0.527429 0.948260 0.519520 0.948490 0.513990 0.966289 0.509652 0.969017 0.514407 0.950872 0.524479 0.951400 0.509367 0.956185 0.506786 
						0.961609 0.506877 0.964624 0.540105 0.952178 0.539782 0.954386 0.532014 0.962526 0.532090 0.941664 0.533257 0.947448 0.527758 0.936063 0.522215 0.943705 0.520590 0.936744 0.510226 0.944080 0.512661 0.943160 0.500606 0.948257 0.506082 0.953318 0.495255 0.955065 0.502407 0.964701 0.495587 0.962785 0.502492 0.974729 0.501121 0.969466 0.506426 0.980812 0.511103 0.973423 0.513157 0.981102 0.523037 0.973522 0.521072 0.975244 0.533719 0.969574 0.528057 0.962526 0.532090 0.954386 0.532014 0.955016 0.529796 0.961945 0.529883 0.947448 0.527758 0.949112 0.526180 0.943705 0.520590 0.945906 0.520089 0.944080 0.512661 0.946199 0.513316 0.948257 0.506082 0.949763 0.507670 0.955065 0.502407 0.955596 0.504518 0.962785 0.502492 0.962209 0.504604 0.969466 0.506426 0.967935 0.507971 0.973423 0.513157 0.971303 0.513753 0.973522 0.521072 0.971356 0.520520 0.969574 0.528057 0.967960 0.526466 0.961945 0.529883 0.955016 0.529796 0.949112 0.526180 0.945906 0.520089 0.946199 0.513316 0.949763 0.507670 0.955596 0.504518 0.962209 0.504604 0.967935 0.507971 0.971303 0.513753 0.971356 0.520520 0.967960 0.526466 0.960294 0.598923 0.962491 0.598923 0.962491 0.650328 
						0.960294 0.650328 0.964689 0.598923 0.964689 0.650328 0.966886 0.598923 0.966886 0.650328 0.969084 0.598923 0.969084 0.650328 0.971281 0.598923 0.971281 0.650328 0.973479 0.598923 0.973479 0.650328 0.975676 0.598923 0.975676 0.650328 0.977874 0.598923 0.977874 0.650328 0.980071 0.598923 0.980071 0.650328 0.982269 0.598923 0.982269 0.650328 0.984466 0.598923 0.984466 0.650328 0.958096 0.598923 0.958096 0.650328 0.762546 0.621899 0.760148 0.623434 0.758635 0.618187 0.763872 0.619420 0.763773 0.616656 0.762325 0.614314 0.759939 0.612983 0.757124 0.612970 0.754735 0.614476 0.753409 0.616944 0.753495 0.619699 0.754934 0.622051 0.757315 0.623394 0.778412 0.634637 0.765366 0.639932 0.761848 0.629298 0.769591 0.625719 0.748940 0.640715 0.753648 0.629738 0.748940 0.640715 0.737289 0.623464 0.747107 0.621618 0.753648 0.629738 0.737289 0.623464 0.741381 0.605732 0.747822 0.610526 0.747107 0.621618 0.741381 0.605732 0.752607 0.598547 0.755466 0.607327 0.747822 0.610526 0.765847 0.597955 0.763488 0.606562 0.765847 0.597955 0.779086 0.610713 0.770147 0.614608 0.763488 0.606562 0.779086 0.610713 0.778412 0.634637 0.769591 0.625719 0.770147 0.614608 
						0.786039 0.642945 0.778412 0.634637 0.791101 0.632860 0.793824 0.646969 0.802727 0.638604 0.804176 0.626652 0.796391 0.622627 0.788835 0.618454 0.779932 0.626819 0.769591 0.625719 0.761848 0.629298 0.760988 0.626229 0.764610 0.623730 0.753648 0.629738 0.756607 0.625985 0.747107 0.621618 0.750921 0.620483 0.753117 0.623981 0.747822 0.610526 0.752723 0.612640 0.750747 0.616362 0.755466 0.607327 0.756297 0.610234 0.763488 0.606562 0.760600 0.610400 0.770147 0.614608 0.766335 0.615813 0.764098 0.612349 0.766555 0.619948 0.760988 0.626229 0.760430 0.624428 0.763278 0.622576 0.764610 0.623730 0.756607 0.625985 0.757058 0.624335 0.753117 0.623981 0.754251 0.622738 0.750921 0.620483 0.752555 0.619962 0.750747 0.616362 0.752452 0.616705 0.752723 0.612640 0.754020 0.613787 0.756297 0.610234 0.756844 0.611989 0.760600 0.610400 0.760176 0.612036 0.764098 0.612349 0.762980 0.613603 0.766335 0.615813 0.764704 0.616357 0.766555 0.619948 0.764840 0.619623 0.760148 0.623434 0.762546 0.621899 0.763278 0.622576 0.760430 0.624428 0.763872 0.619420 0.764840 0.619623 0.763773 0.616656 0.764704 0.616357 0.762325 0.614314 0.762980 0.613603 0.759939 0.612983 
						0.760176 0.612036 0.757124 0.612970 0.756844 0.611989 0.754735 0.614476 0.754020 0.613787 0.753409 0.616944 0.752452 0.616705 0.753495 0.619699 0.752555 0.619962 0.754934 0.622051 0.754251 0.622738 0.757315 0.623394 0.757058 0.624335 0.726859 0.274404 0.745757 0.274404 0.745757 0.297459 0.726859 0.297459 0.726859 0.321269 0.745757 0.321269 0.726859 0.345082 0.745757 0.345082 0.745757 0.368177 0.726859 0.368177 0.745757 0.252412 0.726859 0.252412 0.745757 0.389907 0.726859 0.389907 0.745757 0.231572 0.726859 0.231572 0.745757 0.409594 0.726859 0.409594 0.726859 0.212133 0.745757 0.212133 0.745757 0.427286 0.726859 0.427286 0.745757 0.443010 0.726859 0.443010 0.745757 0.445005 0.726859 0.445005 0.726859 0.467767 0.745757 0.467767 0.745757 0.476818 0.726859 0.476818 0.745757 0.181859 0.745757 0.212133 0.726859 0.212133 0.726859 0.196464 0.726859 0.485618 0.726859 0.476818 0.745757 0.476818 0.745757 0.502649 0.725161 0.297459 0.725161 0.274404 0.726859 0.274404 0.726859 0.297459 0.725161 0.252412 0.726859 0.252412 0.725161 0.231572 0.726859 0.231572 0.725161 0.212133 0.726859 0.212133 0.725161 0.196464 0.726859 0.196464 0.725161 0.196464 
						0.725161 0.181859 0.745757 0.181859 0.726859 0.196464 0.763933 0.498317 0.763933 0.479456 0.765476 0.479456 0.765476 0.498317 0.763933 0.460376 0.765476 0.460376 0.763933 0.439583 0.765476 0.439583 0.763933 0.418522 0.765476 0.418522 0.763933 0.299796 0.763933 0.294159 0.765476 0.294159 0.765476 0.299796 0.763933 0.290648 0.765476 0.290648 0.763933 0.289560 0.765476 0.289560 0.763933 0.283550 0.765476 0.283550 0.725161 0.502649 0.725161 0.485618 0.726859 0.485618 0.745757 0.502649 0.725161 0.485618 0.725161 0.476818 0.726859 0.476818 0.726859 0.485618 0.725161 0.467767 0.726859 0.467767 0.725161 0.445005 0.726859 0.445005 0.725161 0.443010 0.726859 0.443010 0.725161 0.427286 0.726859 0.427286 0.725161 0.409594 0.726859 0.409594 0.725161 0.389907 0.726859 0.389907 0.725161 0.368177 0.726859 0.368177 0.725161 0.345082 0.726859 0.345082 0.725161 0.321269 0.726859 0.321269 0.763933 0.498317 0.748502 0.498317 0.748502 0.479456 0.763933 0.479456 0.763933 0.479456 0.748502 0.479456 0.748502 0.460376 0.763933 0.460376 0.748502 0.439583 0.763933 0.439583 0.748502 0.418522 0.763933 0.418522 0.748502 0.398032 0.763933 0.398032 0.748502 0.378744 
						0.763933 0.378744 0.748502 0.360833 0.763933 0.360833 0.748502 0.344422 0.763933 0.344422 0.748502 0.329992 0.763933 0.329992 0.748502 0.317839 0.763933 0.317839 0.748502 0.307828 0.763933 0.307828 0.748502 0.283550 0.763933 0.283550 0.763933 0.289560 0.748502 0.289560 0.748502 0.289560 0.763933 0.289560 0.763933 0.290648 0.748502 0.290648 0.763933 0.294159 0.748502 0.294159 0.763933 0.299796 0.748502 0.299796 0.763933 0.398032 0.765476 0.398032 0.763933 0.378744 0.765476 0.378744 0.763933 0.360833 0.765476 0.360833 0.763933 0.344422 0.765476 0.344422 0.763933 0.329992 0.765476 0.329992 0.763933 0.317839 0.765476 0.317839 0.763933 0.307828 0.765476 0.307828 
					</float_array>
					<technique_common>
						<accessor count="5477" offset="0" source="#meshId0-tex0-array" stride="2">
							<param name="S" type="float" />
							<param name="T" type="float" />
						</accessor>
					</technique_common>
				</source>
				<source id="meshId0-color0" name="meshId0-color0">
					<float_array id="meshId0-color0-array" count="16431"> 
						0.000000 0.000000 0.000000 0.000000 0.000000 0.000000 0.000000 0.000000 0.000000 0.000000 0.000000 0.000000 0.000000 0.000000 0.000000 0.000000 0.000000 0.000000 0.000000 0.000000 0.000000 0.000000 0.000000 0.000000 0.000000 0.000000 0.000000 0.000000 0.000000 0.000000 0.000000 0.000000 0.000000 0.000000 0.000000 0.000000 0.000000 0.000000 0.000000 0.000000 0.000000 0.000000 0.000000 0.000000 0.000000 0.000000 0.000000 0.000000 0.000000 0.000000 0.000000 0.000000 0.000000 0.000000 0.000000 0.000000 0.000000 1.000000 1.000000 1.000000 0.000000 0.000000 0.000000 0.000000 0.000000 0.000000 0.000000 0.000000 0.000000 0.000000 0.000000 0.000000 0.000000 0.000000 0.000000 1.000000 1.000000 1.000000 1.000000 1.000000 1.000000 1.000000 1.000000 1.000000 1.000000 1.000000 1.000000 0.000000 0.000000 0.000000 0.000000 0.000000 0.000000 0.000000 0.000000 0.000000 0.000000 0.000000 0.000000 0.000000 0.000000 0.000000 0.000000 0.000000 0.000000 0.000000 0.000000 0.000000 0.000000 0.000000 0.000000 0.000000 0.000000 0.000000 0.000000 0.000000 0.000000 1.000000 1.000000 1.000000 1.000000 1.000000 1.000000 1.000000 1.000000 1.000000 1.000000 1.000000 1.000000 1.000000 1.000000 1.000000 0.000000 0.000000 0.000000 0.000000 0.000000 0.000000 0.000000 0.000000 0.000000 0.000000 0.000000 0.000000 0.000000 0.000000 0.000000 0.000000 0.000000 0.000000 0.000000 0.000000 0.000000 0.000000 0.000000 0.000000 0.000000 0.000000 0.000000 0.000000 0.000000 0.000000 0.000000 0.000000 0.000000 0.000000 0.000000 0.000000 1.000000 1.000000 1.000000 1.000000 1.000000 1.000000 1.000000 1.000000 1.000000 1.000000 1.000000 1.000000 1.000000 1.000000 1.000000 1.000000 1.000000 1.000000 0.000000 0.000000 0.000000 0.000000 0.000000 0.000000 
						0.000000 0.000000 0.000000 0.000000 0.000000 0.000000 1.000000 1.000000 1.000000 0.000000 0.000000 0.000000 0.000000 0.000000 0.000000 1.000000 1.000000 1.000000 0.000000 0.000000 0.000000 0.000000 0.000000 0.000000 0.000000 0.000000 0.000000 0.000000 0.000000 0.000000 0.000000 0.000000 0.000000 0.000000 0.000000 0.000000 0.000000 0.000000 0.000000 0.000000 0.000000 0.000000 1.000000 1.000000 1.000000 1.000000 1.000000 1.000000 1.000000 1.000000 1.000000 1.000000 1.000000 1.000000 0.000000 0.000000 0.000000 1.000000 1.000000 1.000000 1.000000 1.000000 1.000000 0.000000 0.000000 0.000000 0.000000 0.000000 0.000000 0.000000 0.000000 0.000000 0.000000 0.000000 0.000000 0.000000 0.000000 0.000000 0.000000 0.000000 0.000000 0.000000 0.000000 0.000000 0.000000 0.000000 0.000000 0.000000 0.000000 0.000000 1.000000 1.000000 1.000000 1.000000 1.000000 1.000000 1.000000 1.000000 1.000000 1.000000 1.000000 1.000000 1.000000 1.000000 1.000000 1.000000 1.000000 1.000000 1.000000 1.000000 1.000000 1.000000 1.000000 1.000000 1.000000 1.000000 1.000000 1.000000 1.000000 1.000000 1.000000 1.000000 1.000000 1.000000 1.000000 1.000000 1.000000 1.000000 1.000000 1.000000 1.000000 1.000000 1.000000 1.000000 1.000000 1.000000 1.000000 1.000000 1.000000 1.000000 1.000000 1.000000 1.000000 1.000000 1.000000 1.000000 1.000000 1.000000 1.000000 1.000000 1.000000 1.000000 1.000000 1.000000 1.000000 1.000000 1.000000 1.000000 1.000000 1.000000 1.000000 1.000000 0.000000 0.000000 0.000000 0.000000 0.000000 0.000000 0.000000 0.000000 0.000000 0.000000 0.000000 0.000000 0.000000 0.000000 0.000000 0.000000 0.000000 0.000000 0.000000 0.000000 0.000000 1.000000 1.000000 1.000000 0.000000 0.000000 0.000000 0.000000 0.000000 0.000000 
						0.000000 0.000000 0.000000 0.000000 0.000000 0.000000 0.000000 0.000000 0.000000 0.000000 0.000000 0.000000 0.000000 0.000000 0.000000 0.000000 0.000000 0.000000 0.000000 0.000000 0.000000 0.000000 0.000000 0.000000 0.000000 0.000000 0.000000 0.000000 0.000000 0.000000 0.000000 0.000000 0.000000 0.000000 0.000000 0.000000 0.000000 0.000000 0.000000 0.000000 0.000000 0.000000 0.000000 0.000000 0.000000 0.000000 0.000000 0.000000 0.000000 0.000000 0.000000 0.000000 0.000000 0.000000 0.000000 0.000000 0.000000 0.000000 0.000000 0.000000 1.000000 1.000000 1.000000 1.000000 1.000000 1.000000 1.000000 1.000000 1.000000 1.000000 1.000000 1.000000 0.000000 0.000000 0.000000 0.000000 0.000000 0.000000 0.000000 0.000000 0.000000 0.000000 0.000000 0.000000 0.000000 0.000000 0.000000 0.000000 0.000000 0.000000 1.000000 1.000000 1.000000 1.000000 1.000000 1.000000 1.000000 1.000000 1.000000 1.000000 1.000000 1.000000 1.000000 1.000000 1.000000 1.000000 1.000000 1.000000 1.000000 1.000000 1.000000 1.000000 1.000000 1.000000 1.000000 1.000000 1.000000 1.000000 1.000000 1.000000 1.000000 1.000000 1.000000 0.000000 0.000000 0.000000 1.000000 1.000000 1.000000 1.000000 1.000000 1.000000 1.000000 1.000000 1.000000 1.000000 1.000000 1.000000 1.000000 1.000000 1.000000 1.000000 1.000000 1.000000 1.000000 1.000000 1.000000 1.000000 1.000000 1.000000 1.000000 1.000000 1.000000 1.000000 1.000000 1.000000 0.000000 0.000000 0.000000 0.000000 0.000000 0.000000 1.000000 1.000000 1.000000 0.000000 0.000000 0.000000 0.000000 0.000000 0.000000 1.000000 1.000000 1.000000 1.000000 1.000000 1.000000 0.000000 0.000000 0.000000 0.000000 0.000000 0.000000 0.000000 0.000000 0.000000 0.000000 0.000000 0.000000 0.000000 0.000000 0.000000 
						0.000000 0.000000 0.000000 0.000000 0.000000 0.000000 0.000000 0.000000 0.000000 0.000000 0.000000 0.000000 1.000000 1.000000 1.000000 1.000000 1.000000 1.000000 1.000000 1.000000 1.000000 1.000000 1.000000 1.000000 1.000000 1.000000 1.000000 1.000000 1.000000 1.000000 0.000000 0.000000 0.000000 0.000000 0.000000 0.000000 0.000000 0.000000 0.000000 0.000000 0.000000 0.000000 0.000000 0.000000 0.000000 0.000000 0.000000 0.000000 0.000000 0.000000 0.000000 0.000000 0.000000 0.000000 0.000000 0.000000 0.000000 0.000000 0.000000 0.000000 0.000000 0.000000 0.000000 0.000000 0.000000 0.000000 0.000000 0.000000 0.000000 0.000000 0.000000 0.000000 0.000000 0.000000 0.000000 0.000000 0.000000 0.000000 0.000000 0.000000 0.000000 0.000000 0.000000 0.000000 0.000000 0.000000 0.000000 0.000000 0.000000 0.000000 0.000000 0.000000 0.000000 0.000000 0.000000 0.000000 0.000000 0.000000 0.000000 0.000000 0.000000 0.000000 0.000000 0.000000 0.000000 0.000000 0.000000 0.000000 0.000000 0.000000 0.000000 0.000000 0.000000 0.000000 0.000000 0.000000 0.000000 0.000000 0.000000 0.000000 0.000000 0.000000 0.000000 0.000000 0.000000 0.000000 1.000000 1.000000 1.000000 1.000000 1.000000 1.000000 1.000000 1.000000 1.000000 1.000000 1.000000 1.000000 1.000000 1.000000 1.000000 1.000000 1.000000 1.000000 1.000000 1.000000 1.000000 1.000000 1.000000 1.000000 1.000000 1.000000 1.000000 1.000000 1.000000 1.000000 1.000000 1.000000 1.000000 1.000000 1.000000 1.000000 1.000000 1.000000 1.000000 1.000000 1.000000 1.000000 1.000000 1.000000 1.000000 1.000000 1.000000 1.000000 1.000000 1.000000 1.000000 1.000000 1.000000 1.000000 1.000000 1.000000 1.000000 0.000000 0.000000 0.000000 0.000000 0.000000 0.000000 1.000000 1.000000 1.000000 
						1.000000 1.000000 1.000000 1.000000 1.000000 1.000000 1.000000 1.000000 1.000000 1.000000 1.000000 1.000000 0.000000 0.000000 0.000000 0.000000 0.000000 0.000000 1.000000 1.000000 1.000000 1.000000 1.000000 1.000000 1.000000 1.000000 1.000000 1.000000 1.000000 1.000000 1.000000 1.000000 1.000000 1.000000 1.000000 1.000000 1.000000 1.000000 1.000000 1.000000 1.000000 1.000000 1.000000 1.000000 1.000000 0.000000 0.000000 0.000000 0.000000 0.000000 0.000000 0.000000 0.000000 0.000000 1.000000 1.000000 1.000000 1.000000 1.000000 1.000000 0.000000 0.000000 0.000000 0.000000 0.000000 0.000000 0.000000 0.000000 0.000000 1.000000 1.000000 1.000000 1.000000 1.000000 1.000000 1.000000 1.000000 1.000000 1.000000 1.000000 1.000000 0.000000 0.000000 0.000000 0.000000 0.000000 0.000000 0.000000 0.000000 0.000000 0.000000 0.000000 0.000000 0.000000 0.000000 0.000000 0.000000 0.000000 0.000000 0.000000 0.000000 0.000000 0.000000 0.000000 0.000000 0.000000 0.000000 0.000000 0.000000 0.000000 0.000000 0.000000 0.000000 0.000000 0.000000 0.000000 0.000000 0.000000 0.000000 0.000000 0.000000 0.000000 0.000000 0.000000 0.000000 0.000000 0.000000 0.000000 0.000000 0.000000 0.000000 0.000000 0.000000 0.000000 0.000000 0.000000 0.000000 0.000000 0.000000 0.000000 0.000000 0.000000 0.000000 0.000000 0.000000 0.000000 0.000000 0.000000 0.000000 0.000000 0.000000 0.000000 0.000000 0.000000 0.000000 0.000000 0.000000 0.000000 0.000000 0.000000 0.000000 0.000000 0.000000 0.000000 0.000000 0.000000 0.000000 0.000000 0.000000 0.000000 0.000000 0.000000 0.000000 0.000000 0.000000 0.000000 0.000000 0.000000 0.000000 0.000000 0.000000 0.000000 0.000000 0.000000 0.000000 0.000000 0.000000 0.000000 0.000000 0.000000 0.000000 0.000000 
						0.000000 0.000000 0.000000 0.000000 0.000000 0.000000 0.000000 0.000000 0.000000 0.000000 0.000000 0.000000 0.000000 0.000000 0.000000 0.000000 0.000000 0.000000 0.000000 0.000000 0.000000 0.000000 0.000000 0.000000 0.000000 0.000000 0.000000 0.000000 0.000000 0.000000 0.000000 0.000000 0.000000 0.000000 0.000000 0.000000 0.000000 0.000000 0.000000 0.000000 0.000000 0.000000 0.000000 0.000000 0.000000 0.000000 0.000000 0.000000 0.000000 0.000000 0.000000 0.000000 0.000000 0.000000 0.000000 0.000000 0.000000 0.000000 0.000000 0.000000 0.000000 0.000000 0.000000 0.000000 0.000000 0.000000 0.000000 0.000000 0.000000 1.000000 1.000000 1.000000 1.000000 1.000000 1.000000 1.000000 1.000000 1.000000 1.000000 1.000000 1.000000 1.000000 1.000000 1.000000 1.000000 1.000000 1.000000 1.000000 1.000000 1.000000 1.000000 1.000000 1.000000 1.000000 1.000000 1.000000 1.000000 1.000000 1.000000 1.000000 1.000000 1.000000 1.000000 1.000000 1.000000 1.000000 1.000000 1.000000 1.000000 1.000000 1.000000 1.000000 1.000000 1.000000 1.000000 1.000000 1.000000 1.000000 1.000000 1.000000 1.000000 1.000000 1.000000 1.000000 1.000000 1.000000 1.000000 1.000000 1.000000 1.000000 1.000000 1.000000 0.000000 0.000000 0.000000 0.000000 0.000000 0.000000 0.000000 0.000000 0.000000 0.000000 0.000000 0.000000 0.000000 0.000000 0.000000 1.000000 1.000000 1.000000 1.000000 1.000000 1.000000 1.000000 1.000000 1.000000 1.000000 1.000000 1.000000 1.000000 1.000000 1.000000 1.000000 1.000000 1.000000 1.000000 1.000000 1.000000 1.000000 1.000000 1.000000 1.000000 1.000000 1.000000 0.000000 0.000000 0.000000 1.000000 1.000000 1.000000 1.000000 1.000000 1.000000 1.000000 1.000000 1.000000 1.000000 1.000000 1.000000 1.000000 1.000000 1.000000 
						1.000000 1.000000 1.000000 1.000000 1.000000 1.000000 1.000000 1.000000 1.000000 1.000000 1.000000 1.000000 1.000000 1.000000 1.000000 0.000000 0.000000 0.000000 1.000000 1.000000 1.000000 1.000000 1.000000 1.000000 1.000000 1.000000 1.000000 1.000000 1.000000 1.000000 0.000000 0.000000 0.000000 0.000000 0.000000 0.000000 0.000000 0.000000 0.000000 0.000000 0.000000 0.000000 0.000000 0.000000 0.000000 0.000000 0.000000 0.000000 0.000000 0.000000 0.000000 0.000000 0.000000 0.000000 0.000000 0.000000 0.000000 0.000000 0.000000 0.000000 0.000000 0.000000 0.000000 0.000000 0.000000 0.000000 1.000000 1.000000 1.000000 1.000000 1.000000 1.000000 1.000000 1.000000 1.000000 1.000000 1.000000 1.000000 1.000000 1.000000 1.000000 1.000000 1.000000 1.000000 1.000000 1.000000 1.000000 1.000000 1.000000 1.000000 0.000000 0.000000 0.000000 0.000000 0.000000 0.000000 0.000000 0.000000 0.000000 0.000000 0.000000 0.000000 0.000000 0.000000 0.000000 0.000000 0.000000 0.000000 0.000000 0.000000 0.000000 0.000000 0.000000 0.000000 0.000000 0.000000 0.000000 0.000000 0.000000 0.000000 0.000000 0.000000 0.000000 0.000000 0.000000 0.000000 0.000000 0.000000 0.000000 0.000000 0.000000 0.000000 0.000000 0.000000 0.000000 0.000000 0.000000 0.000000 0.000000 0.000000 0.000000 0.000000 0.000000 0.000000 0.000000 0.000000 0.000000 0.000000 0.000000 0.000000 0.000000 0.000000 0.000000 0.000000 0.000000 0.000000 0.000000 0.000000 0.000000 0.000000 0.000000 0.000000 0.000000 0.000000 0.000000 0.000000 0.000000 0.000000 0.000000 0.000000 0.000000 0.000000 0.000000 0.000000 0.000000 0.000000 0.000000 0.000000 0.000000 0.000000 0.000000 0.000000 0.000000 0.000000 0.000000 0.000000 0.000000 0.000000 0.000000 0.000000 0.000000 0.000000 
						0.000000 0.000000 0.000000 0.000000 0.000000 0.000000 0.000000 0.000000 0.000000 0.000000 0.000000 0.000000 0.000000 0.000000 0.000000 0.000000 0.000000 0.000000 0.000000 0.000000 0.000000 0.000000 0.000000 0.000000 1.000000 1.000000 1.000000 1.000000 1.000000 1.000000 1.000000 1.000000 1.000000 1.000000 1.000000 1.000000 1.000000 1.000000 1.000000 1.000000 1.000000 1.000000 1.000000 1.000000 1.000000 1.000000 1.000000 1.000000 1.000000 1.000000 1.000000 1.000000 1.000000 1.000000 1.000000 1.000000 1.000000 1.000000 1.000000 1.000000 1.000000 1.000000 1.000000 1.000000 1.000000 1.000000 1.000000 1.000000 1.000000 1.000000 1.000000 1.000000 1.000000 1.000000 1.000000 0.000000 0.000000 0.000000 0.000000 0.000000 0.000000 0.000000 0.000000 0.000000 0.000000 0.000000 0.000000 0.000000 0.000000 0.000000 0.000000 0.000000 0.000000 0.000000 0.000000 0.000000 0.000000 0.000000 0.000000 0.000000 0.000000 0.000000 0.000000 0.000000 0.000000 0.000000 0.000000 0.000000 0.000000 0.000000 0.000000 0.000000 0.000000 0.000000 1.000000 1.000000 1.000000 1.000000 1.000000 1.000000 1.000000 1.000000 1.000000 1.000000 1.000000 1.000000 1.000000 1.000000 1.000000 1.000000 1.000000 1.000000 1.000000 1.000000 1.000000 1.000000 1.000000 1.000000 1.000000 1.000000 1.000000 1.000000 1.000000 1.000000 1.000000 1.000000 1.000000 1.000000 1.000000 1.000000 0.000000 0.000000 0.000000 0.000000 0.000000 0.000000 1.000000 1.000000 1.000000 1.000000 1.000000 1.000000 1.000000 1.000000 1.000000 1.000000 1.000000 1.000000 1.000000 1.000000 1.000000 1.000000 1.000000 1.000000 1.000000 1.000000 1.000000 0.000000 0.000000 0.000000 0.000000 0.000000 0.000000 0.000000 0.000000 0.000000 0.000000 0.000000 0.000000 0.000000 0.000000 0.000000 
						0.000000 0.000000 0.000000 0.000000 0.000000 0.000000 0.000000 0.000000 0.000000 0.000000 0.000000 0.000000 0.000000 0.000000 0.000000 0.000000 0.000000 0.000000 0.000000 0.000000 0.000000 0.000000 0.000000 0.000000 1.000000 1.000000 1.000000 1.000000 1.000000 1.000000 1.000000 1.000000 1.000000 1.000000 1.000000 1.000000 0.000000 0.000000 0.000000 0.000000 0.000000 0.000000 0.000000 0.000000 0.000000 0.000000 0.000000 0.000000 0.000000 0.000000 0.000000 0.000000 0.000000 0.000000 1.000000 1.000000 1.000000 1.000000 1.000000 1.000000 1.000000 1.000000 1.000000 1.000000 1.000000 1.000000 1.000000 1.000000 1.000000 0.000000 0.000000 0.000000 0.000000 0.000000 0.000000 1.000000 1.000000 1.000000 1.000000 1.000000 1.000000 1.000000 1.000000 1.000000 1.000000 1.000000 1.000000 1.000000 1.000000 1.000000 1.000000 1.000000 1.000000 0.000000 0.000000 0.000000 0.000000 0.000000 0.000000 0.000000 0.000000 0.000000 0.000000 0.000000 0.000000 0.000000 0.000000 0.000000 0.000000 0.000000 0.000000 0.000000 0.000000 0.000000 0.000000 0.000000 0.000000 0.000000 0.000000 0.000000 0.000000 0.000000 0.000000 0.000000 0.000000 0.000000 0.000000 0.000000 0.000000 0.000000 0.000000 0.000000 0.000000 0.000000 0.000000 0.000000 0.000000 0.000000 0.000000 0.000000 0.000000 0.000000 0.000000 0.000000 0.000000 0.000000 0.000000 0.000000 0.000000 0.000000 0.000000 0.000000 0.000000 0.000000 0.000000 0.000000 0.000000 0.000000 0.000000 0.000000 0.000000 0.000000 0.000000 0.000000 0.000000 0.000000 0.000000 0.000000 0.000000 0.000000 0.000000 0.000000 0.000000 0.000000 0.000000 0.000000 0.000000 0.000000 0.000000 0.000000 0.000000 0.000000 0.000000 0.000000 0.000000 0.000000 0.000000 0.000000 0.000000 0.000000 0.000000 0.000000 
						0.000000 0.000000 0.000000 0.000000 0.000000 0.000000 0.000000 0.000000 0.000000 0.000000 0.000000 0.000000 0.000000 0.000000 0.000000 0.000000 0.000000 0.000000 0.000000 0.000000 0.000000 0.000000 0.000000 0.000000 0.000000 0.000000 0.000000 0.000000 0.000000 0.000000 0.000000 0.000000 0.000000 0.000000 0.000000 0.000000 0.000000 0.000000 0.000000 0.000000 0.000000 0.000000 1.000000 1.000000 1.000000 1.000000 1.000000 1.000000 1.000000 1.000000 1.000000 1.000000 1.000000 1.000000 1.000000 1.000000 1.000000 1.000000 1.000000 1.000000 1.000000 1.000000 1.000000 1.000000 1.000000 1.000000 0.000000 0.000000 0.000000 0.000000 0.000000 0.000000 0.000000 0.000000 0.000000 0.000000 0.000000 0.000000 0.000000 0.000000 0.000000 0.000000 0.000000 0.000000 0.000000 0.000000 0.000000 0.000000 0.000000 0.000000 0.000000 0.000000 0.000000 0.000000 0.000000 0.000000 0.000000 0.000000 0.000000 0.000000 0.000000 0.000000 0.000000 0.000000 0.000000 0.000000 0.000000 0.000000 0.000000 0.000000 0.000000 0.000000 0.000000 0.000000 0.000000 0.000000 0.000000 0.000000 0.000000 0.000000 0.000000 0.000000 0.000000 0.000000 0.000000 0.000000 1.000000 1.000000 1.000000 1.000000 1.000000 1.000000 1.000000 1.000000 1.000000 1.000000 1.000000 1.000000 1.000000 1.000000 1.000000 1.000000 1.000000 1.000000 1.000000 1.000000 1.000000 1.000000 1.000000 1.000000 1.000000 1.000000 1.000000 1.000000 1.000000 1.000000 1.000000 1.000000 1.000000 1.000000 1.000000 1.000000 1.000000 1.000000 1.000000 1.000000 1.000000 1.000000 1.000000 1.000000 1.000000 1.000000 1.000000 1.000000 0.000000 0.000000 0.000000 0.000000 0.000000 0.000000 1.000000 1.000000 1.000000 1.000000 1.000000 1.000000 1.000000 1.000000 1.000000 1.000000 1.000000 1.000000 
						1.000000 1.000000 1.000000 1.000000 1.000000 1.000000 1.000000 1.000000 1.000000 1.000000 1.000000 1.000000 1.000000 1.000000 1.000000 1.000000 1.000000 1.000000 1.000000 1.000000 1.000000 0.000000 0.000000 0.000000 0.000000 0.000000 0.000000 0.000000 0.000000 0.000000 0.000000 0.000000 0.000000 0.000000 0.000000 0.000000 0.000000 0.000000 0.000000 0.000000 0.000000 0.000000 0.000000 0.000000 0.000000 0.000000 0.000000 0.000000 0.000000 0.000000 0.000000 0.000000 0.000000 0.000000 0.000000 0.000000 0.000000 0.000000 0.000000 0.000000 0.000000 0.000000 0.000000 0.000000 0.000000 0.000000 0.000000 0.000000 0.000000 0.000000 0.000000 0.000000 0.000000 0.000000 0.000000 1.000000 1.000000 1.000000 1.000000 1.000000 1.000000 1.000000 1.000000 1.000000 0.000000 0.000000 0.000000 0.000000 0.000000 0.000000 0.000000 0.000000 0.000000 0.000000 0.000000 0.000000 1.000000 1.000000 1.000000 1.000000 1.000000 1.000000 1.000000 1.000000 1.000000 1.000000 1.000000 1.000000 1.000000 1.000000 1.000000 0.000000 0.000000 0.000000 0.000000 0.000000 0.000000 0.000000 0.000000 0.000000 0.000000 0.000000 0.000000 0.000000 0.000000 0.000000 0.000000 0.000000 0.000000 0.000000 0.000000 0.000000 0.000000 0.000000 0.000000 0.000000 0.000000 0.000000 0.000000 0.000000 0.000000 0.000000 0.000000 0.000000 0.000000 0.000000 0.000000 0.000000 0.000000 0.000000 0.000000 0.000000 0.000000 0.000000 0.000000 0.000000 0.000000 0.000000 0.000000 0.000000 0.000000 0.000000 0.000000 0.000000 0.000000 0.000000 0.000000 0.000000 0.000000 0.000000 0.000000 0.000000 0.000000 0.000000 0.000000 0.000000 0.000000 0.000000 0.000000 0.000000 1.000000 1.000000 1.000000 1.000000 1.000000 1.000000 1.000000 1.000000 1.000000 1.000000 1.000000 1.000000 
						0.000000 0.000000 0.000000 0.000000 0.000000 0.000000 0.000000 0.000000 0.000000 0.000000 0.000000 0.000000 0.000000 0.000000 0.000000 1.000000 1.000000 1.000000 1.000000 1.000000 1.000000 1.000000 1.000000 1.000000 0.000000 0.000000 0.000000 1.000000 1.000000 1.000000 1.000000 1.000000 1.000000 0.000000 0.000000 0.000000 0.000000 0.000000 0.000000 0.000000 0.000000 0.000000 0.000000 0.000000 0.000000 0.000000 0.000000 0.000000 0.000000 0.000000 0.000000 0.000000 0.000000 0.000000 0.000000 0.000000 0.000000 0.000000 0.000000 0.000000 0.000000 0.000000 0.000000 0.000000 0.000000 0.000000 0.000000 0.000000 0.000000 0.000000 0.000000 0.000000 0.000000 0.000000 0.000000 1.000000 1.000000 1.000000 1.000000 1.000000 1.000000 1.000000 1.000000 1.000000 1.000000 1.000000 1.000000 1.000000 1.000000 1.000000 1.000000 1.000000 1.000000 1.000000 1.000000 1.000000 1.000000 1.000000 1.000000 1.000000 1.000000 1.000000 0.000000 0.000000 0.000000 0.000000 0.000000 0.000000 0.000000 0.000000 0.000000 0.000000 0.000000 0.000000 0.000000 0.000000 0.000000 0.000000 0.000000 0.000000 0.000000 0.000000 0.000000 0.000000 0.000000 0.000000 0.000000 0.000000 0.000000 0.000000 0.000000 0.000000 1.000000 1.000000 1.000000 1.000000 1.000000 1.000000 1.000000 1.000000 1.000000 1.000000 1.000000 1.000000 1.000000 1.000000 1.000000 1.000000 1.000000 1.000000 1.000000 1.000000 1.000000 1.000000 1.000000 1.000000 1.000000 1.000000 1.000000 1.000000 1.000000 1.000000 1.000000 1.000000 1.000000 1.000000 1.000000 1.000000 1.000000 1.000000 1.000000 0.000000 0.000000 0.000000 0.000000 0.000000 0.000000 0.000000 0.000000 0.000000 0.000000 0.000000 0.000000 0.000000 0.000000 0.000000 1.000000 1.000000 1.000000 0.000000 0.000000 0.000000 
						0.000000 0.000000 0.000000 0.000000 0.000000 0.000000 0.000000 0.000000 0.000000 0.000000 0.000000 0.000000 0.000000 0.000000 0.000000 0.000000 0.000000 0.000000 0.000000 0.000000 0.000000 0.000000 0.000000 0.000000 0.000000 0.000000 0.000000 0.000000 0.000000 0.000000 0.000000 0.000000 0.000000 1.000000 1.000000 1.000000 1.000000 1.000000 1.000000 0.000000 0.000000 0.000000 0.000000 0.000000 0.000000 1.000000 1.000000 1.000000 1.000000 1.000000 1.000000 1.000000 1.000000 1.000000 1.000000 1.000000 1.000000 1.000000 1.000000 1.000000 1.000000 1.000000 1.000000 1.000000 1.000000 1.000000 1.000000 1.000000 1.000000 1.000000 1.000000 1.000000 1.000000 1.000000 1.000000 0.000000 0.000000 0.000000 0.000000 0.000000 0.000000 0.000000 0.000000 0.000000 0.000000 0.000000 0.000000 0.000000 0.000000 0.000000 0.000000 0.000000 0.000000 0.000000 0.000000 0.000000 0.000000 0.000000 0.000000 0.000000 0.000000 0.000000 0.000000 0.000000 0.000000 0.000000 0.000000 0.000000 0.000000 0.000000 0.000000 0.000000 0.000000 0.000000 0.000000 0.000000 0.000000 1.000000 1.000000 1.000000 1.000000 1.000000 1.000000 1.000000 1.000000 1.000000 0.000000 0.000000 0.000000 0.000000 0.000000 0.000000 0.000000 0.000000 0.000000 0.000000 0.000000 0.000000 0.000000 0.000000 0.000000 0.000000 0.000000 0.000000 0.000000 0.000000 0.000000 0.000000 0.000000 0.000000 0.000000 0.000000 0.000000 0.000000 0.000000 0.000000 0.000000 0.000000 0.000000 0.000000 0.000000 0.000000 1.000000 1.000000 1.000000 1.000000 1.000000 1.000000 1.000000 1.000000 1.000000 1.000000 1.000000 1.000000 1.000000 1.000000 1.000000 1.000000 1.000000 1.000000 1.000000 1.000000 1.000000 1.000000 1.000000 1.000000 1.000000 1.000000 1.000000 1.000000 1.000000 1.000000 
						1.000000 1.000000 1.000000 1.000000 1.000000 1.000000 1.000000 1.000000 1.000000 0.000000 0.000000 0.000000 0.000000 0.000000 0.000000 0.000000 0.000000 0.000000 0.000000 0.000000 0.000000 0.000000 0.000000 0.000000 0.000000 0.000000 0.000000 0.000000 0.000000 0.000000 0.000000 0.000000 0.000000 0.000000 0.000000 0.000000 0.000000 0.000000 0.000000 0.000000 0.000000 0.000000 1.000000 1.000000 1.000000 1.000000 1.000000 1.000000 1.000000 1.000000 1.000000 1.000000 1.000000 1.000000 1.000000 1.000000 1.000000 1.000000 1.000000 1.000000 1.000000 1.000000 1.000000 1.000000 1.000000 1.000000 0.000000 0.000000 0.000000 0.000000 0.000000 0.000000 0.000000 0.000000 0.000000 0.000000 0.000000 0.000000 0.000000 0.000000 0.000000 0.000000 0.000000 0.000000 1.000000 1.000000 1.000000 1.000000 1.000000 1.000000 1.000000 1.000000 1.000000 1.000000 1.000000 1.000000 1.000000 1.000000 1.000000 1.000000 1.000000 1.000000 1.000000 1.000000 1.000000 1.000000 1.000000 1.000000 1.000000 1.000000 1.000000 1.000000 1.000000 1.000000 1.000000 1.000000 1.000000 1.000000 1.000000 1.000000 1.000000 1.000000 1.000000 1.000000 1.000000 1.000000 1.000000 1.000000 1.000000 1.000000 1.000000 1.000000 1.000000 1.000000 1.000000 0.000000 0.000000 0.000000 0.000000 0.000000 0.000000 0.000000 0.000000 0.000000 0.000000 0.000000 0.000000 0.000000 0.000000 0.000000 0.000000 0.000000 0.000000 0.000000 0.000000 0.000000 0.000000 0.000000 0.000000 1.000000 1.000000 1.000000 0.000000 0.000000 0.000000 0.000000 0.000000 0.000000 0.000000 0.000000 0.000000 0.000000 0.000000 0.000000 0.000000 0.000000 0.000000 0.000000 0.000000 0.000000 0.000000 0.000000 0.000000 0.000000 0.000000 0.000000 0.000000 0.000000 0.000000 0.000000 0.000000 0.000000 
						0.000000 0.000000 0.000000 0.000000 0.000000 0.000000 0.000000 0.000000 0.000000 0.000000 0.000000 0.000000 0.000000 0.000000 0.000000 0.000000 0.000000 0.000000 0.000000 0.000000 0.000000 0.000000 0.000000 0.000000 0.000000 0.000000 0.000000 0.000000 0.000000 0.000000 0.000000 0.000000 0.000000 0.000000 0.000000 0.000000 0.000000 0.000000 0.000000 0.000000 0.000000 0.000000 0.000000 0.000000 0.000000 0.000000 0.000000 0.000000 0.000000 0.000000 0.000000 1.000000 1.000000 1.000000 1.000000 1.000000 1.000000 1.000000 1.000000 1.000000 1.000000 1.000000 1.000000 1.000000 1.000000 1.000000 1.000000 1.000000 1.000000 1.000000 1.000000 1.000000 1.000000 1.000000 1.000000 1.000000 1.000000 1.000000 1.000000 1.000000 1.000000 1.000000 1.000000 1.000000 0.000000 0.000000 0.000000 0.000000 0.000000 0.000000 0.000000 0.000000 0.000000 0.000000 0.000000 0.000000 0.000000 0.000000 0.000000 0.000000 0.000000 0.000000 0.000000 0.000000 0.000000 0.000000 0.000000 0.000000 1.000000 1.000000 1.000000 1.000000 1.000000 1.000000 1.000000 1.000000 1.000000 0.000000 0.000000 0.000000 0.000000 0.000000 0.000000 0.000000 0.000000 0.000000 0.000000 0.000000 0.000000 0.000000 0.000000 0.000000 0.000000 0.000000 0.000000 0.000000 0.000000 0.000000 0.000000 0.000000 0.000000 0.000000 0.000000 0.000000 0.000000 0.000000 0.000000 0.000000 0.000000 0.000000 0.000000 0.000000 0.000000 0.000000 0.000000 0.000000 0.000000 0.000000 0.000000 0.000000 0.000000 0.000000 0.000000 0.000000 0.000000 0.000000 0.000000 0.000000 0.000000 0.000000 0.000000 0.000000 0.000000 0.000000 0.000000 0.000000 0.000000 0.000000 0.000000 0.000000 0.000000 0.000000 0.000000 0.000000 0.000000 0.000000 0.000000 0.000000 0.000000 0.000000 0.000000 0.000000 
						0.000000 0.000000 0.000000 0.000000 0.000000 0.000000 0.000000 0.000000 0.000000 1.000000 1.000000 1.000000 1.000000 1.000000 1.000000 1.000000 1.000000 1.000000 1.000000 1.000000 1.000000 1.000000 1.000000 1.000000 1.000000 1.000000 1.000000 1.000000 1.000000 1.000000 1.000000 1.000000 1.000000 1.000000 1.000000 1.000000 1.000000 1.000000 1.000000 0.000000 0.000000 0.000000 0.000000 0.000000 0.000000 0.000000 0.000000 0.000000 0.000000 0.000000 0.000000 0.000000 0.000000 0.000000 0.000000 0.000000 0.000000 0.000000 0.000000 0.000000 1.000000 1.000000 1.000000 1.000000 1.000000 1.000000 1.000000 1.000000 1.000000 1.000000 1.000000 1.000000 1.000000 1.000000 1.000000 1.000000 1.000000 1.000000 0.000000 0.000000 0.000000 0.000000 0.000000 0.000000 0.000000 0.000000 0.000000 0.000000 0.000000 0.000000 0.000000 0.000000 0.000000 0.000000 0.000000 0.000000 0.000000 0.000000 0.000000 0.000000 0.000000 0.000000 0.000000 0.000000 0.000000 0.000000 0.000000 0.000000 0.000000 0.000000 0.000000 0.000000 0.000000 0.000000 0.000000 0.000000 0.000000 0.000000 0.000000 0.000000 0.000000 0.000000 0.000000 0.000000 0.000000 0.000000 0.000000 0.000000 0.000000 0.000000 0.000000 0.000000 0.000000 0.000000 0.000000 0.000000 0.000000 0.000000 0.000000 0.000000 0.000000 0.000000 0.000000 0.000000 0.000000 0.000000 0.000000 0.000000 0.000000 0.000000 0.000000 0.000000 0.000000 0.000000 0.000000 0.000000 0.000000 0.000000 0.000000 0.000000 0.000000 0.000000 0.000000 0.000000 0.000000 0.000000 0.000000 0.000000 0.000000 0.000000 0.000000 0.000000 0.000000 0.000000 0.000000 0.000000 0.000000 0.000000 0.000000 0.000000 0.000000 0.000000 0.000000 0.000000 0.000000 0.000000 1.000000 1.000000 1.000000 1.000000 1.000000 1.000000 
						1.000000 1.000000 1.000000 1.000000 1.000000 1.000000 1.000000 1.000000 1.000000 1.000000 1.000000 1.000000 1.000000 1.000000 1.000000 1.000000 1.000000 1.000000 1.000000 1.000000 1.000000 0.000000 0.000000 0.000000 0.000000 0.000000 0.000000 0.000000 0.000000 0.000000 0.000000 0.000000 0.000000 0.000000 0.000000 0.000000 0.000000 0.000000 0.000000 0.000000 0.000000 0.000000 0.000000 0.000000 0.000000 0.000000 0.000000 0.000000 0.000000 0.000000 0.000000 0.000000 0.000000 0.000000 0.000000 0.000000 0.000000 0.000000 0.000000 0.000000 0.000000 0.000000 0.000000 0.000000 0.000000 0.000000 0.000000 0.000000 0.000000 0.000000 0.000000 0.000000 0.000000 0.000000 0.000000 0.000000 0.000000 0.000000 0.000000 0.000000 0.000000 0.000000 0.000000 0.000000 1.000000 1.000000 1.000000 1.000000 1.000000 1.000000 1.000000 1.000000 1.000000 1.000000 1.000000 1.000000 1.000000 1.000000 1.000000 1.000000 1.000000 1.000000 1.000000 1.000000 1.000000 1.000000 1.000000 1.000000 1.000000 1.000000 1.000000 1.000000 1.000000 1.000000 1.000000 1.000000 1.000000 1.000000 1.000000 1.000000 1.000000 1.000000 1.000000 1.000000 1.000000 1.000000 0.000000 0.000000 0.000000 0.000000 0.000000 0.000000 0.000000 0.000000 0.000000 0.000000 0.000000 0.000000 0.000000 0.000000 0.000000 0.000000 0.000000 0.000000 0.000000 0.000000 0.000000 0.000000 0.000000 0.000000 0.000000 0.000000 0.000000 0.000000 0.000000 0.000000 0.000000 0.000000 0.000000 1.000000 1.000000 1.000000 1.000000 1.000000 1.000000 1.000000 1.000000 1.000000 1.000000 1.000000 1.000000 1.000000 1.000000 1.000000 1.000000 1.000000 1.000000 1.000000 1.000000 1.000000 1.000000 1.000000 1.000000 1.000000 1.000000 1.000000 1.000000 1.000000 1.000000 1.000000 1.000000 1.000000 
						1.000000 1.000000 1.000000 1.000000 1.000000 1.000000 1.000000 1.000000 1.000000 1.000000 1.000000 1.000000 0.000000 0.000000 0.000000 0.000000 0.000000 0.000000 0.000000 0.000000 0.000000 0.000000 0.000000 0.000000 0.000000 0.000000 0.000000 0.000000 0.000000 0.000000 0.000000 0.000000 0.000000 0.000000 0.000000 0.000000 0.000000 0.000000 0.000000 0.000000 0.000000 0.000000 0.000000 0.000000 0.000000 0.000000 0.000000 0.000000 0.000000 0.000000 0.000000 1.000000 1.000000 1.000000 1.000000 1.000000 1.000000 1.000000 1.000000 1.000000 1.000000 1.000000 1.000000 1.000000 1.000000 1.000000 1.000000 1.000000 1.000000 1.000000 1.000000 1.000000 1.000000 1.000000 1.000000 1.000000 1.000000 1.000000 0.000000 0.000000 0.000000 0.000000 0.000000 0.000000 0.000000 0.000000 0.000000 0.000000 0.000000 0.000000 0.000000 0.000000 0.000000 0.000000 0.000000 0.000000 0.000000 0.000000 0.000000 0.000000 0.000000 0.000000 0.000000 0.000000 0.000000 0.000000 0.000000 0.000000 1.000000 1.000000 1.000000 1.000000 1.000000 1.000000 0.000000 0.000000 0.000000 0.000000 0.000000 0.000000 0.000000 0.000000 0.000000 0.000000 0.000000 0.000000 0.000000 0.000000 0.000000 0.000000 0.000000 0.000000 0.000000 0.000000 0.000000 0.000000 0.000000 0.000000 0.000000 0.000000 0.000000 0.000000 0.000000 0.000000 0.000000 0.000000 0.000000 0.000000 0.000000 0.000000 0.000000 0.000000 0.000000 0.000000 0.000000 0.000000 0.000000 0.000000 0.000000 0.000000 0.000000 0.000000 0.000000 0.000000 0.000000 0.000000 0.000000 0.000000 0.000000 0.000000 0.000000 0.000000 0.000000 0.000000 0.000000 0.000000 0.000000 0.000000 0.000000 0.000000 0.000000 0.000000 0.000000 0.000000 0.000000 0.000000 0.000000 0.000000 0.000000 0.000000 0.000000 0.000000 
						0.000000 0.000000 0.000000 0.000000 0.000000 0.000000 0.000000 0.000000 0.000000 0.000000 0.000000 0.000000 0.000000 0.000000 0.000000 0.000000 0.000000 0.000000 0.000000 0.000000 0.000000 0.000000 0.000000 0.000000 0.000000 0.000000 0.000000 0.000000 0.000000 0.000000 0.000000 0.000000 0.000000 0.000000 0.000000 0.000000 0.000000 0.000000 0.000000 0.000000 0.000000 0.000000 0.000000 0.000000 0.000000 0.000000 0.000000 0.000000 0.000000 0.000000 0.000000 0.000000 0.000000 0.000000 0.000000 0.000000 0.000000 0.000000 0.000000 0.000000 0.000000 0.000000 0.000000 0.000000 0.000000 0.000000 0.000000 0.000000 0.000000 0.000000 0.000000 0.000000 0.000000 0.000000 0.000000 0.000000 0.000000 0.000000 0.000000 0.000000 0.000000 0.000000 0.000000 0.000000 0.000000 0.000000 0.000000 1.000000 1.000000 1.000000 1.000000 1.000000 1.000000 1.000000 1.000000 1.000000 1.000000 1.000000 1.000000 1.000000 1.000000 1.000000 1.000000 1.000000 1.000000 1.000000 1.000000 1.000000 1.000000 1.000000 1.000000 1.000000 1.000000 1.000000 1.000000 1.000000 1.000000 1.000000 1.000000 1.000000 1.000000 1.000000 1.000000 0.000000 0.000000 0.000000 0.000000 0.000000 0.000000 0.000000 0.000000 0.000000 0.000000 0.000000 0.000000 0.000000 0.000000 0.000000 0.000000 0.000000 0.000000 0.000000 0.000000 0.000000 0.000000 0.000000 0.000000 0.000000 0.000000 0.000000 0.000000 0.000000 0.000000 0.000000 0.000000 0.000000 0.000000 0.000000 0.000000 0.000000 0.000000 0.000000 0.000000 0.000000 0.000000 0.000000 0.000000 0.000000 0.000000 0.000000 0.000000 0.000000 0.000000 0.000000 0.000000 0.000000 0.000000 0.000000 0.000000 0.000000 0.000000 0.000000 0.000000 0.000000 0.000000 0.000000 0.000000 0.000000 0.000000 0.000000 0.000000 0.000000 
						1.000000 1.000000 1.000000 1.000000 1.000000 1.000000 1.000000 1.000000 1.000000 1.000000 1.000000 1.000000 1.000000 1.000000 1.000000 1.000000 1.000000 1.000000 1.000000 1.000000 1.000000 1.000000 1.000000 1.000000 1.000000 1.000000 1.000000 1.000000 1.000000 1.000000 1.000000 1.000000 1.000000 1.000000 1.000000 1.000000 1.000000 1.000000 1.000000 1.000000 1.000000 1.000000 1.000000 1.000000 1.000000 1.000000 1.000000 1.000000 1.000000 1.000000 1.000000 1.000000 1.000000 1.000000 0.000000 0.000000 0.000000 0.000000 0.000000 0.000000 1.000000 1.000000 1.000000 0.000000 0.000000 0.000000 0.000000 0.000000 0.000000 0.000000 0.000000 0.000000 1.000000 1.000000 1.000000 1.000000 1.000000 1.000000 1.000000 1.000000 1.000000 0.000000 0.000000 0.000000 0.000000 0.000000 0.000000 0.000000 0.000000 0.000000 0.000000 0.000000 0.000000 0.000000 0.000000 0.000000 0.000000 0.000000 0.000000 0.000000 0.000000 0.000000 0.000000 0.000000 0.000000 0.000000 0.000000 0.000000 0.000000 0.000000 0.000000 0.000000 0.000000 0.000000 0.000000 0.000000 0.000000 0.000000 0.000000 0.000000 0.000000 0.000000 0.000000 0.000000 0.000000 0.000000 0.000000 0.000000 0.000000 0.000000 0.000000 0.000000 0.000000 0.000000 0.000000 0.000000 0.000000 0.000000 1.000000 1.000000 1.000000 1.000000 1.000000 1.000000 1.000000 1.000000 1.000000 1.000000 1.000000 1.000000 1.000000 1.000000 1.000000 1.000000 1.000000 1.000000 1.000000 1.000000 1.000000 1.000000 1.000000 1.000000 1.000000 1.000000 1.000000 0.000000 0.000000 0.000000 0.000000 0.000000 0.000000 0.000000 0.000000 0.000000 0.000000 0.000000 0.000000 1.000000 1.000000 1.000000 0.000000 0.000000 0.000000 0.000000 0.000000 0.000000 0.000000 0.000000 0.000000 0.000000 0.000000 0.000000 
						0.000000 0.000000 0.000000 0.000000 0.000000 0.000000 0.000000 0.000000 0.000000 0.000000 0.000000 0.000000 0.000000 0.000000 0.000000 0.000000 0.000000 0.000000 0.000000 0.000000 0.000000 0.000000 0.000000 0.000000 0.000000 0.000000 0.000000 0.000000 0.000000 0.000000 0.000000 0.000000 0.000000 0.000000 0.000000 0.000000 0.000000 0.000000 0.000000 0.000000 0.000000 0.000000 0.000000 0.000000 0.000000 0.000000 0.000000 0.000000 0.000000 0.000000 0.000000 0.000000 0.000000 0.000000 0.000000 0.000000 0.000000 0.000000 0.000000 0.000000 0.000000 0.000000 0.000000 0.000000 0.000000 0.000000 0.000000 0.000000 0.000000 0.000000 0.000000 0.000000 0.000000 0.000000 0.000000 0.000000 0.000000 0.000000 0.000000 0.000000 0.000000 0.000000 0.000000 0.000000 0.000000 0.000000 0.000000 0.000000 0.000000 0.000000 0.000000 0.000000 0.000000 0.000000 0.000000 0.000000 1.000000 1.000000 1.000000 1.000000 1.000000 1.000000 1.000000 1.000000 1.000000 1.000000 1.000000 1.000000 1.000000 1.000000 1.000000 1.000000 1.000000 1.000000 0.000000 0.000000 0.000000 0.000000 0.000000 0.000000 0.000000 0.000000 0.000000 0.000000 0.000000 0.000000 0.000000 0.000000 0.000000 0.000000 0.000000 0.000000 0.000000 0.000000 0.000000 0.000000 0.000000 0.000000 0.000000 0.000000 0.000000 0.000000 0.000000 0.000000 0.000000 0.000000 0.000000 0.000000 0.000000 0.000000 0.000000 0.000000 0.000000 0.000000 0.000000 0.000000 0.000000 0.000000 0.000000 0.000000 0.000000 0.000000 0.000000 0.000000 0.000000 0.000000 0.000000 0.000000 0.000000 0.000000 0.000000 0.000000 0.000000 0.000000 0.000000 0.000000 0.000000 0.000000 0.000000 0.000000 0.000000 0.000000 0.000000 0.000000 0.000000 0.000000 0.000000 0.000000 0.000000 0.000000 0.000000 0.000000 
						0.000000 0.000000 0.000000 0.000000 0.000000 0.000000 0.000000 0.000000 0.000000 0.000000 0.000000 0.000000 0.000000 0.000000 0.000000 0.000000 0.000000 0.000000 0.000000 0.000000 0.000000 0.000000 0.000000 0.000000 0.000000 0.000000 0.000000 0.000000 0.000000 0.000000 0.000000 0.000000 0.000000 0.000000 0.000000 0.000000 1.000000 1.000000 1.000000 1.000000 1.000000 1.000000 1.000000 1.000000 1.000000 1.000000 1.000000 1.000000 1.000000 1.000000 1.000000 1.000000 1.000000 1.000000 1.000000 1.000000 1.000000 1.000000 1.000000 1.000000 0.000000 0.000000 0.000000 1.000000 1.000000 1.000000 1.000000 1.000000 1.000000 1.000000 1.000000 1.000000 1.000000 1.000000 1.000000 1.000000 1.000000 1.000000 1.000000 1.000000 1.000000 1.000000 1.000000 1.000000 1.000000 1.000000 1.000000 1.000000 1.000000 1.000000 1.000000 1.000000 1.000000 0.000000 0.000000 0.000000 1.000000 1.000000 1.000000 0.000000 0.000000 0.000000 0.000000 0.000000 0.000000 0.000000 0.000000 0.000000 0.000000 0.000000 0.000000 1.000000 1.000000 1.000000 1.000000 1.000000 1.000000 1.000000 1.000000 1.000000 1.000000 1.000000 1.000000 1.000000 1.000000 1.000000 1.000000 1.000000 1.000000 1.000000 1.000000 1.000000 1.000000 1.000000 1.000000 1.000000 1.000000 1.000000 1.000000 1.000000 1.000000 1.000000 1.000000 1.000000 1.000000 1.000000 1.000000 0.000000 0.000000 0.000000 0.000000 0.000000 0.000000 0.000000 0.000000 0.000000 0.000000 0.000000 0.000000 0.000000 0.000000 0.000000 0.000000 0.000000 0.000000 1.000000 1.000000 1.000000 1.000000 1.000000 1.000000 1.000000 1.000000 1.000000 1.000000 1.000000 1.000000 1.000000 1.000000 1.000000 1.000000 1.000000 1.000000 1.000000 1.000000 1.000000 1.000000 1.000000 1.000000 0.000000 0.000000 0.000000 
						0.000000 0.000000 0.000000 0.000000 0.000000 0.000000 0.000000 0.000000 0.000000 0.000000 0.000000 0.000000 0.000000 0.000000 0.000000 0.000000 0.000000 0.000000 0.000000 0.000000 0.000000 0.000000 0.000000 0.000000 0.000000 0.000000 0.000000 0.000000 0.000000 0.000000 0.000000 0.000000 0.000000 0.000000 0.000000 0.000000 0.000000 0.000000 0.000000 0.000000 0.000000 0.000000 0.000000 0.000000 0.000000 0.000000 0.000000 0.000000 0.000000 0.000000 0.000000 0.000000 0.000000 0.000000 0.000000 0.000000 0.000000 0.000000 0.000000 0.000000 0.000000 0.000000 0.000000 0.000000 0.000000 0.000000 0.000000 0.000000 0.000000 0.000000 0.000000 0.000000 0.000000 0.000000 0.000000 0.000000 0.000000 0.000000 0.000000 0.000000 0.000000 0.000000 0.000000 0.000000 0.000000 0.000000 0.000000 0.000000 0.000000 0.000000 0.000000 0.000000 0.000000 0.000000 0.000000 0.000000 0.000000 0.000000 0.000000 0.000000 0.000000 0.000000 0.000000 0.000000 0.000000 0.000000 0.000000 0.000000 0.000000 0.000000 0.000000 0.000000 0.000000 0.000000 0.000000 0.000000 0.000000 0.000000 0.000000 0.000000 0.000000 0.000000 0.000000 0.000000 0.000000 0.000000 0.000000 0.000000 0.000000 0.000000 0.000000 0.000000 0.000000 0.000000 0.000000 0.000000 0.000000 0.000000 0.000000 0.000000 0.000000 0.000000 0.000000 0.000000 0.000000 0.000000 0.000000 0.000000 0.000000 0.000000 0.000000 0.000000 0.000000 0.000000 0.000000 0.000000 0.000000 0.000000 0.000000 1.000000 1.000000 1.000000 1.000000 1.000000 1.000000 1.000000 1.000000 1.000000 1.000000 1.000000 1.000000 1.000000 1.000000 1.000000 0.000000 0.000000 0.000000 0.000000 0.000000 0.000000 0.000000 0.000000 0.000000 0.000000 0.000000 0.000000 0.000000 0.000000 0.000000 0.000000 0.000000 0.000000 
						0.000000 0.000000 0.000000 0.000000 0.000000 0.000000 0.000000 0.000000 0.000000 0.000000 0.000000 0.000000 0.000000 0.000000 0.000000 0.000000 0.000000 0.000000 0.000000 0.000000 0.000000 0.000000 0.000000 0.000000 0.000000 0.000000 0.000000 0.000000 0.000000 0.000000 0.000000 0.000000 0.000000 0.000000 0.000000 0.000000 0.000000 0.000000 0.000000 0.000000 0.000000 0.000000 0.000000 0.000000 0.000000 0.000000 0.000000 0.000000 0.000000 0.000000 0.000000 0.000000 0.000000 0.000000 0.000000 0.000000 0.000000 0.000000 0.000000 0.000000 0.000000 0.000000 0.000000 0.000000 0.000000 0.000000 0.000000 0.000000 0.000000 0.000000 0.000000 0.000000 1.000000 1.000000 1.000000 1.000000 1.000000 1.000000 1.000000 1.000000 1.000000 1.000000 1.000000 1.000000 1.000000 1.000000 1.000000 1.000000 1.000000 1.000000 1.000000 1.000000 1.000000 1.000000 1.000000 1.000000 1.000000 1.000000 1.000000 0.000000 0.000000 0.000000 1.000000 1.000000 1.000000 1.000000 1.000000 1.000000 1.000000 1.000000 1.000000 1.000000 1.000000 1.000000 1.000000 1.000000 1.000000 1.000000 1.000000 1.000000 1.000000 1.000000 1.000000 1.000000 1.000000 1.000000 1.000000 1.000000 1.000000 1.000000 1.000000 1.000000 1.000000 1.000000 1.000000 1.000000 1.000000 1.000000 1.000000 1.000000 1.000000 1.000000 1.000000 1.000000 1.000000 1.000000 1.000000 1.000000 1.000000 1.000000 0.000000 0.000000 0.000000 0.000000 0.000000 0.000000 0.000000 0.000000 0.000000 0.000000 0.000000 0.000000 0.000000 0.000000 0.000000 0.000000 0.000000 0.000000 0.000000 0.000000 0.000000 1.000000 1.000000 1.000000 1.000000 1.000000 1.000000 1.000000 1.000000 1.000000 1.000000 1.000000 1.000000 1.000000 1.000000 1.000000 0.000000 0.000000 0.000000 0.000000 0.000000 0.000000 
						0.000000 0.000000 0.000000 0.000000 0.000000 0.000000 0.000000 0.000000 0.000000 0.000000 0.000000 0.000000 0.000000 0.000000 0.000000 0.000000 0.000000 0.000000 0.000000 0.000000 0.000000 0.000000 0.000000 0.000000 0.000000 0.000000 0.000000 0.000000 0.000000 0.000000 0.000000 0.000000 0.000000 0.000000 0.000000 0.000000 0.000000 0.000000 0.000000 0.000000 0.000000 0.000000 0.000000 0.000000 0.000000 0.000000 0.000000 0.000000 0.000000 0.000000 0.000000 1.000000 1.000000 1.000000 1.000000 1.000000 1.000000 1.000000 1.000000 1.000000 1.000000 1.000000 1.000000 1.000000 1.000000 1.000000 1.000000 1.000000 1.000000 1.000000 1.000000 1.000000 1.000000 1.000000 1.000000 1.000000 1.000000 1.000000 1.000000 1.000000 1.000000 0.000000 0.000000 0.000000 0.000000 0.000000 0.000000 0.000000 0.000000 0.000000 0.000000 0.000000 0.000000 0.000000 0.000000 0.000000 0.000000 0.000000 0.000000 0.000000 0.000000 0.000000 0.000000 0.000000 0.000000 0.000000 0.000000 0.000000 0.000000 0.000000 0.000000 0.000000 0.000000 0.000000 0.000000 0.000000 0.000000 0.000000 0.000000 0.000000 0.000000 0.000000 0.000000 0.000000 0.000000 0.000000 0.000000 0.000000 0.000000 0.000000 0.000000 0.000000 0.000000 0.000000 0.000000 0.000000 0.000000 0.000000 0.000000 0.000000 0.000000 0.000000 0.000000 0.000000 0.000000 0.000000 0.000000 0.000000 0.000000 0.000000 0.000000 0.000000 0.000000 0.000000 0.000000 0.000000 0.000000 0.000000 0.000000 0.000000 0.000000 0.000000 0.000000 0.000000 0.000000 0.000000 0.000000 0.000000 0.000000 0.000000 0.000000 0.000000 0.000000 0.000000 0.000000 0.000000 0.000000 0.000000 0.000000 0.000000 0.000000 0.000000 0.000000 0.000000 0.000000 0.000000 0.000000 0.000000 0.000000 0.000000 0.000000 0.000000 
						0.000000 0.000000 0.000000 1.000000 1.000000 1.000000 1.000000 1.000000 1.000000 1.000000 1.000000 1.000000 1.000000 1.000000 1.000000 1.000000 1.000000 1.000000 1.000000 1.000000 1.000000 1.000000 1.000000 1.000000 1.000000 1.000000 1.000000 1.000000 1.000000 1.000000 1.000000 1.000000 1.000000 1.000000 1.000000 1.000000 1.000000 1.000000 1.000000 1.000000 1.000000 1.000000 1.000000 1.000000 1.000000 1.000000 1.000000 1.000000 1.000000 1.000000 1.000000 1.000000 1.000000 1.000000 1.000000 1.000000 1.000000 1.000000 1.000000 1.000000 1.000000 1.000000 1.000000 1.000000 1.000000 1.000000 1.000000 1.000000 1.000000 1.000000 1.000000 1.000000 1.000000 1.000000 1.000000 1.000000 1.000000 1.000000 1.000000 1.000000 1.000000 1.000000 1.000000 1.000000 1.000000 1.000000 1.000000 1.000000 1.000000 1.000000 1.000000 1.000000 1.000000 1.000000 1.000000 1.000000 1.000000 1.000000 1.000000 1.000000 1.000000 1.000000 0.000000 0.000000 0.000000 0.000000 0.000000 0.000000 0.000000 0.000000 0.000000 0.000000 0.000000 0.000000 0.000000 0.000000 0.000000 0.000000 0.000000 0.000000 0.000000 0.000000 0.000000 0.000000 0.000000 0.000000 0.000000 0.000000 0.000000 0.000000 0.000000 0.000000 0.000000 0.000000 0.000000 0.000000 0.000000 0.000000 0.000000 0.000000 0.000000 0.000000 0.000000 0.000000 0.000000 0.000000 0.000000 0.000000 0.000000 0.000000 0.000000 0.000000 0.000000 0.000000 0.000000 0.000000 0.000000 0.000000 0.000000 0.000000 0.000000 0.000000 1.000000 1.000000 1.000000 1.000000 1.000000 1.000000 1.000000 1.000000 1.000000 1.000000 1.000000 1.000000 1.000000 1.000000 1.000000 1.000000 1.000000 1.000000 1.000000 1.000000 1.000000 1.000000 1.000000 1.000000 1.000000 1.000000 1.000000 1.000000 1.000000 1.000000 
						1.000000 1.000000 1.000000 1.000000 1.000000 1.000000 1.000000 1.000000 1.000000 1.000000 1.000000 1.000000 1.000000 1.000000 1.000000 1.000000 1.000000 1.000000 1.000000 1.000000 1.000000 1.000000 1.000000 1.000000 1.000000 1.000000 1.000000 1.000000 1.000000 1.000000 1.000000 1.000000 1.000000 1.000000 1.000000 1.000000 1.000000 1.000000 1.000000 1.000000 1.000000 1.000000 1.000000 1.000000 1.000000 1.000000 1.000000 1.000000 1.000000 1.000000 1.000000 1.000000 1.000000 1.000000 1.000000 1.000000 1.000000 1.000000 1.000000 1.000000 1.000000 1.000000 1.000000 1.000000 1.000000 1.000000 1.000000 1.000000 1.000000 1.000000 1.000000 1.000000 1.000000 1.000000 1.000000 1.000000 1.000000 1.000000 1.000000 1.000000 1.000000 0.000000 0.000000 0.000000 0.000000 0.000000 0.000000 0.000000 0.000000 0.000000 0.000000 0.000000 0.000000 0.000000 0.000000 0.000000 0.000000 0.000000 0.000000 0.000000 0.000000 0.000000 0.000000 0.000000 0.000000 0.000000 0.000000 0.000000 0.000000 0.000000 0.000000 0.000000 0.000000 0.000000 1.000000 1.000000 1.000000 1.000000 1.000000 1.000000 1.000000 1.000000 1.000000 1.000000 1.000000 1.000000 1.000000 1.000000 1.000000 1.000000 1.000000 1.000000 1.000000 1.000000 1.000000 1.000000 1.000000 1.000000 1.000000 1.000000 1.000000 1.000000 1.000000 1.000000 1.000000 1.000000 1.000000 1.000000 1.000000 1.000000 1.000000 1.000000 1.000000 1.000000 1.000000 1.000000 1.000000 1.000000 1.000000 1.000000 1.000000 1.000000 1.000000 1.000000 1.000000 1.000000 1.000000 1.000000 0.000000 0.000000 0.000000 0.000000 0.000000 0.000000 0.000000 0.000000 0.000000 0.000000 0.000000 0.000000 0.000000 0.000000 0.000000 0.000000 0.000000 0.000000 0.000000 0.000000 0.000000 0.000000 0.000000 0.000000 
						0.000000 0.000000 0.000000 0.000000 0.000000 0.000000 0.000000 0.000000 0.000000 0.000000 0.000000 0.000000 0.000000 0.000000 0.000000 0.000000 0.000000 0.000000 0.000000 0.000000 0.000000 0.000000 0.000000 0.000000 0.000000 0.000000 0.000000 0.000000 0.000000 0.000000 0.000000 0.000000 0.000000 0.000000 0.000000 0.000000 0.000000 0.000000 0.000000 0.000000 0.000000 0.000000 0.000000 0.000000 0.000000 0.000000 0.000000 0.000000 0.000000 0.000000 0.000000 0.000000 0.000000 0.000000 0.000000 0.000000 0.000000 0.000000 0.000000 0.000000 0.000000 0.000000 0.000000 0.000000 0.000000 0.000000 0.000000 0.000000 0.000000 0.000000 0.000000 0.000000 0.000000 0.000000 0.000000 0.000000 0.000000 0.000000 0.000000 0.000000 0.000000 0.000000 0.000000 0.000000 0.000000 0.000000 0.000000 0.000000 0.000000 0.000000 0.000000 0.000000 0.000000 0.000000 0.000000 0.000000 0.000000 0.000000 0.000000 0.000000 0.000000 0.000000 0.000000 0.000000 0.000000 0.000000 0.000000 0.000000 0.000000 0.000000 0.000000 0.000000 0.000000 0.000000 0.000000 0.000000 0.000000 0.000000 0.000000 0.000000 0.000000 0.000000 0.000000 0.000000 0.000000 0.000000 0.000000 0.000000 0.000000 0.000000 0.000000 0.000000 0.000000 0.000000 0.000000 0.000000 0.000000 0.000000 0.000000 0.000000 0.000000 0.000000 0.000000 0.000000 0.000000 0.000000 0.000000 0.000000 0.000000 0.000000 0.000000 0.000000 0.000000 0.000000 0.000000 0.000000 0.000000 0.000000 0.000000 0.000000 0.000000 0.000000 0.000000 0.000000 0.000000 0.000000 0.000000 0.000000 0.000000 0.000000 0.000000 0.000000 0.000000 0.000000 0.000000 0.000000 0.000000 0.000000 0.000000 0.000000 0.000000 0.000000 0.000000 0.000000 0.000000 0.000000 0.000000 0.000000 0.000000 0.000000 0.000000 0.000000 
						0.000000 0.000000 0.000000 0.000000 0.000000 0.000000 0.000000 0.000000 0.000000 0.000000 0.000000 0.000000 0.000000 0.000000 0.000000 0.000000 0.000000 0.000000 0.000000 0.000000 0.000000 0.000000 0.000000 0.000000 0.000000 0.000000 0.000000 0.000000 0.000000 0.000000 0.000000 0.000000 0.000000 0.000000 0.000000 0.000000 0.000000 0.000000 0.000000 0.000000 0.000000 0.000000 0.000000 0.000000 0.000000 0.000000 0.000000 0.000000 0.000000 0.000000 0.000000 0.000000 0.000000 0.000000 0.000000 0.000000 0.000000 0.000000 0.000000 0.000000 0.000000 0.000000 0.000000 0.000000 0.000000 0.000000 0.000000 0.000000 0.000000 0.000000 0.000000 0.000000 0.000000 0.000000 0.000000 0.000000 0.000000 0.000000 0.000000 0.000000 0.000000 0.000000 0.000000 0.000000 0.000000 0.000000 0.000000 0.000000 0.000000 0.000000 0.000000 0.000000 0.000000 0.000000 0.000000 0.000000 0.000000 0.000000 0.000000 0.000000 0.000000 0.000000 0.000000 0.000000 0.000000 0.000000 0.000000 0.000000 0.000000 0.000000 0.000000 0.000000 0.000000 0.000000 0.000000 0.000000 0.000000 0.000000 0.000000 0.000000 0.000000 0.000000 0.000000 0.000000 0.000000 0.000000 0.000000 0.000000 0.000000 0.000000 0.000000 0.000000 0.000000 0.000000 0.000000 0.000000 0.000000 0.000000 0.000000 0.000000 0.000000 0.000000 0.000000 0.000000 0.000000 0.000000 0.000000 0.000000 0.000000 0.000000 0.000000 0.000000 0.000000 0.000000 0.000000 0.000000 0.000000 0.000000 0.000000 0.000000 0.000000 0.000000 0.000000 0.000000 0.000000 0.000000 0.000000 0.000000 0.000000 0.000000 0.000000 0.000000 0.000000 0.000000 0.000000 0.000000 0.000000 0.000000 0.000000 0.000000 0.000000 0.000000 0.000000 0.000000 0.000000 0.000000 1.000000 1.000000 1.000000 1.000000 1.000000 1.000000 
						1.000000 1.000000 1.000000 1.000000 1.000000 1.000000 1.000000 1.000000 1.000000 1.000000 1.000000 1.000000 1.000000 1.000000 1.000000 1.000000 1.000000 1.000000 1.000000 1.000000 1.000000 1.000000 1.000000 1.000000 1.000000 1.000000 1.000000 1.000000 1.000000 1.000000 1.000000 1.000000 1.000000 1.000000 1.000000 1.000000 1.000000 1.000000 1.000000 1.000000 1.000000 1.000000 1.000000 1.000000 1.000000 1.000000 1.000000 1.000000 1.000000 1.000000 1.000000 1.000000 1.000000 1.000000 1.000000 1.000000 1.000000 1.000000 1.000000 1.000000 1.000000 1.000000 1.000000 1.000000 1.000000 1.000000 1.000000 1.000000 1.000000 1.000000 1.000000 1.000000 1.000000 1.000000 1.000000 1.000000 1.000000 1.000000 1.000000 1.000000 1.000000 1.000000 1.000000 1.000000 1.000000 1.000000 1.000000 1.000000 1.000000 1.000000 1.000000 1.000000 1.000000 1.000000 1.000000 1.000000 1.000000 1.000000 1.000000 1.000000 1.000000 1.000000 1.000000 1.000000 1.000000 1.000000 1.000000 1.000000 1.000000 1.000000 1.000000 1.000000 1.000000 1.000000 1.000000 1.000000 1.000000 1.000000 1.000000 1.000000 1.000000 1.000000 1.000000 1.000000 1.000000 1.000000 1.000000 1.000000 1.000000 1.000000 1.000000 1.000000 1.000000 1.000000 1.000000 1.000000 1.000000 1.000000 1.000000 1.000000 1.000000 1.000000 1.000000 1.000000 1.000000 1.000000 1.000000 1.000000 1.000000 1.000000 1.000000 1.000000 1.000000 1.000000 1.000000 1.000000 1.000000 1.000000 1.000000 1.000000 1.000000 1.000000 1.000000 1.000000 1.000000 1.000000 1.000000 1.000000 1.000000 1.000000 1.000000 1.000000 1.000000 1.000000 1.000000 1.000000 1.000000 1.000000 1.000000 1.000000 1.000000 1.000000 1.000000 1.000000 1.000000 1.000000 1.000000 1.000000 1.000000 1.000000 1.000000 1.000000 
						1.000000 1.000000 1.000000 1.000000 1.000000 1.000000 1.000000 1.000000 1.000000 1.000000 1.000000 1.000000 1.000000 1.000000 1.000000 1.000000 1.000000 1.000000 1.000000 1.000000 1.000000 1.000000 1.000000 1.000000 1.000000 1.000000 1.000000 1.000000 1.000000 1.000000 1.000000 1.000000 1.000000 1.000000 1.000000 1.000000 1.000000 1.000000 1.000000 1.000000 1.000000 1.000000 1.000000 1.000000 1.000000 1.000000 1.000000 1.000000 1.000000 1.000000 1.000000 1.000000 1.000000 1.000000 1.000000 1.000000 1.000000 1.000000 1.000000 1.000000 1.000000 1.000000 1.000000 1.000000 1.000000 1.000000 1.000000 1.000000 1.000000 1.000000 1.000000 1.000000 1.000000 1.000000 1.000000 1.000000 1.000000 1.000000 1.000000 1.000000 1.000000 1.000000 1.000000 1.000000 1.000000 1.000000 1.000000 1.000000 1.000000 1.000000 1.000000 1.000000 1.000000 1.000000 1.000000 1.000000 1.000000 1.000000 1.000000 1.000000 1.000000 1.000000 1.000000 1.000000 1.000000 1.000000 1.000000 1.000000 1.000000 1.000000 1.000000 1.000000 1.000000 1.000000 1.000000 1.000000 1.000000 1.000000 1.000000 1.000000 1.000000 1.000000 1.000000 1.000000 1.000000 1.000000 1.000000 1.000000 1.000000 1.000000 1.000000 1.000000 1.000000 1.000000 1.000000 1.000000 1.000000 1.000000 1.000000 1.000000 1.000000 1.000000 1.000000 1.000000 1.000000 1.000000 1.000000 1.000000 1.000000 1.000000 1.000000 1.000000 1.000000 1.000000 1.000000 1.000000 1.000000 1.000000 1.000000 1.000000 1.000000 1.000000 1.000000 1.000000 1.000000 1.000000 1.000000 1.000000 1.000000 1.000000 1.000000 1.000000 1.000000 1.000000 1.000000 1.000000 1.000000 1.000000 1.000000 1.000000 1.000000 1.000000 1.000000 1.000000 1.000000 1.000000 1.000000 1.000000 1.000000 1.000000 1.000000 1.000000 
						1.000000 1.000000 1.000000 1.000000 1.000000 1.000000 1.000000 1.000000 1.000000 1.000000 1.000000 1.000000 1.000000 1.000000 1.000000 1.000000 1.000000 1.000000 1.000000 1.000000 1.000000 1.000000 1.000000 1.000000 1.000000 1.000000 1.000000 1.000000 1.000000 1.000000 1.000000 1.000000 1.000000 1.000000 1.000000 1.000000 1.000000 1.000000 1.000000 1.000000 1.000000 1.000000 1.000000 1.000000 1.000000 1.000000 1.000000 1.000000 1.000000 1.000000 1.000000 1.000000 1.000000 1.000000 1.000000 1.000000 1.000000 1.000000 1.000000 1.000000 1.000000 1.000000 1.000000 1.000000 1.000000 1.000000 1.000000 1.000000 1.000000 1.000000 1.000000 1.000000 1.000000 1.000000 1.000000 1.000000 1.000000 1.000000 1.000000 1.000000 1.000000 1.000000 1.000000 1.000000 1.000000 1.000000 1.000000 1.000000 1.000000 1.000000 1.000000 1.000000 1.000000 1.000000 1.000000 1.000000 1.000000 1.000000 1.000000 1.000000 1.000000 1.000000 1.000000 1.000000 1.000000 1.000000 1.000000 1.000000 1.000000 1.000000 1.000000 1.000000 1.000000 1.000000 1.000000 1.000000 1.000000 1.000000 1.000000 1.000000 1.000000 1.000000 1.000000 1.000000 1.000000 1.000000 1.000000 1.000000 1.000000 1.000000 1.000000 1.000000 1.000000 1.000000 1.000000 1.000000 1.000000 1.000000 1.000000 1.000000 1.000000 1.000000 1.000000 1.000000 1.000000 1.000000 1.000000 1.000000 1.000000 1.000000 1.000000 1.000000 1.000000 1.000000 1.000000 1.000000 1.000000 1.000000 1.000000 1.000000 1.000000 1.000000 1.000000 1.000000 1.000000 1.000000 1.000000 1.000000 1.000000 1.000000 1.000000 1.000000 1.000000 1.000000 1.000000 1.000000 1.000000 1.000000 1.000000 1.000000 1.000000 1.000000 1.000000 1.000000 1.000000 1.000000 1.000000 1.000000 1.000000 1.000000 1.000000 1.000000 
						1.000000 1.000000 1.000000 1.000000 1.000000 1.000000 1.000000 1.000000 1.000000 1.000000 1.000000 1.000000 1.000000 1.000000 1.000000 1.000000 1.000000 1.000000 1.000000 1.000000 1.000000 1.000000 1.000000 1.000000 1.000000 1.000000 1.000000 1.000000 1.000000 1.000000 1.000000 1.000000 1.000000 1.000000 1.000000 1.000000 1.000000 1.000000 1.000000 1.000000 1.000000 1.000000 1.000000 1.000000 1.000000 1.000000 1.000000 1.000000 1.000000 1.000000 1.000000 1.000000 1.000000 1.000000 1.000000 1.000000 1.000000 1.000000 1.000000 1.000000 1.000000 1.000000 1.000000 1.000000 1.000000 1.000000 1.000000 1.000000 1.000000 1.000000 1.000000 1.000000 1.000000 1.000000 1.000000 1.000000 1.000000 1.000000 1.000000 1.000000 1.000000 1.000000 1.000000 1.000000 1.000000 1.000000 1.000000 1.000000 1.000000 1.000000 1.000000 1.000000 1.000000 1.000000 1.000000 1.000000 1.000000 1.000000 1.000000 1.000000 1.000000 1.000000 1.000000 1.000000 1.000000 1.000000 1.000000 1.000000 1.000000 1.000000 1.000000 1.000000 1.000000 1.000000 1.000000 1.000000 1.000000 1.000000 1.000000 1.000000 1.000000 1.000000 1.000000 1.000000 1.000000 1.000000 1.000000 1.000000 1.000000 1.000000 1.000000 1.000000 1.000000 1.000000 1.000000 1.000000 1.000000 1.000000 1.000000 1.000000 1.000000 1.000000 1.000000 1.000000 1.000000 1.000000 1.000000 1.000000 1.000000 1.000000 1.000000 1.000000 1.000000 1.000000 1.000000 1.000000 1.000000 1.000000 1.000000 1.000000 1.000000 1.000000 1.000000 1.000000 1.000000 1.000000 1.000000 1.000000 1.000000 1.000000 1.000000 1.000000 1.000000 1.000000 1.000000 1.000000 1.000000 1.000000 1.000000 1.000000 1.000000 1.000000 1.000000 1.000000 1.000000 1.000000 1.000000 1.000000 1.000000 1.000000 1.000000 1.000000 
						1.000000 1.000000 1.000000 1.000000 1.000000 1.000000 1.000000 1.000000 1.000000 1.000000 1.000000 1.000000 1.000000 1.000000 1.000000 1.000000 1.000000 1.000000 1.000000 1.000000 1.000000 1.000000 1.000000 1.000000 1.000000 1.000000 1.000000 1.000000 1.000000 1.000000 1.000000 1.000000 1.000000 1.000000 1.000000 1.000000 1.000000 1.000000 1.000000 1.000000 1.000000 1.000000 1.000000 1.000000 1.000000 1.000000 1.000000 1.000000 1.000000 1.000000 1.000000 1.000000 1.000000 1.000000 1.000000 1.000000 1.000000 1.000000 1.000000 1.000000 1.000000 1.000000 1.000000 1.000000 1.000000 1.000000 1.000000 1.000000 1.000000 1.000000 1.000000 1.000000 1.000000 1.000000 1.000000 1.000000 1.000000 1.000000 1.000000 1.000000 1.000000 1.000000 1.000000 1.000000 1.000000 1.000000 1.000000 1.000000 1.000000 1.000000 1.000000 1.000000 1.000000 1.000000 1.000000 1.000000 1.000000 1.000000 1.000000 1.000000 1.000000 1.000000 1.000000 1.000000 1.000000 1.000000 1.000000 1.000000 1.000000 1.000000 1.000000 1.000000 1.000000 1.000000 1.000000 1.000000 1.000000 1.000000 1.000000 1.000000 1.000000 1.000000 1.000000 1.000000 1.000000 1.000000 1.000000 1.000000 1.000000 1.000000 1.000000 1.000000 1.000000 1.000000 1.000000 1.000000 1.000000 1.000000 1.000000 1.000000 1.000000 1.000000 1.000000 1.000000 1.000000 1.000000 1.000000 1.000000 1.000000 1.000000 1.000000 1.000000 1.000000 1.000000 1.000000 1.000000 1.000000 1.000000 1.000000 1.000000 1.000000 1.000000 1.000000 1.000000 1.000000 1.000000 1.000000 1.000000 1.000000 1.000000 1.000000 1.000000 1.000000 1.000000 1.000000 1.000000 1.000000 1.000000 1.000000 1.000000 1.000000 1.000000 1.000000 1.000000 1.000000 1.000000 1.000000 1.000000 1.000000 1.000000 1.000000 1.000000 
						1.000000 1.000000 1.000000 1.000000 1.000000 1.000000 1.000000 1.000000 1.000000 1.000000 1.000000 1.000000 1.000000 1.000000 1.000000 1.000000 1.000000 1.000000 1.000000 1.000000 1.000000 1.000000 1.000000 1.000000 1.000000 1.000000 1.000000 1.000000 1.000000 1.000000 1.000000 1.000000 1.000000 1.000000 1.000000 1.000000 1.000000 1.000000 1.000000 1.000000 1.000000 1.000000 1.000000 1.000000 1.000000 1.000000 1.000000 1.000000 1.000000 1.000000 1.000000 1.000000 1.000000 1.000000 1.000000 1.000000 1.000000 1.000000 1.000000 1.000000 1.000000 1.000000 1.000000 1.000000 1.000000 1.000000 1.000000 1.000000 1.000000 1.000000 1.000000 1.000000 1.000000 1.000000 1.000000 1.000000 1.000000 1.000000 1.000000 1.000000 1.000000 1.000000 1.000000 1.000000 1.000000 1.000000 1.000000 1.000000 1.000000 1.000000 1.000000 1.000000 1.000000 1.000000 1.000000 1.000000 1.000000 1.000000 1.000000 1.000000 1.000000 1.000000 1.000000 1.000000 1.000000 1.000000 1.000000 1.000000 1.000000 1.000000 1.000000 1.000000 1.000000 1.000000 1.000000 1.000000 1.000000 1.000000 1.000000 1.000000 1.000000 1.000000 1.000000 1.000000 1.000000 1.000000 1.000000 1.000000 1.000000 1.000000 1.000000 1.000000 1.000000 1.000000 1.000000 1.000000 1.000000 1.000000 1.000000 1.000000 1.000000 1.000000 1.000000 1.000000 1.000000 1.000000 1.000000 1.000000 1.000000 1.000000 1.000000 1.000000 1.000000 1.000000 1.000000 1.000000 1.000000 1.000000 1.000000 1.000000 1.000000 1.000000 1.000000 1.000000 1.000000 1.000000 1.000000 1.000000 1.000000 1.000000 1.000000 1.000000 1.000000 1.000000 1.000000 1.000000 1.000000 1.000000 1.000000 1.000000 1.000000 1.000000 1.000000 1.000000 1.000000 1.000000 1.000000 1.000000 1.000000 1.000000 1.000000 1.000000 
						1.000000 1.000000 1.000000 1.000000 1.000000 1.000000 1.000000 1.000000 1.000000 1.000000 1.000000 1.000000 1.000000 1.000000 1.000000 1.000000 1.000000 1.000000 1.000000 1.000000 1.000000 1.000000 1.000000 1.000000 1.000000 1.000000 1.000000 1.000000 1.000000 1.000000 1.000000 1.000000 1.000000 1.000000 1.000000 1.000000 1.000000 1.000000 1.000000 1.000000 1.000000 1.000000 1.000000 1.000000 1.000000 1.000000 1.000000 1.000000 1.000000 1.000000 1.000000 1.000000 1.000000 1.000000 1.000000 1.000000 1.000000 1.000000 1.000000 1.000000 1.000000 1.000000 1.000000 1.000000 1.000000 1.000000 1.000000 1.000000 1.000000 1.000000 1.000000 1.000000 1.000000 1.000000 1.000000 1.000000 1.000000 1.000000 1.000000 1.000000 1.000000 1.000000 1.000000 1.000000 1.000000 1.000000 1.000000 1.000000 1.000000 1.000000 1.000000 1.000000 1.000000 1.000000 1.000000 1.000000 1.000000 1.000000 1.000000 1.000000 1.000000 1.000000 1.000000 1.000000 1.000000 1.000000 1.000000 1.000000 1.000000 1.000000 1.000000 1.000000 1.000000 1.000000 1.000000 1.000000 1.000000 1.000000 1.000000 1.000000 1.000000 1.000000 1.000000 1.000000 1.000000 1.000000 1.000000 1.000000 1.000000 1.000000 1.000000 1.000000 1.000000 1.000000 1.000000 1.000000 1.000000 1.000000 1.000000 1.000000 1.000000 1.000000 1.000000 1.000000 1.000000 1.000000 1.000000 1.000000 1.000000 1.000000 1.000000 1.000000 1.000000 1.000000 1.000000 1.000000 1.000000 1.000000 1.000000 1.000000 1.000000 1.000000 1.000000 1.000000 1.000000 1.000000 1.000000 1.000000 1.000000 1.000000 1.000000 1.000000 1.000000 1.000000 1.000000 1.000000 1.000000 1.000000 1.000000 1.000000 1.000000 1.000000 1.000000 1.000000 1.000000 1.000000 1.000000 1.000000 1.000000 1.000000 1.000000 1.000000 
						1.000000 1.000000 1.000000 1.000000 1.000000 1.000000 1.000000 1.000000 1.000000 1.000000 1.000000 1.000000 1.000000 1.000000 1.000000 1.000000 1.000000 1.000000 1.000000 1.000000 1.000000 1.000000 1.000000 1.000000 1.000000 1.000000 1.000000 1.000000 1.000000 1.000000 1.000000 1.000000 1.000000 1.000000 1.000000 1.000000 1.000000 1.000000 1.000000 1.000000 1.000000 1.000000 1.000000 1.000000 1.000000 1.000000 1.000000 1.000000 1.000000 1.000000 1.000000 1.000000 1.000000 1.000000 1.000000 1.000000 1.000000 1.000000 1.000000 1.000000 1.000000 1.000000 1.000000 1.000000 1.000000 1.000000 1.000000 1.000000 1.000000 1.000000 1.000000 1.000000 1.000000 1.000000 1.000000 1.000000 1.000000 1.000000 1.000000 1.000000 1.000000 1.000000 1.000000 1.000000 1.000000 1.000000 1.000000 1.000000 1.000000 1.000000 1.000000 1.000000 1.000000 1.000000 1.000000 1.000000 1.000000 1.000000 1.000000 1.000000 1.000000 1.000000 1.000000 1.000000 1.000000 1.000000 1.000000 1.000000 1.000000 1.000000 1.000000 1.000000 1.000000 1.000000 1.000000 1.000000 1.000000 1.000000 1.000000 1.000000 1.000000 1.000000 1.000000 1.000000 1.000000 1.000000 1.000000 1.000000 1.000000 1.000000 1.000000 1.000000 1.000000 1.000000 1.000000 1.000000 1.000000 1.000000 1.000000 1.000000 1.000000 1.000000 1.000000 1.000000 1.000000 1.000000 1.000000 1.000000 1.000000 1.000000 1.000000 1.000000 1.000000 1.000000 1.000000 1.000000 1.000000 1.000000 1.000000 1.000000 1.000000 1.000000 1.000000 1.000000 1.000000 1.000000 1.000000 1.000000 1.000000 1.000000 1.000000 1.000000 1.000000 1.000000 1.000000 1.000000 1.000000 1.000000 1.000000 1.000000 1.000000 1.000000 1.000000 1.000000 1.000000 1.000000 1.000000 1.000000 1.000000 1.000000 1.000000 1.000000 
						1.000000 1.000000 1.000000 1.000000 1.000000 1.000000 1.000000 1.000000 1.000000 1.000000 1.000000 1.000000 1.000000 1.000000 1.000000 1.000000 1.000000 1.000000 1.000000 1.000000 1.000000 1.000000 1.000000 1.000000 1.000000 1.000000 1.000000 1.000000 1.000000 1.000000 1.000000 1.000000 1.000000 1.000000 1.000000 1.000000 1.000000 1.000000 1.000000 1.000000 1.000000 1.000000 1.000000 1.000000 1.000000 1.000000 1.000000 1.000000 1.000000 1.000000 1.000000 1.000000 1.000000 1.000000 1.000000 1.000000 1.000000 1.000000 1.000000 1.000000 1.000000 1.000000 1.000000 1.000000 1.000000 1.000000 1.000000 1.000000 1.000000 1.000000 1.000000 1.000000 1.000000 1.000000 1.000000 1.000000 1.000000 1.000000 1.000000 1.000000 1.000000 1.000000 1.000000 1.000000 1.000000 1.000000 1.000000 1.000000 1.000000 1.000000 1.000000 1.000000 1.000000 1.000000 1.000000 1.000000 1.000000 1.000000 1.000000 1.000000 1.000000 1.000000 1.000000 1.000000 1.000000 1.000000 1.000000 1.000000 1.000000 1.000000 1.000000 1.000000 1.000000 1.000000 1.000000 1.000000 1.000000 1.000000 1.000000 1.000000 1.000000 1.000000 1.000000 1.000000 1.000000 1.000000 1.000000 1.000000 1.000000 1.000000 1.000000 1.000000 1.000000 1.000000 1.000000 1.000000 1.000000 1.000000 1.000000 1.000000 1.000000 1.000000 1.000000 1.000000 1.000000 1.000000 1.000000 1.000000 1.000000 1.000000 1.000000 1.000000 1.000000 1.000000 1.000000 1.000000 1.000000 1.000000 1.000000 1.000000 1.000000 1.000000 1.000000 1.000000 1.000000 1.000000 1.000000 1.000000 1.000000 1.000000 1.000000 1.000000 1.000000 1.000000 1.000000 1.000000 1.000000 1.000000 1.000000 1.000000 1.000000 1.000000 1.000000 1.000000 1.000000 1.000000 1.000000 1.000000 1.000000 1.000000 1.000000 1.000000 
						1.000000 1.000000 1.000000 1.000000 1.000000 1.000000 1.000000 1.000000 1.000000 1.000000 1.000000 1.000000 1.000000 1.000000 1.000000 1.000000 1.000000 1.000000 1.000000 1.000000 1.000000 1.000000 1.000000 1.000000 1.000000 1.000000 1.000000 1.000000 1.000000 1.000000 1.000000 1.000000 1.000000 1.000000 1.000000 1.000000 1.000000 1.000000 1.000000 1.000000 1.000000 1.000000 1.000000 1.000000 1.000000 1.000000 1.000000 1.000000 1.000000 1.000000 1.000000 1.000000 1.000000 1.000000 1.000000 1.000000 1.000000 1.000000 1.000000 1.000000 1.000000 1.000000 1.000000 1.000000 1.000000 1.000000 1.000000 1.000000 1.000000 1.000000 1.000000 1.000000 1.000000 1.000000 1.000000 1.000000 1.000000 1.000000 1.000000 1.000000 1.000000 1.000000 1.000000 1.000000 1.000000 1.000000 1.000000 1.000000 1.000000 1.000000 1.000000 1.000000 1.000000 1.000000 1.000000 1.000000 1.000000 1.000000 1.000000 1.000000 1.000000 1.000000 1.000000 1.000000 1.000000 1.000000 1.000000 1.000000 1.000000 1.000000 1.000000 1.000000 1.000000 1.000000 1.000000 1.000000 1.000000 1.000000 1.000000 1.000000 1.000000 1.000000 1.000000 1.000000 1.000000 1.000000 1.000000 1.000000 1.000000 1.000000 1.000000 1.000000 1.000000 1.000000 1.000000 1.000000 1.000000 1.000000 1.000000 1.000000 1.000000 1.000000 1.000000 1.000000 1.000000 1.000000 1.000000 1.000000 1.000000 1.000000 1.000000 1.000000 1.000000 1.000000 1.000000 1.000000 1.000000 1.000000 1.000000 1.000000 1.000000 1.000000 1.000000 1.000000 1.000000 1.000000 1.000000 1.000000 1.000000 1.000000 1.000000 1.000000 1.000000 1.000000 1.000000 1.000000 1.000000 1.000000 1.000000 1.000000 1.000000 1.000000 1.000000 1.000000 1.000000 1.000000 1.000000 1.000000 1.000000 1.000000 1.000000 1.000000 
						1.000000 1.000000 1.000000 1.000000 1.000000 1.000000 1.000000 1.000000 1.000000 1.000000 1.000000 1.000000 1.000000 1.000000 1.000000 1.000000 1.000000 1.000000 1.000000 1.000000 1.000000 1.000000 1.000000 1.000000 1.000000 1.000000 1.000000 1.000000 1.000000 1.000000 1.000000 1.000000 1.000000 1.000000 1.000000 1.000000 1.000000 1.000000 1.000000 1.000000 1.000000 1.000000 1.000000 1.000000 1.000000 1.000000 1.000000 1.000000 1.000000 1.000000 1.000000 1.000000 1.000000 1.000000 1.000000 1.000000 1.000000 1.000000 1.000000 1.000000 1.000000 1.000000 1.000000 1.000000 1.000000 1.000000 1.000000 1.000000 1.000000 1.000000 1.000000 1.000000 1.000000 1.000000 1.000000 1.000000 1.000000 1.000000 1.000000 1.000000 1.000000 1.000000 1.000000 1.000000 1.000000 1.000000 1.000000 1.000000 1.000000 1.000000 1.000000 1.000000 1.000000 1.000000 1.000000 1.000000 1.000000 1.000000 1.000000 1.000000 1.000000 1.000000 1.000000 1.000000 1.000000 1.000000 1.000000 1.000000 1.000000 1.000000 1.000000 1.000000 1.000000 1.000000 1.000000 1.000000 1.000000 1.000000 1.000000 1.000000 1.000000 1.000000 1.000000 1.000000 1.000000 1.000000 1.000000 1.000000 1.000000 1.000000 1.000000 1.000000 1.000000 1.000000 1.000000 1.000000 1.000000 1.000000 1.000000 1.000000 1.000000 1.000000 1.000000 1.000000 1.000000 1.000000 1.000000 1.000000 1.000000 1.000000 1.000000 1.000000 1.000000 1.000000 1.000000 1.000000 1.000000 1.000000 1.000000 1.000000 1.000000 1.000000 1.000000 1.000000 1.000000 1.000000 1.000000 1.000000 1.000000 1.000000 1.000000 1.000000 1.000000 1.000000 1.000000 1.000000 1.000000 1.000000 1.000000 1.000000 1.000000 1.000000 1.000000 1.000000 1.000000 1.000000 1.000000 1.000000 1.000000 1.000000 1.000000 1.000000 
						1.000000 1.000000 1.000000 1.000000 1.000000 1.000000 1.000000 1.000000 1.000000 1.000000 1.000000 1.000000 1.000000 1.000000 1.000000 1.000000 1.000000 1.000000 1.000000 1.000000 1.000000 1.000000 1.000000 1.000000 1.000000 1.000000 1.000000 1.000000 1.000000 1.000000 1.000000 1.000000 1.000000 1.000000 1.000000 1.000000 1.000000 1.000000 1.000000 1.000000 1.000000 1.000000 1.000000 1.000000 1.000000 1.000000 1.000000 1.000000 1.000000 1.000000 1.000000 1.000000 1.000000 1.000000 1.000000 1.000000 1.000000 1.000000 1.000000 1.000000 1.000000 1.000000 1.000000 1.000000 1.000000 1.000000 1.000000 1.000000 1.000000 1.000000 1.000000 1.000000 1.000000 1.000000 1.000000 1.000000 1.000000 1.000000 1.000000 1.000000 1.000000 1.000000 1.000000 1.000000 1.000000 1.000000 1.000000 1.000000 1.000000 1.000000 1.000000 1.000000 1.000000 1.000000 1.000000 1.000000 1.000000 1.000000 1.000000 1.000000 1.000000 1.000000 1.000000 1.000000 1.000000 1.000000 1.000000 1.000000 1.000000 1.000000 1.000000 1.000000 1.000000 1.000000 1.000000 1.000000 1.000000 1.000000 1.000000 1.000000 1.000000 1.000000 1.000000 1.000000 1.000000 1.000000 1.000000 1.000000 1.000000 1.000000 1.000000 1.000000 1.000000 1.000000 1.000000 1.000000 1.000000 1.000000 1.000000 1.000000 1.000000 1.000000 1.000000 1.000000 1.000000 1.000000 1.000000 1.000000 1.000000 1.000000 1.000000 1.000000 1.000000 1.000000 1.000000 1.000000 1.000000 1.000000 1.000000 1.000000 1.000000 1.000000 1.000000 1.000000 1.000000 1.000000 1.000000 1.000000 1.000000 1.000000 1.000000 1.000000 1.000000 1.000000 1.000000 1.000000 1.000000 1.000000 1.000000 1.000000 1.000000 1.000000 1.000000 1.000000 1.000000 1.000000 1.000000 1.000000 1.000000 1.000000 1.000000 1.000000 
						1.000000 1.000000 1.000000 1.000000 1.000000 1.000000 1.000000 1.000000 1.000000 1.000000 1.000000 1.000000 1.000000 1.000000 1.000000 1.000000 1.000000 1.000000 1.000000 1.000000 1.000000 1.000000 1.000000 1.000000 1.000000 1.000000 1.000000 1.000000 1.000000 1.000000 1.000000 1.000000 1.000000 1.000000 1.000000 1.000000 1.000000 1.000000 1.000000 1.000000 1.000000 1.000000 1.000000 1.000000 1.000000 1.000000 1.000000 1.000000 1.000000 1.000000 1.000000 1.000000 1.000000 1.000000 1.000000 1.000000 1.000000 1.000000 1.000000 1.000000 1.000000 1.000000 1.000000 1.000000 1.000000 1.000000 1.000000 1.000000 1.000000 1.000000 1.000000 1.000000 1.000000 1.000000 1.000000 1.000000 1.000000 1.000000 1.000000 1.000000 1.000000 1.000000 1.000000 1.000000 1.000000 1.000000 1.000000 1.000000 1.000000 1.000000 1.000000 1.000000 1.000000 1.000000 1.000000 1.000000 1.000000 1.000000 1.000000 1.000000 1.000000 1.000000 1.000000 1.000000 1.000000 1.000000 1.000000 1.000000 1.000000 1.000000 1.000000 1.000000 1.000000 1.000000 1.000000 1.000000 1.000000 1.000000 1.000000 1.000000 1.000000 1.000000 1.000000 1.000000 1.000000 1.000000 1.000000 1.000000 1.000000 1.000000 1.000000 1.000000 1.000000 1.000000 1.000000 1.000000 1.000000 1.000000 1.000000 1.000000 1.000000 1.000000 1.000000 1.000000 1.000000 1.000000 1.000000 1.000000 1.000000 1.000000 1.000000 1.000000 1.000000 1.000000 1.000000 1.000000 1.000000 1.000000 1.000000 1.000000 1.000000 1.000000 1.000000 1.000000 1.000000 1.000000 1.000000 1.000000 1.000000 1.000000 1.000000 1.000000 1.000000 1.000000 1.000000 1.000000 1.000000 1.000000 1.000000 1.000000 1.000000 1.000000 1.000000 1.000000 1.000000 1.000000 1.000000 1.000000 1.000000 1.000000 1.000000 1.000000 
						1.000000 1.000000 1.000000 1.000000 1.000000 1.000000 1.000000 1.000000 1.000000 1.000000 1.000000 1.000000 1.000000 1.000000 1.000000 1.000000 1.000000 1.000000 1.000000 1.000000 1.000000 1.000000 1.000000 1.000000 1.000000 1.000000 1.000000 1.000000 1.000000 1.000000 1.000000 1.000000 1.000000 1.000000 1.000000 1.000000 1.000000 1.000000 1.000000 1.000000 1.000000 1.000000 1.000000 1.000000 1.000000 1.000000 1.000000 1.000000 1.000000 1.000000 1.000000 1.000000 1.000000 1.000000 1.000000 1.000000 1.000000 1.000000 1.000000 1.000000 1.000000 1.000000 1.000000 1.000000 1.000000 1.000000 1.000000 1.000000 1.000000 1.000000 1.000000 1.000000 1.000000 1.000000 1.000000 1.000000 1.000000 1.000000 1.000000 1.000000 1.000000 1.000000 1.000000 1.000000 1.000000 1.000000 1.000000 1.000000 1.000000 1.000000 1.000000 1.000000 1.000000 1.000000 1.000000 1.000000 1.000000 1.000000 1.000000 1.000000 1.000000 1.000000 1.000000 1.000000 1.000000 1.000000 1.000000 1.000000 1.000000 1.000000 1.000000 1.000000 1.000000 1.000000 1.000000 1.000000 1.000000 1.000000 1.000000 1.000000 1.000000 1.000000 1.000000 1.000000 1.000000 1.000000 1.000000 1.000000 1.000000 1.000000 1.000000 1.000000 1.000000 1.000000 1.000000 1.000000 1.000000 1.000000 1.000000 1.000000 1.000000 1.000000 1.000000 1.000000 1.000000 1.000000 1.000000 1.000000 1.000000 1.000000 1.000000 1.000000 1.000000 1.000000 1.000000 1.000000 1.000000 1.000000 1.000000 1.000000 1.000000 1.000000 1.000000 1.000000 1.000000 1.000000 1.000000 1.000000 1.000000 1.000000 1.000000 1.000000 1.000000 1.000000 1.000000 1.000000 1.000000 1.000000 1.000000 1.000000 1.000000 1.000000 1.000000 1.000000 1.000000 1.000000 1.000000 1.000000 1.000000 1.000000 1.000000 1.000000 
						1.000000 1.000000 1.000000 1.000000 1.000000 1.000000 1.000000 1.000000 1.000000 1.000000 1.000000 1.000000 1.000000 1.000000 1.000000 1.000000 1.000000 1.000000 1.000000 1.000000 1.000000 1.000000 1.000000 1.000000 1.000000 1.000000 1.000000 1.000000 1.000000 1.000000 1.000000 1.000000 1.000000 1.000000 1.000000 1.000000 1.000000 1.000000 1.000000 1.000000 1.000000 1.000000 1.000000 1.000000 1.000000 1.000000 1.000000 1.000000 1.000000 1.000000 1.000000 1.000000 1.000000 1.000000 1.000000 1.000000 1.000000 1.000000 1.000000 1.000000 1.000000 1.000000 1.000000 1.000000 1.000000 1.000000 1.000000 1.000000 1.000000 1.000000 1.000000 1.000000 1.000000 1.000000 1.000000 1.000000 1.000000 1.000000 1.000000 1.000000 1.000000 1.000000 1.000000 1.000000 1.000000 1.000000 1.000000 1.000000 1.000000 1.000000 1.000000 1.000000 1.000000 1.000000 1.000000 1.000000 1.000000 1.000000 1.000000 1.000000 1.000000 1.000000 1.000000 1.000000 1.000000 1.000000 1.000000 1.000000 1.000000 1.000000 1.000000 1.000000 1.000000 1.000000 1.000000 1.000000 1.000000 1.000000 1.000000 1.000000 1.000000 1.000000 1.000000 1.000000 1.000000 1.000000 1.000000 1.000000 1.000000 1.000000 1.000000 1.000000 1.000000 1.000000 1.000000 1.000000 1.000000 1.000000 1.000000 1.000000 1.000000 1.000000 1.000000 1.000000 1.000000 1.000000 1.000000 1.000000 1.000000 1.000000 1.000000 1.000000 1.000000 1.000000 1.000000 1.000000 1.000000 1.000000 1.000000 1.000000 1.000000 1.000000 1.000000 1.000000 1.000000 1.000000 1.000000 1.000000 1.000000 1.000000 1.000000 1.000000 1.000000 1.000000 1.000000 1.000000 1.000000 1.000000 1.000000 1.000000 1.000000 1.000000 1.000000 1.000000 1.000000 1.000000 1.000000 1.000000 1.000000 1.000000 1.000000 1.000000 
						1.000000 1.000000 1.000000 1.000000 1.000000 1.000000 1.000000 1.000000 1.000000 1.000000 1.000000 1.000000 1.000000 1.000000 1.000000 1.000000 1.000000 1.000000 1.000000 1.000000 1.000000 1.000000 1.000000 1.000000 1.000000 1.000000 1.000000 1.000000 1.000000 1.000000 1.000000 1.000000 1.000000 1.000000 1.000000 1.000000 1.000000 1.000000 1.000000 1.000000 1.000000 1.000000 1.000000 1.000000 1.000000 1.000000 1.000000 1.000000 1.000000 1.000000 1.000000 1.000000 1.000000 1.000000 1.000000 1.000000 1.000000 1.000000 1.000000 1.000000 1.000000 1.000000 1.000000 1.000000 1.000000 1.000000 1.000000 1.000000 1.000000 1.000000 1.000000 1.000000 1.000000 1.000000 1.000000 1.000000 1.000000 1.000000 1.000000 1.000000 1.000000 1.000000 1.000000 1.000000 1.000000 1.000000 1.000000 1.000000 1.000000 1.000000 1.000000 1.000000 1.000000 1.000000 1.000000 1.000000 1.000000 1.000000 1.000000 1.000000 1.000000 1.000000 1.000000 1.000000 1.000000 1.000000 1.000000 1.000000 1.000000 1.000000 1.000000 1.000000 1.000000 1.000000 1.000000 1.000000 1.000000 1.000000 1.000000 1.000000 1.000000 1.000000 1.000000 1.000000 1.000000 1.000000 1.000000 1.000000 1.000000 1.000000 1.000000 1.000000 1.000000 1.000000 1.000000 1.000000 1.000000 1.000000 1.000000 1.000000 1.000000 1.000000 1.000000 1.000000 1.000000 1.000000 1.000000 1.000000 1.000000 1.000000 1.000000 1.000000 1.000000 1.000000 1.000000 1.000000 1.000000 1.000000 1.000000 1.000000 1.000000 1.000000 1.000000 1.000000 1.000000 1.000000 1.000000 1.000000 1.000000 1.000000 1.000000 1.000000 1.000000 1.000000 1.000000 1.000000 1.000000 1.000000 1.000000 1.000000 1.000000 1.000000 1.000000 1.000000 1.000000 1.000000 1.000000 1.000000 1.000000 1.000000 1.000000 1.000000 
						1.000000 1.000000 1.000000 1.000000 1.000000 1.000000 1.000000 1.000000 1.000000 1.000000 1.000000 1.000000 1.000000 1.000000 1.000000 1.000000 1.000000 1.000000 1.000000 1.000000 1.000000 1.000000 1.000000 1.000000 1.000000 1.000000 1.000000 1.000000 1.000000 1.000000 1.000000 1.000000 1.000000 1.000000 1.000000 1.000000 1.000000 1.000000 1.000000 1.000000 1.000000 1.000000 1.000000 1.000000 1.000000 1.000000 1.000000 1.000000 1.000000 1.000000 1.000000 1.000000 1.000000 1.000000 1.000000 1.000000 1.000000 1.000000 1.000000 1.000000 1.000000 1.000000 1.000000 1.000000 1.000000 1.000000 1.000000 1.000000 1.000000 1.000000 1.000000 1.000000 1.000000 1.000000 1.000000 1.000000 1.000000 1.000000 1.000000 1.000000 1.000000 1.000000 1.000000 1.000000 1.000000 1.000000 1.000000 1.000000 1.000000 1.000000 1.000000 1.000000 1.000000 1.000000 1.000000 1.000000 1.000000 1.000000 1.000000 1.000000 1.000000 1.000000 1.000000 1.000000 1.000000 1.000000 1.000000 1.000000 1.000000 1.000000 1.000000 1.000000 1.000000 1.000000 1.000000 1.000000 1.000000 1.000000 1.000000 1.000000 1.000000 1.000000 1.000000 1.000000 1.000000 1.000000 1.000000 1.000000 1.000000 1.000000 1.000000 1.000000 1.000000 1.000000 1.000000 1.000000 1.000000 1.000000 1.000000 1.000000 1.000000 1.000000 1.000000 1.000000 1.000000 1.000000 1.000000 1.000000 1.000000 1.000000 1.000000 1.000000 1.000000 1.000000 1.000000 1.000000 1.000000 1.000000 1.000000 1.000000 1.000000 1.000000 1.000000 1.000000 1.000000 1.000000 1.000000 1.000000 1.000000 1.000000 1.000000 1.000000 1.000000 1.000000 1.000000 1.000000 1.000000 1.000000 1.000000 1.000000 1.000000 1.000000 1.000000 1.000000 1.000000 1.000000 1.000000 1.000000 1.000000 1.000000 1.000000 1.000000 
						1.000000 1.000000 1.000000 1.000000 1.000000 1.000000 1.000000 1.000000 1.000000 1.000000 1.000000 1.000000 1.000000 1.000000 1.000000 1.000000 1.000000 1.000000 1.000000 1.000000 1.000000 1.000000 1.000000 1.000000 1.000000 1.000000 1.000000 1.000000 1.000000 1.000000 1.000000 1.000000 1.000000 1.000000 1.000000 1.000000 1.000000 1.000000 1.000000 1.000000 1.000000 1.000000 1.000000 1.000000 1.000000 1.000000 1.000000 1.000000 1.000000 1.000000 1.000000 1.000000 1.000000 1.000000 1.000000 1.000000 1.000000 1.000000 1.000000 1.000000 1.000000 1.000000 1.000000 1.000000 1.000000 1.000000 1.000000 1.000000 1.000000 1.000000 1.000000 1.000000 1.000000 1.000000 1.000000 1.000000 1.000000 1.000000 1.000000 1.000000 1.000000 1.000000 1.000000 1.000000 1.000000 1.000000 1.000000 1.000000 1.000000 1.000000 1.000000 1.000000 1.000000 1.000000 1.000000 1.000000 1.000000 1.000000 1.000000 1.000000 1.000000 1.000000 1.000000 1.000000 1.000000 1.000000 1.000000 1.000000 1.000000 1.000000 1.000000 1.000000 1.000000 1.000000 1.000000 1.000000 1.000000 1.000000 1.000000 1.000000 1.000000 1.000000 1.000000 1.000000 1.000000 1.000000 1.000000 1.000000 1.000000 1.000000 1.000000 1.000000 1.000000 1.000000 1.000000 1.000000 1.000000 1.000000 1.000000 1.000000 1.000000 1.000000 1.000000 1.000000 1.000000 1.000000 1.000000 1.000000 1.000000 1.000000 1.000000 1.000000 1.000000 1.000000 1.000000 1.000000 1.000000 1.000000 1.000000 1.000000 1.000000 1.000000 1.000000 1.000000 1.000000 1.000000 1.000000 1.000000 1.000000 1.000000 1.000000 1.000000 1.000000 1.000000 1.000000 1.000000 1.000000 1.000000 1.000000 1.000000 1.000000 1.000000 1.000000 1.000000 1.000000 1.000000 1.000000 1.000000 1.000000 1.000000 1.000000 1.000000 
						1.000000 1.000000 1.000000 1.000000 1.000000 1.000000 1.000000 1.000000 1.000000 1.000000 1.000000 1.000000 1.000000 1.000000 1.000000 1.000000 1.000000 1.000000 1.000000 1.000000 1.000000 1.000000 1.000000 1.000000 1.000000 1.000000 1.000000 1.000000 1.000000 1.000000 1.000000 1.000000 1.000000 1.000000 1.000000 1.000000 1.000000 1.000000 1.000000 1.000000 1.000000 1.000000 1.000000 1.000000 1.000000 1.000000 1.000000 1.000000 1.000000 1.000000 1.000000 1.000000 1.000000 1.000000 1.000000 1.000000 1.000000 1.000000 1.000000 1.000000 1.000000 1.000000 1.000000 1.000000 1.000000 1.000000 1.000000 1.000000 1.000000 1.000000 1.000000 1.000000 1.000000 1.000000 1.000000 1.000000 1.000000 1.000000 1.000000 1.000000 1.000000 1.000000 1.000000 1.000000 1.000000 1.000000 1.000000 1.000000 1.000000 1.000000 1.000000 1.000000 1.000000 1.000000 1.000000 1.000000 1.000000 1.000000 1.000000 1.000000 1.000000 1.000000 1.000000 1.000000 1.000000 1.000000 1.000000 1.000000 1.000000 1.000000 1.000000 1.000000 1.000000 1.000000 1.000000 1.000000 1.000000 1.000000 1.000000 1.000000 1.000000 1.000000 1.000000 1.000000 1.000000 1.000000 1.000000 1.000000 1.000000 1.000000 1.000000 1.000000 1.000000 1.000000 1.000000 1.000000 1.000000 1.000000 1.000000 1.000000 1.000000 1.000000 1.000000 1.000000 1.000000 1.000000 1.000000 1.000000 1.000000 1.000000 1.000000 1.000000 1.000000 1.000000 1.000000 1.000000 1.000000 1.000000 1.000000 1.000000 1.000000 1.000000 1.000000 1.000000 1.000000 1.000000 1.000000 1.000000 1.000000 1.000000 1.000000 1.000000 1.000000 1.000000 1.000000 1.000000 1.000000 1.000000 1.000000 1.000000 1.000000 1.000000 1.000000 1.000000 1.000000 1.000000 1.000000 1.000000 1.000000 1.000000 1.000000 1.000000 
						1.000000 1.000000 1.000000 1.000000 1.000000 1.000000 1.000000 1.000000 1.000000 1.000000 1.000000 1.000000 1.000000 1.000000 1.000000 1.000000 1.000000 1.000000 1.000000 1.000000 1.000000 1.000000 1.000000 1.000000 1.000000 1.000000 1.000000 1.000000 1.000000 1.000000 1.000000 1.000000 1.000000 1.000000 1.000000 1.000000 1.000000 1.000000 1.000000 1.000000 1.000000 1.000000 1.000000 1.000000 1.000000 1.000000 1.000000 1.000000 1.000000 1.000000 1.000000 1.000000 1.000000 1.000000 1.000000 1.000000 1.000000 1.000000 1.000000 1.000000 1.000000 1.000000 1.000000 1.000000 1.000000 1.000000 1.000000 1.000000 1.000000 1.000000 1.000000 1.000000 1.000000 1.000000 1.000000 1.000000 1.000000 1.000000 1.000000 1.000000 1.000000 1.000000 1.000000 1.000000 1.000000 1.000000 1.000000 1.000000 1.000000 1.000000 1.000000 1.000000 1.000000 1.000000 1.000000 1.000000 1.000000 1.000000 1.000000 1.000000 1.000000 1.000000 1.000000 1.000000 1.000000 1.000000 1.000000 1.000000 1.000000 1.000000 1.000000 1.000000 1.000000 1.000000 1.000000 1.000000 1.000000 1.000000 1.000000 1.000000 1.000000 1.000000 1.000000 1.000000 1.000000 1.000000 1.000000 1.000000 1.000000 1.000000 1.000000 1.000000 1.000000 1.000000 1.000000 1.000000 1.000000 1.000000 1.000000 1.000000 1.000000 1.000000 1.000000 1.000000 1.000000 1.000000 1.000000 1.000000 1.000000 1.000000 1.000000 1.000000 1.000000 1.000000 1.000000 1.000000 1.000000 1.000000 1.000000 1.000000 1.000000 1.000000 1.000000 1.000000 1.000000 1.000000 1.000000 1.000000 1.000000 1.000000 1.000000 1.000000 1.000000 1.000000 1.000000 1.000000 1.000000 1.000000 1.000000 1.000000 1.000000 1.000000 1.000000 1.000000 1.000000 1.000000 1.000000 1.000000 1.000000 1.000000 1.000000 1.000000 
						1.000000 1.000000 1.000000 1.000000 1.000000 1.000000 1.000000 1.000000 1.000000 1.000000 1.000000 1.000000 1.000000 1.000000 1.000000 1.000000 1.000000 1.000000 1.000000 1.000000 1.000000 1.000000 1.000000 1.000000 1.000000 1.000000 1.000000 1.000000 1.000000 1.000000 1.000000 1.000000 1.000000 1.000000 1.000000 1.000000 1.000000 1.000000 1.000000 1.000000 1.000000 1.000000 1.000000 1.000000 1.000000 1.000000 1.000000 1.000000 1.000000 1.000000 1.000000 1.000000 1.000000 1.000000 1.000000 1.000000 1.000000 1.000000 1.000000 1.000000 1.000000 1.000000 1.000000 1.000000 1.000000 1.000000 1.000000 1.000000 1.000000 1.000000 1.000000 1.000000 1.000000 1.000000 1.000000 1.000000 1.000000 1.000000 1.000000 1.000000 1.000000 1.000000 1.000000 1.000000 1.000000 1.000000 1.000000 1.000000 1.000000 1.000000 1.000000 1.000000 1.000000 1.000000 1.000000 1.000000 1.000000 1.000000 1.000000 1.000000 1.000000 1.000000 1.000000 1.000000 1.000000 1.000000 1.000000 1.000000 1.000000 1.000000 1.000000 1.000000 1.000000 1.000000 1.000000 1.000000 1.000000 1.000000 1.000000 1.000000 1.000000 1.000000 1.000000 1.000000 1.000000 1.000000 1.000000 1.000000 1.000000 1.000000 1.000000 1.000000 1.000000 1.000000 1.000000 1.000000 1.000000 1.000000 1.000000 1.000000 1.000000 1.000000 1.000000 1.000000 1.000000 1.000000 1.000000 1.000000 1.000000 1.000000 1.000000 1.000000 1.000000 1.000000 1.000000 1.000000 1.000000 1.000000 1.000000 1.000000 1.000000 1.000000 1.000000 1.000000 1.000000 1.000000 1.000000 1.000000 1.000000 1.000000 1.000000 1.000000 1.000000 1.000000 1.000000 1.000000 1.000000 1.000000 1.000000 1.000000 1.000000 1.000000 1.000000 1.000000 1.000000 1.000000 1.000000 1.000000 1.000000 1.000000 1.000000 1.000000 
						1.000000 1.000000 1.000000 1.000000 1.000000 1.000000 1.000000 1.000000 1.000000 1.000000 1.000000 1.000000 1.000000 1.000000 1.000000 1.000000 1.000000 1.000000 1.000000 1.000000 1.000000 1.000000 1.000000 1.000000 1.000000 1.000000 1.000000 1.000000 1.000000 1.000000 1.000000 1.000000 1.000000 1.000000 1.000000 1.000000 1.000000 1.000000 1.000000 1.000000 1.000000 1.000000 1.000000 1.000000 1.000000 1.000000 1.000000 1.000000 1.000000 1.000000 1.000000 1.000000 1.000000 1.000000 1.000000 1.000000 1.000000 1.000000 1.000000 1.000000 1.000000 1.000000 1.000000 1.000000 1.000000 1.000000 1.000000 1.000000 1.000000 1.000000 1.000000 1.000000 1.000000 1.000000 1.000000 1.000000 1.000000 1.000000 1.000000 1.000000 1.000000 1.000000 1.000000 1.000000 1.000000 1.000000 1.000000 1.000000 1.000000 1.000000 1.000000 1.000000 1.000000 1.000000 1.000000 1.000000 1.000000 1.000000 1.000000 1.000000 1.000000 1.000000 1.000000 1.000000 1.000000 1.000000 1.000000 1.000000 1.000000 1.000000 1.000000 1.000000 1.000000 1.000000 1.000000 1.000000 1.000000 1.000000 1.000000 1.000000 1.000000 1.000000 1.000000 1.000000 1.000000 1.000000 1.000000 1.000000 1.000000 1.000000 1.000000 1.000000 1.000000 1.000000 1.000000 1.000000 1.000000 1.000000 1.000000 1.000000 1.000000 1.000000 1.000000 1.000000 1.000000 1.000000 1.000000 1.000000 1.000000 1.000000 1.000000 1.000000 1.000000 1.000000 1.000000 1.000000 1.000000 1.000000 1.000000 1.000000 1.000000 1.000000 1.000000 1.000000 1.000000 1.000000 1.000000 1.000000 1.000000 1.000000 1.000000 1.000000 1.000000 1.000000 1.000000 1.000000 1.000000 1.000000 1.000000 1.000000 1.000000 1.000000 1.000000 1.000000 1.000000 1.000000 1.000000 1.000000 1.000000 1.000000 1.000000 1.000000 
						1.000000 1.000000 1.000000 1.000000 1.000000 1.000000 1.000000 1.000000 1.000000 1.000000 1.000000 1.000000 1.000000 1.000000 1.000000 1.000000 1.000000 1.000000 1.000000 1.000000 1.000000 1.000000 1.000000 1.000000 1.000000 1.000000 1.000000 1.000000 1.000000 1.000000 1.000000 1.000000 1.000000 1.000000 1.000000 1.000000 1.000000 1.000000 1.000000 1.000000 1.000000 1.000000 1.000000 1.000000 1.000000 1.000000 1.000000 1.000000 1.000000 1.000000 1.000000 1.000000 1.000000 1.000000 1.000000 1.000000 1.000000 1.000000 1.000000 1.000000 1.000000 1.000000 1.000000 1.000000 1.000000 1.000000 1.000000 1.000000 1.000000 1.000000 1.000000 1.000000 1.000000 1.000000 1.000000 1.000000 1.000000 1.000000 1.000000 1.000000 1.000000 1.000000 1.000000 1.000000 1.000000 1.000000 1.000000 1.000000 1.000000 1.000000 1.000000 1.000000 1.000000 1.000000 1.000000 1.000000 1.000000 1.000000 1.000000 1.000000 1.000000 1.000000 1.000000 1.000000 1.000000 1.000000 1.000000 1.000000 1.000000 1.000000 1.000000 1.000000 1.000000 1.000000 1.000000 1.000000 1.000000 1.000000 1.000000 1.000000 1.000000 1.000000 1.000000 1.000000 1.000000 1.000000 1.000000 1.000000 1.000000 1.000000 1.000000 1.000000 1.000000 1.000000 1.000000 1.000000 1.000000 1.000000 1.000000 1.000000 1.000000 1.000000 1.000000 1.000000 1.000000 1.000000 1.000000 1.000000 1.000000 1.000000 1.000000 1.000000 1.000000 1.000000 1.000000 1.000000 1.000000 1.000000 1.000000 1.000000 1.000000 1.000000 1.000000 1.000000 1.000000 1.000000 1.000000 1.000000 1.000000 1.000000 1.000000 1.000000 1.000000 1.000000 1.000000 1.000000 1.000000 1.000000 1.000000 1.000000 1.000000 1.000000 1.000000 1.000000 1.000000 1.000000 1.000000 1.000000 1.000000 1.000000 1.000000 1.000000 
						1.000000 1.000000 1.000000 1.000000 1.000000 1.000000 1.000000 1.000000 1.000000 1.000000 1.000000 1.000000 1.000000 1.000000 1.000000 1.000000 1.000000 1.000000 1.000000 1.000000 1.000000 1.000000 1.000000 1.000000 1.000000 1.000000 1.000000 1.000000 1.000000 1.000000 1.000000 1.000000 1.000000 1.000000 1.000000 1.000000 1.000000 1.000000 1.000000 1.000000 1.000000 1.000000 1.000000 1.000000 1.000000 1.000000 1.000000 1.000000 1.000000 1.000000 1.000000 1.000000 1.000000 1.000000 1.000000 1.000000 1.000000 1.000000 1.000000 1.000000 1.000000 1.000000 1.000000 1.000000 1.000000 1.000000 1.000000 1.000000 1.000000 1.000000 1.000000 1.000000 1.000000 1.000000 1.000000 1.000000 1.000000 1.000000 1.000000 1.000000 1.000000 1.000000 1.000000 1.000000 1.000000 1.000000 1.000000 1.000000 1.000000 1.000000 1.000000 1.000000 1.000000 1.000000 1.000000 1.000000 1.000000 1.000000 1.000000 1.000000 1.000000 1.000000 1.000000 1.000000 1.000000 1.000000 1.000000 1.000000 1.000000 1.000000 1.000000 1.000000 1.000000 1.000000 1.000000 1.000000 1.000000 1.000000 1.000000 1.000000 1.000000 1.000000 1.000000 1.000000 1.000000 1.000000 1.000000 1.000000 1.000000 1.000000 1.000000 1.000000 1.000000 1.000000 1.000000 1.000000 1.000000 1.000000 1.000000 1.000000 1.000000 1.000000 1.000000 1.000000 1.000000 1.000000 1.000000 1.000000 1.000000 1.000000 1.000000 1.000000 1.000000 1.000000 1.000000 1.000000 1.000000 1.000000 1.000000 1.000000 1.000000 1.000000 1.000000 1.000000 1.000000 1.000000 1.000000 1.000000 1.000000 1.000000 1.000000 1.000000 1.000000 1.000000 1.000000 1.000000 1.000000 1.000000 1.000000 1.000000 1.000000 1.000000 1.000000 1.000000 1.000000 1.000000 1.000000 1.000000 1.000000 1.000000 1.000000 1.000000 
						1.000000 1.000000 1.000000 1.000000 1.000000 1.000000 1.000000 1.000000 1.000000 1.000000 1.000000 1.000000 1.000000 1.000000 1.000000 1.000000 1.000000 1.000000 1.000000 1.000000 1.000000 1.000000 1.000000 1.000000 1.000000 1.000000 1.000000 1.000000 1.000000 1.000000 1.000000 1.000000 1.000000 1.000000 1.000000 1.000000 1.000000 1.000000 1.000000 1.000000 1.000000 1.000000 1.000000 1.000000 1.000000 1.000000 1.000000 1.000000 1.000000 1.000000 1.000000 1.000000 1.000000 1.000000 1.000000 1.000000 1.000000 1.000000 1.000000 1.000000 1.000000 1.000000 1.000000 1.000000 1.000000 1.000000 1.000000 1.000000 1.000000 1.000000 1.000000 1.000000 1.000000 1.000000 1.000000 1.000000 1.000000 1.000000 1.000000 1.000000 1.000000 1.000000 1.000000 1.000000 1.000000 1.000000 1.000000 1.000000 1.000000 1.000000 1.000000 1.000000 1.000000 1.000000 1.000000 1.000000 1.000000 1.000000 1.000000 1.000000 1.000000 1.000000 1.000000 1.000000 1.000000 1.000000 1.000000 1.000000 1.000000 1.000000 1.000000 1.000000 1.000000 1.000000 1.000000 1.000000 1.000000 1.000000 1.000000 1.000000 1.000000 1.000000 1.000000 1.000000 1.000000 1.000000 1.000000 1.000000 1.000000 1.000000 1.000000 1.000000 1.000000 1.000000 1.000000 1.000000 1.000000 1.000000 1.000000 1.000000 1.000000 1.000000 1.000000 1.000000 1.000000 1.000000 1.000000 1.000000 1.000000 1.000000 1.000000 1.000000 1.000000 1.000000 1.000000 1.000000 1.000000 1.000000 1.000000 1.000000 1.000000 1.000000 1.000000 1.000000 1.000000 1.000000 1.000000 1.000000 1.000000 1.000000 1.000000 1.000000 1.000000 1.000000 1.000000 1.000000 1.000000 1.000000 1.000000 1.000000 1.000000 1.000000 1.000000 1.000000 1.000000 1.000000 1.000000 1.000000 1.000000 1.000000 1.000000 1.000000 
						1.000000 1.000000 1.000000 1.000000 1.000000 1.000000 1.000000 1.000000 1.000000 1.000000 1.000000 1.000000 1.000000 1.000000 1.000000 1.000000 1.000000 1.000000 1.000000 1.000000 1.000000 1.000000 1.000000 1.000000 1.000000 1.000000 1.000000 1.000000 1.000000 1.000000 1.000000 1.000000 1.000000 1.000000 1.000000 1.000000 1.000000 1.000000 1.000000 1.000000 1.000000 1.000000 1.000000 1.000000 1.000000 1.000000 1.000000 1.000000 1.000000 1.000000 1.000000 1.000000 1.000000 1.000000 1.000000 1.000000 1.000000 1.000000 1.000000 1.000000 1.000000 1.000000 1.000000 1.000000 1.000000 1.000000 1.000000 1.000000 1.000000 1.000000 1.000000 1.000000 1.000000 1.000000 1.000000 1.000000 1.000000 1.000000 1.000000 1.000000 1.000000 1.000000 1.000000 1.000000 1.000000 1.000000 1.000000 1.000000 1.000000 1.000000 1.000000 1.000000 1.000000 1.000000 1.000000 1.000000 1.000000 1.000000 1.000000 1.000000 1.000000 1.000000 1.000000 1.000000 1.000000 1.000000 1.000000 1.000000 1.000000 1.000000 1.000000 1.000000 1.000000 1.000000 1.000000 1.000000 1.000000 1.000000 1.000000 1.000000 1.000000 1.000000 1.000000 1.000000 1.000000 1.000000 1.000000 1.000000 1.000000 1.000000 1.000000 1.000000 1.000000 1.000000 1.000000 1.000000 1.000000 1.000000 1.000000 1.000000 1.000000 1.000000 1.000000 1.000000 1.000000 1.000000 1.000000 1.000000 1.000000 1.000000 1.000000 1.000000 1.000000 1.000000 1.000000 1.000000 1.000000 1.000000 1.000000 1.000000 1.000000 1.000000 1.000000 1.000000 1.000000 1.000000 1.000000 1.000000 1.000000 1.000000 1.000000 1.000000 1.000000 1.000000 1.000000 1.000000 1.000000 1.000000 1.000000 1.000000 1.000000 1.000000 1.000000 1.000000 1.000000 1.000000 1.000000 1.000000 1.000000 1.000000 1.000000 1.000000 
						1.000000 1.000000 1.000000 1.000000 1.000000 1.000000 1.000000 1.000000 1.000000 1.000000 1.000000 1.000000 1.000000 1.000000 1.000000 1.000000 1.000000 1.000000 1.000000 1.000000 1.000000 1.000000 1.000000 1.000000 1.000000 1.000000 1.000000 1.000000 1.000000 1.000000 1.000000 1.000000 1.000000 1.000000 1.000000 1.000000 1.000000 1.000000 1.000000 1.000000 1.000000 1.000000 1.000000 1.000000 1.000000 1.000000 1.000000 1.000000 1.000000 1.000000 1.000000 1.000000 1.000000 1.000000 1.000000 1.000000 1.000000 1.000000 1.000000 1.000000 1.000000 1.000000 1.000000 1.000000 1.000000 1.000000 1.000000 1.000000 1.000000 1.000000 1.000000 1.000000 1.000000 1.000000 1.000000 1.000000 1.000000 1.000000 1.000000 1.000000 1.000000 1.000000 1.000000 1.000000 1.000000 1.000000 1.000000 1.000000 1.000000 1.000000 1.000000 1.000000 1.000000 1.000000 1.000000 1.000000 1.000000 1.000000 1.000000 1.000000 1.000000 1.000000 1.000000 1.000000 1.000000 1.000000 1.000000 1.000000 1.000000 1.000000 1.000000 1.000000 1.000000 1.000000 1.000000 1.000000 1.000000 1.000000 1.000000 1.000000 1.000000 1.000000 1.000000 1.000000 1.000000 1.000000 1.000000 1.000000 1.000000 1.000000 1.000000 1.000000 1.000000 1.000000 1.000000 1.000000 1.000000 1.000000 1.000000 1.000000 1.000000 1.000000 1.000000 1.000000 1.000000 1.000000 1.000000 1.000000 1.000000 1.000000 1.000000 1.000000 1.000000 1.000000 1.000000 1.000000 1.000000 1.000000 1.000000 1.000000 1.000000 1.000000 1.000000 1.000000 1.000000 1.000000 1.000000 1.000000 1.000000 1.000000 1.000000 1.000000 1.000000 1.000000 1.000000 1.000000 1.000000 1.000000 1.000000 1.000000 1.000000 1.000000 1.000000 1.000000 1.000000 1.000000 1.000000 1.000000 1.000000 1.000000 1.000000 1.000000 
						1.000000 1.000000 1.000000 1.000000 1.000000 1.000000 1.000000 1.000000 1.000000 1.000000 1.000000 1.000000 1.000000 1.000000 1.000000 1.000000 1.000000 1.000000 1.000000 1.000000 1.000000 1.000000 1.000000 1.000000 1.000000 1.000000 1.000000 1.000000 1.000000 1.000000 1.000000 1.000000 1.000000 1.000000 1.000000 1.000000 1.000000 1.000000 1.000000 1.000000 1.000000 1.000000 1.000000 1.000000 1.000000 1.000000 1.000000 1.000000 1.000000 1.000000 1.000000 1.000000 1.000000 1.000000 1.000000 1.000000 1.000000 1.000000 1.000000 1.000000 1.000000 1.000000 1.000000 1.000000 1.000000 1.000000 1.000000 1.000000 1.000000 1.000000 1.000000 1.000000 1.000000 1.000000 1.000000 1.000000 1.000000 1.000000 1.000000 1.000000 1.000000 1.000000 1.000000 1.000000 1.000000 1.000000 1.000000 1.000000 1.000000 1.000000 1.000000 1.000000 1.000000 1.000000 1.000000 1.000000 1.000000 1.000000 1.000000 1.000000 1.000000 1.000000 1.000000 1.000000 1.000000 1.000000 1.000000 1.000000 1.000000 1.000000 1.000000 1.000000 1.000000 1.000000 1.000000 1.000000 1.000000 1.000000 1.000000 1.000000 1.000000 1.000000 1.000000 1.000000 1.000000 1.000000 1.000000 1.000000 1.000000 1.000000 1.000000 1.000000 1.000000 1.000000 1.000000 1.000000 1.000000 1.000000 1.000000 1.000000 1.000000 1.000000 1.000000 1.000000 1.000000 1.000000 1.000000 1.000000 1.000000 1.000000 1.000000 1.000000 1.000000 1.000000 1.000000 1.000000 1.000000 1.000000 1.000000 1.000000 1.000000 1.000000 1.000000 1.000000 1.000000 1.000000 1.000000 1.000000 1.000000 1.000000 1.000000 1.000000 1.000000 1.000000 1.000000 1.000000 1.000000 1.000000 1.000000 1.000000 1.000000 1.000000 1.000000 1.000000 1.000000 1.000000 1.000000 1.000000 1.000000 1.000000 1.000000 1.000000 
						1.000000 1.000000 1.000000 1.000000 1.000000 1.000000 1.000000 1.000000 1.000000 1.000000 1.000000 1.000000 1.000000 1.000000 1.000000 1.000000 1.000000 1.000000 1.000000 1.000000 1.000000 1.000000 1.000000 1.000000 1.000000 1.000000 1.000000 1.000000 1.000000 1.000000 1.000000 1.000000 1.000000 1.000000 1.000000 1.000000 1.000000 1.000000 1.000000 1.000000 1.000000 1.000000 1.000000 1.000000 1.000000 1.000000 1.000000 1.000000 1.000000 1.000000 1.000000 1.000000 1.000000 1.000000 1.000000 1.000000 1.000000 1.000000 1.000000 1.000000 1.000000 1.000000 1.000000 1.000000 1.000000 1.000000 1.000000 1.000000 1.000000 1.000000 1.000000 1.000000 1.000000 1.000000 1.000000 1.000000 1.000000 1.000000 1.000000 1.000000 1.000000 1.000000 1.000000 1.000000 1.000000 1.000000 1.000000 1.000000 1.000000 1.000000 1.000000 1.000000 1.000000 1.000000 1.000000 1.000000 1.000000 1.000000 1.000000 1.000000 1.000000 1.000000 1.000000 1.000000 1.000000 1.000000 1.000000 1.000000 1.000000 1.000000 1.000000 1.000000 1.000000 1.000000 1.000000 1.000000 1.000000 1.000000 1.000000 1.000000 1.000000 1.000000 1.000000 1.000000 1.000000 1.000000 1.000000 1.000000 1.000000 1.000000 1.000000 1.000000 1.000000 1.000000 1.000000 1.000000 1.000000 1.000000 1.000000 1.000000 1.000000 1.000000 1.000000 1.000000 1.000000 1.000000 1.000000 1.000000 1.000000 1.000000 1.000000 1.000000 1.000000 1.000000 1.000000 1.000000 1.000000 1.000000 1.000000 1.000000 1.000000 1.000000 1.000000 1.000000 1.000000 1.000000 1.000000 1.000000 1.000000 1.000000 1.000000 1.000000 1.000000 1.000000 1.000000 1.000000 1.000000 1.000000 1.000000 1.000000 1.000000 1.000000 1.000000 1.000000 1.000000 1.000000 1.000000 1.000000 1.000000 1.000000 1.000000 1.000000 
						1.000000 1.000000 1.000000 1.000000 1.000000 1.000000 1.000000 1.000000 1.000000 1.000000 1.000000 1.000000 1.000000 1.000000 1.000000 1.000000 1.000000 1.000000 1.000000 1.000000 1.000000 1.000000 1.000000 1.000000 1.000000 1.000000 1.000000 1.000000 1.000000 1.000000 1.000000 1.000000 1.000000 1.000000 1.000000 1.000000 1.000000 1.000000 1.000000 1.000000 1.000000 1.000000 1.000000 1.000000 1.000000 1.000000 1.000000 1.000000 1.000000 1.000000 1.000000 1.000000 1.000000 1.000000 1.000000 1.000000 1.000000 1.000000 1.000000 1.000000 1.000000 1.000000 1.000000 1.000000 1.000000 1.000000 1.000000 1.000000 1.000000 1.000000 1.000000 1.000000 1.000000 1.000000 1.000000 1.000000 1.000000 1.000000 1.000000 1.000000 1.000000 1.000000 1.000000 1.000000 1.000000 1.000000 1.000000 1.000000 1.000000 1.000000 1.000000 1.000000 1.000000 1.000000 1.000000 1.000000 1.000000 1.000000 1.000000 1.000000 1.000000 1.000000 1.000000 1.000000 1.000000 1.000000 1.000000 1.000000 1.000000 1.000000 1.000000 1.000000 1.000000 1.000000 1.000000 1.000000 1.000000 1.000000 1.000000 1.000000 1.000000 1.000000 1.000000 1.000000 1.000000 1.000000 1.000000 1.000000 1.000000 1.000000 1.000000 1.000000 1.000000 1.000000 1.000000 1.000000 1.000000 1.000000 1.000000 1.000000 1.000000 1.000000 1.000000 1.000000 1.000000 1.000000 1.000000 1.000000 1.000000 1.000000 1.000000 1.000000 1.000000 1.000000 1.000000 1.000000 1.000000 1.000000 1.000000 1.000000 1.000000 1.000000 1.000000 1.000000 1.000000 1.000000 1.000000 1.000000 1.000000 1.000000 1.000000 1.000000 1.000000 1.000000 1.000000 1.000000 1.000000 1.000000 1.000000 1.000000 1.000000 1.000000 1.000000 1.000000 1.000000 1.000000 1.000000 1.000000 1.000000 1.000000 1.000000 1.000000 
						1.000000 1.000000 1.000000 1.000000 1.000000 1.000000 1.000000 1.000000 1.000000 1.000000 1.000000 1.000000 1.000000 1.000000 1.000000 1.000000 1.000000 1.000000 1.000000 1.000000 1.000000 1.000000 1.000000 1.000000 1.000000 1.000000 1.000000 1.000000 1.000000 1.000000 1.000000 1.000000 1.000000 1.000000 1.000000 1.000000 1.000000 1.000000 1.000000 1.000000 1.000000 1.000000 1.000000 1.000000 1.000000 1.000000 1.000000 1.000000 1.000000 1.000000 1.000000 1.000000 1.000000 1.000000 1.000000 1.000000 1.000000 1.000000 1.000000 1.000000 1.000000 1.000000 1.000000 1.000000 1.000000 1.000000 1.000000 1.000000 1.000000 1.000000 1.000000 1.000000 1.000000 1.000000 1.000000 1.000000 1.000000 1.000000 1.000000 1.000000 1.000000 1.000000 1.000000 1.000000 1.000000 1.000000 1.000000 1.000000 1.000000 1.000000 1.000000 1.000000 1.000000 1.000000 1.000000 1.000000 1.000000 1.000000 1.000000 1.000000 1.000000 1.000000 1.000000 1.000000 1.000000 1.000000 1.000000 1.000000 1.000000 1.000000 1.000000 1.000000 1.000000 1.000000 1.000000 1.000000 1.000000 1.000000 1.000000 1.000000 1.000000 1.000000 1.000000 1.000000 1.000000 1.000000 1.000000 1.000000 1.000000 1.000000 1.000000 1.000000 1.000000 1.000000 1.000000 1.000000 1.000000 1.000000 1.000000 1.000000 1.000000 1.000000 1.000000 1.000000 1.000000 1.000000 1.000000 1.000000 1.000000 1.000000 1.000000 1.000000 1.000000 1.000000 1.000000 1.000000 1.000000 1.000000 1.000000 1.000000 1.000000 1.000000 1.000000 1.000000 1.000000 1.000000 1.000000 1.000000 1.000000 1.000000 1.000000 1.000000 1.000000 1.000000 1.000000 1.000000 1.000000 1.000000 1.000000 1.000000 1.000000 1.000000 1.000000 1.000000 1.000000 1.000000 1.000000 1.000000 1.000000 1.000000 1.000000 1.000000 
						1.000000 1.000000 1.000000 1.000000 1.000000 1.000000 1.000000 1.000000 1.000000 1.000000 1.000000 1.000000 1.000000 1.000000 1.000000 1.000000 1.000000 1.000000 1.000000 1.000000 1.000000 1.000000 1.000000 1.000000 1.000000 1.000000 1.000000 1.000000 1.000000 1.000000 1.000000 1.000000 1.000000 1.000000 1.000000 1.000000 1.000000 1.000000 1.000000 1.000000 1.000000 1.000000 1.000000 1.000000 1.000000 1.000000 1.000000 1.000000 1.000000 1.000000 1.000000 1.000000 1.000000 1.000000 1.000000 1.000000 1.000000 1.000000 1.000000 1.000000 1.000000 1.000000 1.000000 1.000000 1.000000 1.000000 1.000000 1.000000 1.000000 1.000000 1.000000 1.000000 1.000000 1.000000 1.000000 1.000000 1.000000 1.000000 1.000000 1.000000 1.000000 1.000000 1.000000 1.000000 1.000000 1.000000 1.000000 1.000000 1.000000 1.000000 1.000000 1.000000 1.000000 1.000000 1.000000 1.000000 1.000000 1.000000 1.000000 1.000000 1.000000 1.000000 1.000000 1.000000 1.000000 1.000000 1.000000 1.000000 1.000000 1.000000 1.000000 1.000000 1.000000 1.000000 1.000000 1.000000 1.000000 1.000000 1.000000 1.000000 1.000000 1.000000 1.000000 1.000000 1.000000 1.000000 1.000000 1.000000 1.000000 1.000000 1.000000 1.000000 1.000000 1.000000 1.000000 1.000000 1.000000 1.000000 1.000000 1.000000 1.000000 1.000000 1.000000 1.000000 1.000000 1.000000 1.000000 1.000000 1.000000 1.000000 1.000000 1.000000 1.000000 1.000000 1.000000 1.000000 1.000000 1.000000 1.000000 1.000000 1.000000 1.000000 1.000000 1.000000 1.000000 1.000000 1.000000 1.000000 1.000000 1.000000 1.000000 1.000000 1.000000 1.000000 1.000000 1.000000 1.000000 1.000000 1.000000 1.000000 1.000000 1.000000 1.000000 1.000000 1.000000 1.000000 1.000000 1.000000 1.000000 1.000000 1.000000 1.000000 
						1.000000 1.000000 1.000000 1.000000 1.000000 1.000000 1.000000 1.000000 1.000000 1.000000 1.000000 1.000000 1.000000 1.000000 1.000000 1.000000 1.000000 1.000000 1.000000 1.000000 1.000000 1.000000 1.000000 1.000000 1.000000 1.000000 1.000000 1.000000 1.000000 1.000000 1.000000 1.000000 1.000000 1.000000 1.000000 1.000000 1.000000 1.000000 1.000000 1.000000 1.000000 1.000000 1.000000 1.000000 1.000000 1.000000 1.000000 1.000000 1.000000 1.000000 1.000000 1.000000 1.000000 1.000000 1.000000 1.000000 1.000000 1.000000 1.000000 1.000000 1.000000 1.000000 1.000000 1.000000 1.000000 1.000000 1.000000 1.000000 1.000000 1.000000 1.000000 1.000000 1.000000 1.000000 1.000000 1.000000 1.000000 1.000000 1.000000 1.000000 1.000000 1.000000 1.000000 1.000000 1.000000 1.000000 1.000000 1.000000 1.000000 1.000000 1.000000 1.000000 1.000000 1.000000 1.000000 1.000000 1.000000 1.000000 1.000000 1.000000 1.000000 1.000000 1.000000 1.000000 1.000000 1.000000 1.000000 1.000000 1.000000 1.000000 1.000000 1.000000 1.000000 1.000000 1.000000 1.000000 1.000000 1.000000 1.000000 1.000000 1.000000 1.000000 1.000000 1.000000 1.000000 1.000000 1.000000 1.000000 1.000000 1.000000 1.000000 1.000000 1.000000 1.000000 1.000000 1.000000 1.000000 1.000000 1.000000 1.000000 1.000000 1.000000 1.000000 1.000000 1.000000 1.000000 1.000000 1.000000 1.000000 1.000000 1.000000 1.000000 1.000000 1.000000 1.000000 1.000000 1.000000 1.000000 1.000000 1.000000 1.000000 1.000000 1.000000 1.000000 1.000000 1.000000 1.000000 1.000000 1.000000 1.000000 1.000000 1.000000 1.000000 1.000000 1.000000 1.000000 1.000000 1.000000 1.000000 1.000000 1.000000 1.000000 1.000000 1.000000 1.000000 1.000000 1.000000 1.000000 1.000000 1.000000 1.000000 1.000000 
						1.000000 1.000000 1.000000 1.000000 1.000000 1.000000 1.000000 1.000000 1.000000 1.000000 1.000000 1.000000 1.000000 1.000000 1.000000 1.000000 1.000000 1.000000 1.000000 1.000000 1.000000 1.000000 1.000000 1.000000 1.000000 1.000000 1.000000 1.000000 1.000000 1.000000 1.000000 1.000000 1.000000 1.000000 1.000000 1.000000 1.000000 1.000000 1.000000 1.000000 1.000000 1.000000 1.000000 1.000000 1.000000 1.000000 1.000000 1.000000 1.000000 1.000000 1.000000 1.000000 1.000000 1.000000 1.000000 1.000000 1.000000 1.000000 1.000000 1.000000 1.000000 1.000000 1.000000 1.000000 1.000000 1.000000 1.000000 1.000000 1.000000 1.000000 1.000000 1.000000 1.000000 1.000000 1.000000 1.000000 1.000000 1.000000 1.000000 1.000000 1.000000 1.000000 1.000000 1.000000 1.000000 1.000000 1.000000 1.000000 1.000000 1.000000 1.000000 1.000000 1.000000 1.000000 1.000000 1.000000 1.000000 1.000000 1.000000 1.000000 1.000000 1.000000 1.000000 1.000000 1.000000 1.000000 1.000000 1.000000 1.000000 1.000000 1.000000 1.000000 1.000000 1.000000 1.000000 1.000000 1.000000 1.000000 1.000000 1.000000 1.000000 1.000000 1.000000 1.000000 1.000000 1.000000 1.000000 1.000000 1.000000 1.000000 1.000000 1.000000 1.000000 1.000000 1.000000 1.000000 1.000000 1.000000 1.000000 1.000000 1.000000 1.000000 1.000000 1.000000 1.000000 1.000000 1.000000 1.000000 1.000000 1.000000 1.000000 1.000000 1.000000 1.000000 1.000000 1.000000 1.000000 1.000000 1.000000 1.000000 1.000000 1.000000 1.000000 1.000000 1.000000 1.000000 1.000000 1.000000 1.000000 1.000000 1.000000 1.000000 1.000000 1.000000 1.000000 1.000000 1.000000 1.000000 1.000000 1.000000 1.000000 1.000000 1.000000 1.000000 1.000000 1.000000 1.000000 1.000000 1.000000 1.000000 1.000000 1.000000 
						1.000000 1.000000 1.000000 1.000000 1.000000 1.000000 1.000000 1.000000 1.000000 1.000000 1.000000 1.000000 1.000000 1.000000 1.000000 1.000000 1.000000 1.000000 1.000000 1.000000 1.000000 1.000000 1.000000 1.000000 1.000000 1.000000 1.000000 1.000000 1.000000 1.000000 1.000000 1.000000 1.000000 1.000000 1.000000 1.000000 1.000000 1.000000 1.000000 1.000000 1.000000 1.000000 1.000000 1.000000 1.000000 1.000000 1.000000 1.000000 1.000000 1.000000 1.000000 1.000000 1.000000 1.000000 1.000000 1.000000 1.000000 1.000000 1.000000 1.000000 1.000000 1.000000 1.000000 1.000000 1.000000 1.000000 1.000000 1.000000 1.000000 1.000000 1.000000 1.000000 1.000000 1.000000 1.000000 1.000000 1.000000 1.000000 1.000000 1.000000 1.000000 1.000000 1.000000 1.000000 1.000000 1.000000 1.000000 1.000000 1.000000 1.000000 1.000000 1.000000 1.000000 1.000000 1.000000 1.000000 1.000000 1.000000 1.000000 1.000000 1.000000 1.000000 1.000000 1.000000 1.000000 1.000000 1.000000 1.000000 1.000000 1.000000 1.000000 1.000000 1.000000 1.000000 1.000000 1.000000 1.000000 1.000000 1.000000 1.000000 1.000000 1.000000 1.000000 1.000000 1.000000 1.000000 1.000000 1.000000 1.000000 1.000000 1.000000 1.000000 1.000000 1.000000 1.000000 1.000000 1.000000 1.000000 1.000000 1.000000 1.000000 1.000000 1.000000 1.000000 1.000000 1.000000 1.000000 1.000000 1.000000 1.000000 1.000000 1.000000 1.000000 1.000000 1.000000 1.000000 1.000000 1.000000 1.000000 1.000000 1.000000 1.000000 1.000000 1.000000 1.000000 1.000000 1.000000 1.000000 1.000000 1.000000 1.000000 1.000000 1.000000 1.000000 1.000000 1.000000 1.000000 1.000000 1.000000 1.000000 1.000000 1.000000 1.000000 1.000000 1.000000 1.000000 1.000000 1.000000 1.000000 1.000000 1.000000 1.000000 
						1.000000 1.000000 1.000000 1.000000 1.000000 1.000000 1.000000 1.000000 1.000000 1.000000 1.000000 1.000000 1.000000 1.000000 1.000000 1.000000 1.000000 1.000000 1.000000 1.000000 1.000000 1.000000 1.000000 1.000000 1.000000 1.000000 1.000000 1.000000 1.000000 1.000000 1.000000 1.000000 1.000000 1.000000 1.000000 1.000000 1.000000 1.000000 1.000000 1.000000 1.000000 1.000000 1.000000 1.000000 1.000000 1.000000 1.000000 1.000000 1.000000 1.000000 1.000000 1.000000 1.000000 1.000000 1.000000 1.000000 1.000000 1.000000 1.000000 1.000000 1.000000 1.000000 1.000000 1.000000 1.000000 1.000000 1.000000 1.000000 1.000000 1.000000 1.000000 1.000000 1.000000 1.000000 1.000000 1.000000 1.000000 1.000000 1.000000 1.000000 1.000000 1.000000 1.000000 1.000000 1.000000 1.000000 1.000000 1.000000 1.000000 1.000000 1.000000 1.000000 1.000000 1.000000 1.000000 1.000000 1.000000 1.000000 1.000000 1.000000 1.000000 1.000000 1.000000 1.000000 1.000000 1.000000 1.000000 1.000000 1.000000 1.000000 1.000000 1.000000 1.000000 1.000000 1.000000 1.000000 1.000000 1.000000 1.000000 1.000000 1.000000 1.000000 1.000000 1.000000 1.000000 1.000000 1.000000 1.000000 1.000000 1.000000 1.000000 1.000000 1.000000 1.000000 1.000000 1.000000 1.000000 1.000000 1.000000 1.000000 1.000000 1.000000 1.000000 1.000000 1.000000 1.000000 1.000000 1.000000 1.000000 1.000000 1.000000 1.000000 1.000000 1.000000 1.000000 1.000000 1.000000 1.000000 1.000000 1.000000 1.000000 1.000000 1.000000 1.000000 1.000000 1.000000 1.000000 1.000000 1.000000 1.000000 1.000000 1.000000 1.000000 1.000000 1.000000 1.000000 1.000000 1.000000 1.000000 1.000000 1.000000 1.000000 1.000000 1.000000 1.000000 1.000000 1.000000 1.000000 1.000000 1.000000 1.000000 1.000000 
						1.000000 1.000000 1.000000 1.000000 1.000000 1.000000 1.000000 1.000000 1.000000 1.000000 1.000000 1.000000 1.000000 1.000000 1.000000 1.000000 1.000000 1.000000 1.000000 1.000000 1.000000 1.000000 1.000000 1.000000 1.000000 1.000000 1.000000 1.000000 1.000000 1.000000 1.000000 1.000000 1.000000 1.000000 1.000000 1.000000 1.000000 1.000000 1.000000 1.000000 1.000000 1.000000 1.000000 1.000000 1.000000 1.000000 1.000000 1.000000 1.000000 1.000000 1.000000 1.000000 1.000000 1.000000 1.000000 1.000000 1.000000 1.000000 1.000000 1.000000 1.000000 1.000000 1.000000 1.000000 1.000000 1.000000 1.000000 1.000000 1.000000 1.000000 1.000000 1.000000 1.000000 1.000000 1.000000 1.000000 1.000000 1.000000 1.000000 1.000000 1.000000 1.000000 1.000000 1.000000 1.000000 1.000000 1.000000 1.000000 1.000000 1.000000 1.000000 1.000000 1.000000 1.000000 1.000000 1.000000 1.000000 1.000000 1.000000 1.000000 1.000000 1.000000 1.000000 1.000000 1.000000 1.000000 1.000000 1.000000 1.000000 1.000000 1.000000 1.000000 1.000000 1.000000 1.000000 1.000000 1.000000 1.000000 1.000000 1.000000 1.000000 1.000000 1.000000 1.000000 1.000000 1.000000 1.000000 1.000000 1.000000 1.000000 1.000000 1.000000 1.000000 1.000000 1.000000 1.000000 1.000000 1.000000 1.000000 1.000000 1.000000 1.000000 1.000000 1.000000 1.000000 1.000000 1.000000 1.000000 1.000000 1.000000 1.000000 1.000000 1.000000 1.000000 1.000000 1.000000 1.000000 1.000000 1.000000 1.000000 1.000000 1.000000 1.000000 1.000000 1.000000 1.000000 1.000000 1.000000 1.000000 1.000000 1.000000 1.000000 1.000000 1.000000 1.000000 1.000000 1.000000 1.000000 1.000000 1.000000 1.000000 1.000000 1.000000 1.000000 1.000000 1.000000 1.000000 1.000000 1.000000 1.000000 1.000000 1.000000 
						1.000000 1.000000 1.000000 1.000000 1.000000 1.000000 1.000000 1.000000 1.000000 1.000000 1.000000 1.000000 1.000000 1.000000 1.000000 1.000000 1.000000 1.000000 1.000000 1.000000 1.000000 1.000000 1.000000 1.000000 1.000000 1.000000 1.000000 1.000000 1.000000 1.000000 1.000000 1.000000 1.000000 1.000000 1.000000 1.000000 1.000000 1.000000 1.000000 1.000000 1.000000 1.000000 1.000000 1.000000 1.000000 1.000000 1.000000 1.000000 1.000000 1.000000 1.000000 1.000000 1.000000 1.000000 1.000000 1.000000 1.000000 1.000000 1.000000 1.000000 1.000000 1.000000 1.000000 1.000000 1.000000 1.000000 1.000000 1.000000 1.000000 1.000000 1.000000 1.000000 1.000000 1.000000 1.000000 1.000000 1.000000 1.000000 1.000000 1.000000 1.000000 1.000000 1.000000 1.000000 1.000000 1.000000 1.000000 1.000000 1.000000 1.000000 1.000000 1.000000 1.000000 1.000000 1.000000 1.000000 1.000000 1.000000 1.000000 1.000000 1.000000 1.000000 1.000000 1.000000 1.000000 1.000000 1.000000 1.000000 1.000000 1.000000 1.000000 1.000000 1.000000 1.000000 1.000000 1.000000 1.000000 1.000000 1.000000 1.000000 1.000000 1.000000 1.000000 1.000000 1.000000 1.000000 1.000000 1.000000 1.000000 1.000000 1.000000 1.000000 1.000000 1.000000 1.000000 1.000000 1.000000 1.000000 1.000000 1.000000 1.000000 1.000000 1.000000 1.000000 1.000000 1.000000 1.000000 1.000000 1.000000 1.000000 1.000000 1.000000 1.000000 1.000000 1.000000 1.000000 1.000000 1.000000 1.000000 1.000000 1.000000 1.000000 1.000000 1.000000 1.000000 1.000000 1.000000 1.000000 1.000000 1.000000 1.000000 1.000000 1.000000 1.000000 1.000000 1.000000 1.000000 1.000000 1.000000 1.000000 1.000000 1.000000 1.000000 1.000000 1.000000 1.000000 1.000000 1.000000 1.000000 1.000000 1.000000 1.000000 
						1.000000 1.000000 1.000000 1.000000 1.000000 1.000000 1.000000 1.000000 1.000000 1.000000 1.000000 1.000000 1.000000 1.000000 1.000000 1.000000 1.000000 1.000000 1.000000 1.000000 1.000000 1.000000 1.000000 1.000000 1.000000 1.000000 1.000000 1.000000 1.000000 1.000000 1.000000 1.000000 1.000000 1.000000 1.000000 1.000000 1.000000 1.000000 1.000000 1.000000 1.000000 1.000000 1.000000 1.000000 1.000000 1.000000 1.000000 1.000000 1.000000 1.000000 1.000000 1.000000 1.000000 1.000000 1.000000 1.000000 1.000000 1.000000 1.000000 1.000000 1.000000 1.000000 1.000000 1.000000 1.000000 1.000000 1.000000 1.000000 1.000000 1.000000 1.000000 1.000000 1.000000 1.000000 1.000000 1.000000 1.000000 1.000000 1.000000 1.000000 1.000000 1.000000 1.000000 1.000000 1.000000 1.000000 1.000000 1.000000 1.000000 1.000000 1.000000 1.000000 1.000000 1.000000 1.000000 1.000000 1.000000 1.000000 1.000000 1.000000 1.000000 1.000000 1.000000 1.000000 1.000000 1.000000 1.000000 1.000000 1.000000 1.000000 1.000000 1.000000 1.000000 1.000000 1.000000 1.000000 1.000000 1.000000 1.000000 1.000000 1.000000 1.000000 1.000000 1.000000 1.000000 1.000000 1.000000 1.000000 1.000000 1.000000 1.000000 1.000000 1.000000 1.000000 1.000000 1.000000 1.000000 1.000000 1.000000 1.000000 1.000000 1.000000 1.000000 1.000000 1.000000 1.000000 1.000000 1.000000 1.000000 1.000000 1.000000 1.000000 1.000000 1.000000 1.000000 1.000000 1.000000 1.000000 1.000000 1.000000 1.000000 1.000000 1.000000 1.000000 1.000000 1.000000 1.000000 1.000000 1.000000 1.000000 1.000000 1.000000 1.000000 1.000000 1.000000 1.000000 1.000000 1.000000 1.000000 1.000000 1.000000 1.000000 1.000000 1.000000 1.000000 1.000000 1.000000 1.000000 1.000000 1.000000 1.000000 1.000000 
						1.000000 1.000000 1.000000 1.000000 1.000000 1.000000 1.000000 1.000000 1.000000 1.000000 1.000000 1.000000 1.000000 1.000000 1.000000 1.000000 1.000000 1.000000 1.000000 1.000000 1.000000 1.000000 1.000000 1.000000 1.000000 1.000000 1.000000 1.000000 1.000000 1.000000 1.000000 1.000000 1.000000 1.000000 1.000000 1.000000 1.000000 1.000000 1.000000 1.000000 1.000000 1.000000 1.000000 1.000000 1.000000 1.000000 1.000000 1.000000 1.000000 1.000000 1.000000 1.000000 1.000000 1.000000 1.000000 1.000000 1.000000 1.000000 1.000000 1.000000 1.000000 1.000000 1.000000 1.000000 1.000000 1.000000 1.000000 1.000000 1.000000 1.000000 1.000000 1.000000 1.000000 1.000000 1.000000 1.000000 1.000000 1.000000 1.000000 1.000000 1.000000 1.000000 1.000000 1.000000 1.000000 1.000000 1.000000 1.000000 1.000000 1.000000 1.000000 1.000000 1.000000 1.000000 1.000000 1.000000 1.000000 1.000000 1.000000 1.000000 1.000000 1.000000 1.000000 1.000000 1.000000 1.000000 1.000000 1.000000 1.000000 1.000000 1.000000 1.000000 1.000000 1.000000 1.000000 1.000000 1.000000 1.000000 1.000000 1.000000 1.000000 1.000000 1.000000 1.000000 1.000000 1.000000 1.000000 1.000000 1.000000 1.000000 1.000000 1.000000 1.000000 1.000000 1.000000 1.000000 1.000000 1.000000 1.000000 1.000000 1.000000 1.000000 1.000000 1.000000 1.000000 1.000000 1.000000 1.000000 1.000000 1.000000 1.000000 1.000000 1.000000 1.000000 1.000000 1.000000 1.000000 1.000000 1.000000 1.000000 1.000000 1.000000 1.000000 1.000000 1.000000 1.000000 1.000000 1.000000 1.000000 1.000000 1.000000 1.000000 1.000000 1.000000 1.000000 1.000000 1.000000 1.000000 1.000000 1.000000 1.000000 1.000000 1.000000 1.000000 1.000000 1.000000 1.000000 1.000000 1.000000 1.000000 1.000000 1.000000 
						1.000000 1.000000 1.000000 1.000000 1.000000 1.000000 1.000000 1.000000 1.000000 1.000000 1.000000 1.000000 1.000000 1.000000 1.000000 1.000000 1.000000 1.000000 1.000000 1.000000 1.000000 1.000000 1.000000 1.000000 1.000000 1.000000 1.000000 1.000000 1.000000 1.000000 1.000000 1.000000 1.000000 1.000000 1.000000 1.000000 1.000000 1.000000 1.000000 1.000000 1.000000 1.000000 1.000000 1.000000 1.000000 1.000000 1.000000 1.000000 1.000000 1.000000 1.000000 1.000000 1.000000 1.000000 1.000000 1.000000 1.000000 1.000000 1.000000 1.000000 1.000000 1.000000 1.000000 1.000000 1.000000 1.000000 1.000000 1.000000 1.000000 1.000000 1.000000 1.000000 1.000000 1.000000 1.000000 1.000000 1.000000 1.000000 1.000000 1.000000 1.000000 1.000000 1.000000 1.000000 1.000000 1.000000 1.000000 1.000000 1.000000 1.000000 1.000000 1.000000 1.000000 1.000000 1.000000 1.000000 1.000000 1.000000 1.000000 1.000000 1.000000 1.000000 1.000000 1.000000 1.000000 1.000000 1.000000 1.000000 1.000000 1.000000 1.000000 1.000000 1.000000 1.000000 1.000000 1.000000 1.000000 1.000000 1.000000 1.000000 1.000000 1.000000 1.000000 1.000000 1.000000 1.000000 1.000000 1.000000 1.000000 1.000000 1.000000 1.000000 1.000000 1.000000 1.000000 1.000000 1.000000 1.000000 1.000000 1.000000 1.000000 1.000000 1.000000 1.000000 1.000000 1.000000 1.000000 1.000000 1.000000 1.000000 1.000000 1.000000 1.000000 1.000000 1.000000 1.000000 1.000000 1.000000 1.000000 1.000000 1.000000 1.000000 1.000000 1.000000 1.000000 1.000000 1.000000 1.000000 1.000000 1.000000 1.000000 1.000000 1.000000 1.000000 1.000000 1.000000 1.000000 1.000000 1.000000 1.000000 1.000000 1.000000 1.000000 1.000000 1.000000 1.000000 1.000000 1.000000 1.000000 1.000000 1.000000 1.000000 
						1.000000 1.000000 1.000000 1.000000 1.000000 1.000000 1.000000 1.000000 1.000000 1.000000 1.000000 1.000000 1.000000 1.000000 1.000000 1.000000 1.000000 1.000000 1.000000 1.000000 1.000000 1.000000 1.000000 1.000000 1.000000 1.000000 1.000000 1.000000 1.000000 1.000000 1.000000 1.000000 1.000000 1.000000 1.000000 1.000000 1.000000 1.000000 1.000000 1.000000 1.000000 1.000000 1.000000 1.000000 1.000000 1.000000 1.000000 1.000000 1.000000 1.000000 1.000000 1.000000 1.000000 1.000000 1.000000 1.000000 1.000000 1.000000 1.000000 1.000000 1.000000 1.000000 1.000000 1.000000 1.000000 1.000000 1.000000 1.000000 1.000000 1.000000 1.000000 1.000000 1.000000 1.000000 1.000000 1.000000 1.000000 1.000000 1.000000 1.000000 1.000000 1.000000 1.000000 1.000000 1.000000 1.000000 1.000000 1.000000 1.000000 1.000000 1.000000 1.000000 1.000000 1.000000 1.000000 1.000000 1.000000 1.000000 1.000000 1.000000 1.000000 1.000000 1.000000 1.000000 1.000000 1.000000 1.000000 1.000000 1.000000 1.000000 1.000000 1.000000 1.000000 1.000000 1.000000 1.000000 1.000000 1.000000 1.000000 1.000000 1.000000 1.000000 1.000000 1.000000 1.000000 1.000000 1.000000 1.000000 1.000000 1.000000 1.000000 1.000000 1.000000 1.000000 1.000000 1.000000 1.000000 1.000000 1.000000 1.000000 1.000000 1.000000 1.000000 1.000000 1.000000 1.000000 1.000000 1.000000 1.000000 1.000000 1.000000 1.000000 1.000000 1.000000 1.000000 1.000000 1.000000 1.000000 1.000000 1.000000 1.000000 1.000000 1.000000 1.000000 1.000000 1.000000 1.000000 1.000000 1.000000 1.000000 1.000000 1.000000 1.000000 1.000000 1.000000 1.000000 1.000000 1.000000 1.000000 1.000000 1.000000 1.000000 1.000000 1.000000 1.000000 1.000000 1.000000 1.000000 1.000000 1.000000 1.000000 1.000000 
						1.000000 1.000000 1.000000 1.000000 1.000000 1.000000 1.000000 1.000000 1.000000 1.000000 1.000000 1.000000 1.000000 1.000000 1.000000 1.000000 1.000000 1.000000 1.000000 1.000000 1.000000 1.000000 1.000000 1.000000 1.000000 1.000000 1.000000 1.000000 1.000000 1.000000 1.000000 1.000000 1.000000 1.000000 1.000000 1.000000 1.000000 1.000000 1.000000 1.000000 1.000000 1.000000 1.000000 1.000000 1.000000 1.000000 1.000000 1.000000 1.000000 1.000000 1.000000 1.000000 1.000000 1.000000 1.000000 1.000000 1.000000 1.000000 1.000000 1.000000 1.000000 1.000000 1.000000 1.000000 1.000000 1.000000 1.000000 1.000000 1.000000 1.000000 1.000000 1.000000 1.000000 1.000000 1.000000 1.000000 1.000000 1.000000 1.000000 1.000000 1.000000 1.000000 1.000000 1.000000 1.000000 1.000000 1.000000 1.000000 1.000000 1.000000 1.000000 1.000000 1.000000 1.000000 1.000000 1.000000 1.000000 1.000000 1.000000 1.000000 1.000000 1.000000 1.000000 1.000000 1.000000 1.000000 1.000000 1.000000 1.000000 1.000000 1.000000 1.000000 1.000000 1.000000 1.000000 1.000000 1.000000 1.000000 1.000000 1.000000 1.000000 1.000000 1.000000 1.000000 1.000000 1.000000 1.000000 1.000000 1.000000 1.000000 1.000000 1.000000 1.000000 1.000000 1.000000 1.000000 1.000000 1.000000 1.000000 1.000000 1.000000 1.000000 1.000000 1.000000 1.000000 1.000000 1.000000 1.000000 1.000000 1.000000 1.000000 1.000000 1.000000 1.000000 1.000000 1.000000 1.000000 1.000000 1.000000 1.000000 1.000000 1.000000 1.000000 1.000000 1.000000 1.000000 1.000000 1.000000 1.000000 1.000000 1.000000 1.000000 1.000000 1.000000 1.000000 1.000000 1.000000 1.000000 1.000000 1.000000 1.000000 1.000000 1.000000 1.000000 1.000000 1.000000 1.000000 1.000000 1.000000 1.000000 1.000000 1.000000 
						1.000000 1.000000 1.000000 1.000000 1.000000 1.000000 1.000000 1.000000 1.000000 1.000000 1.000000 1.000000 1.000000 1.000000 1.000000 1.000000 1.000000 1.000000 1.000000 1.000000 1.000000 1.000000 1.000000 1.000000 1.000000 1.000000 1.000000 1.000000 1.000000 1.000000 1.000000 1.000000 1.000000 1.000000 1.000000 1.000000 1.000000 1.000000 1.000000 1.000000 1.000000 1.000000 1.000000 1.000000 1.000000 1.000000 1.000000 1.000000 1.000000 1.000000 1.000000 1.000000 1.000000 1.000000 1.000000 1.000000 1.000000 1.000000 1.000000 1.000000 1.000000 1.000000 1.000000 1.000000 1.000000 1.000000 1.000000 1.000000 1.000000 1.000000 1.000000 1.000000 1.000000 1.000000 1.000000 1.000000 1.000000 1.000000 1.000000 1.000000 1.000000 1.000000 1.000000 1.000000 1.000000 1.000000 1.000000 1.000000 1.000000 1.000000 1.000000 1.000000 1.000000 1.000000 1.000000 1.000000 1.000000 1.000000 1.000000 1.000000 1.000000 1.000000 1.000000 1.000000 1.000000 1.000000 1.000000 1.000000 1.000000 1.000000 1.000000 1.000000 1.000000 1.000000 1.000000 1.000000 1.000000 1.000000 1.000000 1.000000 1.000000 1.000000 1.000000 1.000000 1.000000 1.000000 1.000000 1.000000 1.000000 1.000000 1.000000 1.000000 1.000000 1.000000 1.000000 1.000000 1.000000 1.000000 1.000000 1.000000 1.000000 1.000000 1.000000 1.000000 1.000000 1.000000 1.000000 1.000000 1.000000 1.000000 1.000000 1.000000 1.000000 1.000000 1.000000 1.000000 1.000000 1.000000 1.000000 1.000000 1.000000 1.000000 1.000000 1.000000 1.000000 1.000000 1.000000 1.000000 1.000000 1.000000 1.000000 1.000000 1.000000 1.000000 1.000000 1.000000 1.000000 1.000000 1.000000 1.000000 1.000000 1.000000 1.000000 1.000000 1.000000 1.000000 1.000000 1.000000 1.000000 1.000000 1.000000 1.000000 
						1.000000 1.000000 1.000000 1.000000 1.000000 1.000000 1.000000 1.000000 1.000000 1.000000 1.000000 1.000000 1.000000 1.000000 1.000000 1.000000 1.000000 1.000000 1.000000 1.000000 1.000000 1.000000 1.000000 1.000000 1.000000 1.000000 1.000000 1.000000 1.000000 1.000000 1.000000 1.000000 1.000000 1.000000 1.000000 1.000000 1.000000 1.000000 1.000000 1.000000 1.000000 1.000000 1.000000 1.000000 1.000000 1.000000 1.000000 1.000000 1.000000 1.000000 1.000000 1.000000 1.000000 1.000000 1.000000 1.000000 1.000000 1.000000 1.000000 1.000000 1.000000 1.000000 1.000000 1.000000 1.000000 1.000000 1.000000 1.000000 1.000000 1.000000 1.000000 1.000000 1.000000 1.000000 1.000000 1.000000 1.000000 1.000000 1.000000 1.000000 1.000000 1.000000 1.000000 1.000000 1.000000 1.000000 1.000000 1.000000 1.000000 1.000000 1.000000 1.000000 1.000000 1.000000 1.000000 1.000000 1.000000 1.000000 1.000000 1.000000 1.000000 1.000000 1.000000 1.000000 1.000000 1.000000 1.000000 1.000000 1.000000 1.000000 1.000000 1.000000 1.000000 1.000000 1.000000 1.000000 1.000000 1.000000 1.000000 1.000000 1.000000 1.000000 1.000000 1.000000 1.000000 1.000000 1.000000 1.000000 1.000000 1.000000 1.000000 1.000000 1.000000 1.000000 1.000000 1.000000 1.000000 1.000000 1.000000 1.000000 1.000000 1.000000 1.000000 1.000000 1.000000 1.000000 1.000000 1.000000 1.000000 1.000000 1.000000 1.000000 1.000000 1.000000 1.000000 1.000000 1.000000 1.000000 1.000000 1.000000 1.000000 1.000000 1.000000 1.000000 1.000000 1.000000 1.000000 1.000000 1.000000 1.000000 1.000000 1.000000 1.000000 1.000000 1.000000 1.000000 1.000000 1.000000 1.000000 1.000000 1.000000 1.000000 1.000000 1.000000 1.000000 1.000000 1.000000 1.000000 1.000000 1.000000 1.000000 1.000000 
						1.000000 1.000000 1.000000 1.000000 1.000000 1.000000 1.000000 1.000000 1.000000 1.000000 1.000000 1.000000 1.000000 1.000000 1.000000 1.000000 1.000000 1.000000 1.000000 1.000000 1.000000 1.000000 1.000000 1.000000 1.000000 1.000000 1.000000 1.000000 1.000000 1.000000 1.000000 1.000000 1.000000 1.000000 1.000000 1.000000 1.000000 1.000000 1.000000 1.000000 1.000000 1.000000 1.000000 1.000000 1.000000 1.000000 1.000000 1.000000 1.000000 1.000000 1.000000 1.000000 1.000000 1.000000 1.000000 1.000000 1.000000 1.000000 1.000000 1.000000 1.000000 1.000000 1.000000 1.000000 1.000000 1.000000 1.000000 1.000000 1.000000 1.000000 1.000000 1.000000 1.000000 1.000000 1.000000 1.000000 1.000000 1.000000 1.000000 1.000000 1.000000 1.000000 1.000000 1.000000 1.000000 1.000000 1.000000 1.000000 1.000000 1.000000 1.000000 1.000000 1.000000 1.000000 1.000000 1.000000 1.000000 1.000000 1.000000 1.000000 1.000000 1.000000 1.000000 1.000000 1.000000 1.000000 1.000000 1.000000 1.000000 1.000000 1.000000 1.000000 1.000000 1.000000 1.000000 1.000000 1.000000 1.000000 1.000000 1.000000 1.000000 1.000000 1.000000 1.000000 1.000000 1.000000 1.000000 1.000000 1.000000 1.000000 1.000000 1.000000 1.000000 1.000000 1.000000 1.000000 1.000000 1.000000 1.000000 1.000000 1.000000 1.000000 1.000000 1.000000 1.000000 1.000000 1.000000 1.000000 1.000000 1.000000 1.000000 1.000000 1.000000 1.000000 1.000000 1.000000 1.000000 1.000000 1.000000 1.000000 1.000000 1.000000 1.000000 1.000000 1.000000 1.000000 1.000000 1.000000 1.000000 1.000000 1.000000 1.000000 1.000000 1.000000 1.000000 1.000000 1.000000 1.000000 1.000000 1.000000 1.000000 1.000000 1.000000 1.000000 1.000000 1.000000 1.000000 1.000000 1.000000 1.000000 1.000000 1.000000 
						1.000000 1.000000 1.000000 1.000000 1.000000 1.000000 1.000000 1.000000 1.000000 1.000000 1.000000 1.000000 1.000000 1.000000 1.000000 1.000000 1.000000 1.000000 1.000000 1.000000 1.000000 1.000000 1.000000 1.000000 1.000000 1.000000 1.000000 1.000000 1.000000 1.000000 1.000000 1.000000 1.000000 1.000000 1.000000 1.000000 1.000000 1.000000 1.000000 1.000000 1.000000 1.000000 1.000000 1.000000 1.000000 1.000000 1.000000 1.000000 1.000000 1.000000 1.000000 1.000000 1.000000 1.000000 1.000000 1.000000 1.000000 1.000000 1.000000 1.000000 1.000000 1.000000 1.000000 1.000000 1.000000 1.000000 1.000000 1.000000 1.000000 1.000000 1.000000 1.000000 1.000000 1.000000 1.000000 1.000000 1.000000 1.000000 1.000000 1.000000 1.000000 1.000000 1.000000 1.000000 1.000000 1.000000 1.000000 1.000000 1.000000 1.000000 1.000000 1.000000 1.000000 1.000000 1.000000 1.000000 1.000000 1.000000 1.000000 1.000000 1.000000 1.000000 1.000000 1.000000 1.000000 1.000000 1.000000 1.000000 1.000000 1.000000 1.000000 1.000000 1.000000 1.000000 1.000000 1.000000 1.000000 1.000000 1.000000 1.000000 1.000000 1.000000 1.000000 1.000000 1.000000 1.000000 1.000000 1.000000 1.000000 1.000000 1.000000 1.000000 1.000000 1.000000 1.000000 1.000000 1.000000 1.000000 1.000000 1.000000 1.000000 1.000000 1.000000 1.000000 1.000000 1.000000 1.000000 1.000000 1.000000 1.000000 1.000000 1.000000 1.000000 1.000000 1.000000 1.000000 1.000000 1.000000 1.000000 1.000000 1.000000 1.000000 1.000000 1.000000 1.000000 1.000000 1.000000 1.000000 1.000000 1.000000 1.000000 1.000000 1.000000 1.000000 1.000000 1.000000 1.000000 1.000000 1.000000 1.000000 1.000000 1.000000 1.000000 1.000000 1.000000 1.000000 1.000000 1.000000 1.000000 1.000000 1.000000 1.000000 
						1.000000 1.000000 1.000000 1.000000 1.000000 1.000000 1.000000 1.000000 1.000000 1.000000 1.000000 1.000000 1.000000 1.000000 1.000000 1.000000 1.000000 1.000000 1.000000 1.000000 1.000000 1.000000 1.000000 1.000000 1.000000 1.000000 1.000000 1.000000 1.000000 1.000000 1.000000 1.000000 1.000000 1.000000 1.000000 1.000000 1.000000 1.000000 1.000000 1.000000 1.000000 1.000000 1.000000 1.000000 1.000000 1.000000 1.000000 1.000000 1.000000 1.000000 1.000000 1.000000 1.000000 1.000000 1.000000 1.000000 1.000000 1.000000 1.000000 1.000000 1.000000 1.000000 1.000000 1.000000 1.000000 1.000000 1.000000 1.000000 1.000000 1.000000 1.000000 1.000000 1.000000 1.000000 1.000000 1.000000 1.000000 1.000000 1.000000 1.000000 1.000000 1.000000 1.000000 1.000000 1.000000 1.000000 1.000000 1.000000 1.000000 1.000000 1.000000 1.000000 1.000000 1.000000 1.000000 1.000000 1.000000 1.000000 1.000000 1.000000 1.000000 1.000000 1.000000 1.000000 1.000000 1.000000 1.000000 1.000000 1.000000 1.000000 1.000000 1.000000 1.000000 1.000000 1.000000 1.000000 1.000000 1.000000 1.000000 1.000000 1.000000 1.000000 1.000000 1.000000 1.000000 1.000000 1.000000 1.000000 1.000000 1.000000 1.000000 1.000000 1.000000 1.000000 1.000000 1.000000 1.000000 1.000000 1.000000 1.000000 1.000000 1.000000 1.000000 1.000000 1.000000 1.000000 1.000000 1.000000 1.000000 1.000000 1.000000 1.000000 1.000000 1.000000 1.000000 1.000000 1.000000 1.000000 1.000000 1.000000 1.000000 1.000000 1.000000 1.000000 1.000000 1.000000 1.000000 1.000000 1.000000 1.000000 1.000000 1.000000 1.000000 1.000000 1.000000 1.000000 1.000000 1.000000 1.000000 1.000000 1.000000 1.000000 1.000000 1.000000 1.000000 1.000000 1.000000 1.000000 1.000000 1.000000 1.000000 1.000000 
						1.000000 1.000000 1.000000 1.000000 1.000000 1.000000 1.000000 1.000000 1.000000 1.000000 1.000000 1.000000 1.000000 1.000000 1.000000 1.000000 1.000000 1.000000 1.000000 1.000000 1.000000 1.000000 1.000000 1.000000 1.000000 1.000000 1.000000 1.000000 1.000000 1.000000 1.000000 1.000000 1.000000 1.000000 1.000000 1.000000 1.000000 1.000000 1.000000 1.000000 1.000000 1.000000 1.000000 1.000000 1.000000 1.000000 1.000000 1.000000 1.000000 1.000000 1.000000 1.000000 1.000000 1.000000 1.000000 1.000000 1.000000 1.000000 1.000000 1.000000 1.000000 1.000000 1.000000 1.000000 1.000000 1.000000 1.000000 1.000000 1.000000 1.000000 1.000000 1.000000 1.000000 1.000000 1.000000 1.000000 1.000000 1.000000 1.000000 1.000000 1.000000 1.000000 1.000000 1.000000 1.000000 1.000000 1.000000 1.000000 1.000000 1.000000 1.000000 1.000000 1.000000 1.000000 1.000000 1.000000 1.000000 1.000000 1.000000 1.000000 1.000000 1.000000 1.000000 1.000000 1.000000 1.000000 1.000000 1.000000 1.000000 1.000000 1.000000 1.000000 1.000000 1.000000 1.000000 1.000000 1.000000 1.000000 1.000000 1.000000 1.000000 1.000000 1.000000 1.000000 1.000000 1.000000 1.000000 1.000000 1.000000 1.000000 1.000000 1.000000 1.000000 1.000000 1.000000 1.000000 1.000000 1.000000 1.000000 1.000000 1.000000 1.000000 1.000000 1.000000 1.000000 1.000000 1.000000 1.000000 1.000000 1.000000 1.000000 1.000000 1.000000 1.000000 1.000000 1.000000 1.000000 1.000000 1.000000 1.000000 1.000000 1.000000 1.000000 1.000000 1.000000 1.000000 1.000000 1.000000 1.000000 1.000000 1.000000 1.000000 1.000000 1.000000 1.000000 1.000000 1.000000 1.000000 1.000000 1.000000 1.000000 1.000000 1.000000 1.000000 1.000000 1.000000 1.000000 1.000000 1.000000 1.000000 1.000000 1.000000 
						1.000000 1.000000 1.000000 1.000000 1.000000 1.000000 1.000000 1.000000 1.000000 1.000000 1.000000 1.000000 1.000000 1.000000 1.000000 1.000000 1.000000 1.000000 1.000000 1.000000 1.000000 1.000000 1.000000 1.000000 1.000000 1.000000 1.000000 1.000000 1.000000 1.000000 1.000000 1.000000 1.000000 1.000000 1.000000 1.000000 1.000000 1.000000 1.000000 1.000000 1.000000 1.000000 1.000000 1.000000 1.000000 1.000000 1.000000 1.000000 1.000000 1.000000 1.000000 1.000000 1.000000 1.000000 1.000000 1.000000 1.000000 1.000000 1.000000 1.000000 1.000000 1.000000 1.000000 1.000000 1.000000 1.000000 1.000000 1.000000 1.000000 1.000000 1.000000 1.000000 1.000000 1.000000 1.000000 1.000000 1.000000 1.000000 1.000000 1.000000 1.000000 1.000000 1.000000 1.000000 1.000000 1.000000 1.000000 1.000000 1.000000 1.000000 1.000000 1.000000 1.000000 1.000000 1.000000 1.000000 1.000000 1.000000 1.000000 1.000000 1.000000 1.000000 1.000000 1.000000 1.000000 1.000000 1.000000 1.000000 1.000000 1.000000 1.000000 1.000000 1.000000 1.000000 1.000000 1.000000 1.000000 1.000000 1.000000 1.000000 1.000000 1.000000 1.000000 1.000000 1.000000 1.000000 1.000000 1.000000 1.000000 1.000000 1.000000 1.000000 1.000000 1.000000 1.000000 1.000000 1.000000 1.000000 1.000000 1.000000 1.000000 1.000000 1.000000 1.000000 1.000000 1.000000 1.000000 1.000000 1.000000 1.000000 1.000000 1.000000 1.000000 1.000000 1.000000 1.000000 1.000000 1.000000 1.000000 1.000000 1.000000 1.000000 1.000000 1.000000 1.000000 1.000000 1.000000 1.000000 1.000000 1.000000 1.000000 1.000000 1.000000 1.000000 1.000000 1.000000 1.000000 1.000000 1.000000 1.000000 1.000000 1.000000 1.000000 1.000000 1.000000 1.000000 1.000000 1.000000 1.000000 1.000000 1.000000 1.000000 
						1.000000 1.000000 1.000000 1.000000 1.000000 1.000000 1.000000 1.000000 1.000000 1.000000 1.000000 1.000000 1.000000 1.000000 1.000000 1.000000 1.000000 1.000000 1.000000 1.000000 1.000000 1.000000 1.000000 1.000000 1.000000 1.000000 1.000000 1.000000 1.000000 1.000000 1.000000 1.000000 1.000000 1.000000 1.000000 1.000000 1.000000 1.000000 1.000000 1.000000 1.000000 1.000000 1.000000 1.000000 1.000000 1.000000 1.000000 1.000000 1.000000 1.000000 1.000000 1.000000 1.000000 1.000000 1.000000 1.000000 1.000000 1.000000 1.000000 1.000000 1.000000 1.000000 1.000000 1.000000 1.000000 1.000000 1.000000 1.000000 1.000000 1.000000 1.000000 1.000000 1.000000 1.000000 1.000000 1.000000 1.000000 1.000000 1.000000 1.000000 1.000000 1.000000 1.000000 1.000000 1.000000 1.000000 1.000000 1.000000 1.000000 1.000000 1.000000 1.000000 1.000000 1.000000 1.000000 1.000000 1.000000 1.000000 1.000000 1.000000 1.000000 1.000000 1.000000 1.000000 1.000000 1.000000 1.000000 1.000000 1.000000 1.000000 1.000000 1.000000 1.000000 1.000000 1.000000 1.000000 1.000000 1.000000 1.000000 1.000000 1.000000 1.000000 1.000000 1.000000 1.000000 1.000000 1.000000 1.000000 1.000000 1.000000 1.000000 1.000000 1.000000 1.000000 1.000000 1.000000 1.000000 1.000000 1.000000 1.000000 1.000000 1.000000 1.000000 1.000000 1.000000 1.000000 1.000000 1.000000 1.000000 1.000000 1.000000 1.000000 1.000000 1.000000 1.000000 1.000000 1.000000 1.000000 1.000000 1.000000 1.000000 1.000000 1.000000 1.000000 1.000000 1.000000 1.000000 1.000000 1.000000 1.000000 1.000000 1.000000 1.000000 1.000000 1.000000 1.000000 1.000000 1.000000 1.000000 1.000000 1.000000 1.000000 1.000000 1.000000 1.000000 1.000000 1.000000 1.000000 1.000000 1.000000 1.000000 1.000000 
						1.000000 1.000000 1.000000 1.000000 1.000000 1.000000 1.000000 1.000000 1.000000 1.000000 1.000000 1.000000 1.000000 1.000000 1.000000 1.000000 1.000000 1.000000 1.000000 1.000000 1.000000 1.000000 1.000000 1.000000 1.000000 1.000000 1.000000 1.000000 1.000000 1.000000 1.000000 1.000000 1.000000 1.000000 1.000000 1.000000 1.000000 1.000000 1.000000 1.000000 1.000000 1.000000 1.000000 1.000000 1.000000 1.000000 1.000000 1.000000 1.000000 1.000000 1.000000 1.000000 1.000000 1.000000 1.000000 1.000000 1.000000 1.000000 1.000000 1.000000 1.000000 1.000000 1.000000 1.000000 1.000000 1.000000 1.000000 1.000000 1.000000 1.000000 1.000000 1.000000 1.000000 1.000000 1.000000 1.000000 1.000000 1.000000 1.000000 1.000000 1.000000 1.000000 1.000000 1.000000 1.000000 1.000000 1.000000 1.000000 1.000000 1.000000 1.000000 1.000000 1.000000 1.000000 1.000000 1.000000 1.000000 1.000000 1.000000 1.000000 1.000000 1.000000 1.000000 1.000000 1.000000 1.000000 1.000000 1.000000 1.000000 1.000000 1.000000 1.000000 1.000000 1.000000 1.000000 1.000000 1.000000 1.000000 1.000000 1.000000 1.000000 1.000000 1.000000 1.000000 1.000000 1.000000 1.000000 1.000000 1.000000 1.000000 1.000000 1.000000 1.000000 1.000000 1.000000 1.000000 1.000000 1.000000 1.000000 1.000000 1.000000 1.000000 1.000000 1.000000 1.000000 1.000000 1.000000 1.000000 1.000000 1.000000 1.000000 1.000000 1.000000 1.000000 1.000000 1.000000 1.000000 1.000000 1.000000 1.000000 1.000000 1.000000 1.000000 1.000000 1.000000 1.000000 1.000000 1.000000 1.000000 1.000000 1.000000 1.000000 1.000000 1.000000 1.000000 1.000000 1.000000 1.000000 1.000000 1.000000 1.000000 1.000000 1.000000 1.000000 1.000000 1.000000 1.000000 1.000000 1.000000 1.000000 1.000000 1.000000 
						1.000000 1.000000 1.000000 1.000000 1.000000 1.000000 1.000000 1.000000 1.000000 1.000000 1.000000 1.000000 1.000000 1.000000 1.000000 1.000000 1.000000 1.000000 1.000000 1.000000 1.000000 1.000000 1.000000 1.000000 1.000000 1.000000 1.000000 1.000000 1.000000 1.000000 1.000000 1.000000 1.000000 1.000000 1.000000 1.000000 1.000000 1.000000 1.000000 1.000000 1.000000 1.000000 1.000000 1.000000 1.000000 1.000000 1.000000 1.000000 1.000000 1.000000 1.000000 1.000000 1.000000 1.000000 1.000000 1.000000 1.000000 1.000000 1.000000 1.000000 1.000000 1.000000 1.000000 1.000000 1.000000 1.000000 1.000000 1.000000 1.000000 1.000000 1.000000 1.000000 1.000000 1.000000 1.000000 1.000000 1.000000 1.000000 1.000000 1.000000 1.000000 1.000000 1.000000 1.000000 1.000000 1.000000 1.000000 1.000000 1.000000 1.000000 1.000000 1.000000 1.000000 1.000000 1.000000 1.000000 1.000000 1.000000 1.000000 1.000000 1.000000 1.000000 1.000000 1.000000 1.000000 1.000000 1.000000 1.000000 1.000000 1.000000 1.000000 1.000000 1.000000 1.000000 1.000000 1.000000 1.000000 1.000000 1.000000 1.000000 1.000000 1.000000 1.000000 1.000000 1.000000 1.000000 1.000000 1.000000 1.000000 1.000000 1.000000 1.000000 1.000000 1.000000 1.000000 1.000000 1.000000 1.000000 1.000000 1.000000 1.000000 1.000000 1.000000 1.000000 1.000000 1.000000 1.000000 1.000000 1.000000 1.000000 1.000000 1.000000 1.000000 1.000000 1.000000 1.000000 1.000000 1.000000 1.000000 1.000000 1.000000 1.000000 1.000000 1.000000 1.000000 1.000000 1.000000 1.000000 1.000000 1.000000 1.000000 1.000000 1.000000 1.000000 1.000000 1.000000 1.000000 1.000000 1.000000 1.000000 1.000000 1.000000 1.000000 1.000000 1.000000 1.000000 1.000000 1.000000 1.000000 1.000000 1.000000 1.000000 
						1.000000 1.000000 1.000000 1.000000 1.000000 1.000000 1.000000 1.000000 1.000000 1.000000 1.000000 1.000000 1.000000 1.000000 1.000000 1.000000 1.000000 1.000000 1.000000 1.000000 1.000000 1.000000 1.000000 1.000000 1.000000 1.000000 1.000000 1.000000 1.000000 1.000000 1.000000 1.000000 1.000000 1.000000 1.000000 1.000000 1.000000 1.000000 1.000000 1.000000 1.000000 1.000000 1.000000 1.000000 1.000000 1.000000 1.000000 1.000000 1.000000 1.000000 1.000000 1.000000 1.000000 1.000000 1.000000 1.000000 1.000000 1.000000 1.000000 1.000000 1.000000 1.000000 1.000000 1.000000 1.000000 1.000000 1.000000 1.000000 1.000000 1.000000 1.000000 1.000000 1.000000 1.000000 1.000000 1.000000 1.000000 1.000000 1.000000 1.000000 1.000000 1.000000 1.000000 1.000000 1.000000 1.000000 1.000000 1.000000 1.000000 1.000000 1.000000 1.000000 1.000000 1.000000 1.000000 1.000000 1.000000 1.000000 1.000000 1.000000 1.000000 1.000000 1.000000 1.000000 1.000000 1.000000 1.000000 1.000000 1.000000 1.000000 1.000000 1.000000 1.000000 1.000000 1.000000 1.000000 1.000000 1.000000 1.000000 1.000000 1.000000 1.000000 1.000000 1.000000 1.000000 1.000000 1.000000 1.000000 1.000000 1.000000 1.000000 1.000000 1.000000 1.000000 1.000000 1.000000 1.000000 1.000000 1.000000 1.000000 1.000000 1.000000 1.000000 1.000000 1.000000 1.000000 1.000000 1.000000 1.000000 1.000000 1.000000 1.000000 1.000000 1.000000 1.000000 1.000000 1.000000 1.000000 1.000000 1.000000 1.000000 1.000000 1.000000 1.000000 1.000000 1.000000 1.000000 1.000000 1.000000 1.000000 1.000000 1.000000 1.000000 1.000000 1.000000 1.000000 1.000000 1.000000 1.000000 1.000000 1.000000 1.000000 1.000000 1.000000 1.000000 1.000000 1.000000 1.000000 1.000000 1.000000 1.000000 1.000000 
						1.000000 1.000000 1.000000 1.000000 1.000000 1.000000 1.000000 1.000000 1.000000 1.000000 1.000000 1.000000 1.000000 1.000000 1.000000 1.000000 1.000000 1.000000 1.000000 1.000000 1.000000 1.000000 1.000000 1.000000 1.000000 1.000000 1.000000 1.000000 1.000000 1.000000 1.000000 1.000000 1.000000 1.000000 1.000000 1.000000 1.000000 1.000000 1.000000 1.000000 1.000000 1.000000 1.000000 1.000000 1.000000 1.000000 1.000000 1.000000 1.000000 1.000000 1.000000 1.000000 1.000000 1.000000 1.000000 1.000000 1.000000 1.000000 1.000000 1.000000 1.000000 1.000000 1.000000 1.000000 1.000000 1.000000 1.000000 1.000000 1.000000 1.000000 1.000000 1.000000 1.000000 1.000000 1.000000 1.000000 1.000000 1.000000 1.000000 1.000000 1.000000 1.000000 1.000000 1.000000 1.000000 1.000000 1.000000 1.000000 1.000000 1.000000 1.000000 1.000000 1.000000 1.000000 1.000000 1.000000 1.000000 1.000000 1.000000 1.000000 1.000000 1.000000 1.000000 1.000000 1.000000 1.000000 1.000000 1.000000 1.000000 1.000000 1.000000 1.000000 1.000000 1.000000 1.000000 1.000000 1.000000 1.000000 1.000000 1.000000 1.000000 1.000000 1.000000 1.000000 1.000000 1.000000 1.000000 1.000000 1.000000 1.000000 1.000000 1.000000 1.000000 1.000000 1.000000 1.000000 1.000000 1.000000 1.000000 1.000000 1.000000 1.000000 1.000000 1.000000 1.000000 1.000000 1.000000 1.000000 1.000000 1.000000 1.000000 1.000000 1.000000 1.000000 1.000000 1.000000 1.000000 1.000000 1.000000 1.000000 1.000000 1.000000 1.000000 1.000000 1.000000 1.000000 1.000000 1.000000 1.000000 1.000000 1.000000 1.000000 1.000000 1.000000 1.000000 1.000000 1.000000 1.000000 1.000000 1.000000 1.000000 1.000000 1.000000 1.000000 1.000000 1.000000 1.000000 1.000000 1.000000 1.000000 1.000000 1.000000 
						1.000000 1.000000 1.000000 1.000000 1.000000 1.000000 1.000000 1.000000 1.000000 1.000000 1.000000 1.000000 1.000000 1.000000 1.000000 1.000000 1.000000 1.000000 1.000000 1.000000 1.000000 1.000000 1.000000 1.000000 1.000000 1.000000 1.000000 1.000000 1.000000 1.000000 1.000000 1.000000 1.000000 1.000000 1.000000 1.000000 1.000000 1.000000 1.000000 1.000000 1.000000 1.000000 1.000000 1.000000 1.000000 1.000000 1.000000 1.000000 1.000000 1.000000 1.000000 1.000000 1.000000 1.000000 1.000000 1.000000 1.000000 1.000000 1.000000 1.000000 1.000000 1.000000 1.000000 1.000000 1.000000 1.000000 1.000000 1.000000 1.000000 1.000000 1.000000 1.000000 1.000000 1.000000 1.000000 1.000000 1.000000 1.000000 1.000000 1.000000 1.000000 1.000000 1.000000 1.000000 1.000000 1.000000 1.000000 1.000000 1.000000 1.000000 1.000000 1.000000 1.000000 1.000000 1.000000 1.000000 1.000000 1.000000 1.000000 1.000000 1.000000 1.000000 1.000000 1.000000 1.000000 1.000000 1.000000 1.000000 1.000000 1.000000 1.000000 1.000000 1.000000 1.000000 1.000000 1.000000 1.000000 1.000000 1.000000 1.000000 1.000000 1.000000 1.000000 1.000000 1.000000 1.000000 1.000000 1.000000 1.000000 1.000000 1.000000 1.000000 1.000000 1.000000 1.000000 1.000000 1.000000 1.000000 1.000000 1.000000 1.000000 1.000000 1.000000 1.000000 1.000000 1.000000 1.000000 1.000000 1.000000 1.000000 1.000000 1.000000 1.000000 1.000000 1.000000 1.000000 1.000000 1.000000 1.000000 1.000000 1.000000 1.000000 1.000000 1.000000 1.000000 1.000000 1.000000 1.000000 1.000000 1.000000 1.000000 1.000000 1.000000 1.000000 1.000000 1.000000 1.000000 1.000000 1.000000 1.000000 1.000000 1.000000 1.000000 1.000000 1.000000 1.000000 1.000000 1.000000 1.000000 1.000000 1.000000 1.000000 
						1.000000 1.000000 1.000000 1.000000 1.000000 1.000000 1.000000 1.000000 1.000000 1.000000 1.000000 1.000000 1.000000 1.000000 1.000000 1.000000 1.000000 1.000000 1.000000 1.000000 1.000000 1.000000 1.000000 1.000000 1.000000 1.000000 1.000000 1.000000 1.000000 1.000000 1.000000 1.000000 1.000000 1.000000 1.000000 1.000000 1.000000 1.000000 1.000000 1.000000 1.000000 1.000000 1.000000 1.000000 1.000000 1.000000 1.000000 1.000000 1.000000 1.000000 1.000000 1.000000 1.000000 1.000000 1.000000 1.000000 1.000000 1.000000 1.000000 1.000000 1.000000 1.000000 1.000000 1.000000 1.000000 1.000000 1.000000 1.000000 1.000000 1.000000 1.000000 1.000000 1.000000 1.000000 1.000000 1.000000 1.000000 1.000000 1.000000 1.000000 1.000000 1.000000 1.000000 1.000000 1.000000 1.000000 1.000000 1.000000 1.000000 1.000000 1.000000 1.000000 1.000000 1.000000 1.000000 1.000000 1.000000 1.000000 1.000000 1.000000 1.000000 1.000000 1.000000 1.000000 1.000000 1.000000 1.000000 1.000000 1.000000 1.000000 1.000000 
					</float_array>
					<technique_common>
						<accessor count="5477" offset="0" source="#meshId0-color0-array" stride="3">
							<param name="R" type="float" />
							<param name="G" type="float" />
							<param name="B" type="float" />
						</accessor>
					</technique_common>
				</source>
				<vertices id="meshId0-vertices">
					<input semantic="POSITION" source="#meshId0-positions" />
				</vertices>
				<polylist count="5572" material="defaultMaterial">
					<input offset="0" semantic="VERTEX" source="#meshId0-vertices" />
					<input offset="0" semantic="NORMAL" source="#meshId0-normals" />
					<input offset="0" semantic="TANGENT" source="#meshId0-tangents" />
					<input offset="0" semantic="BINORMAL" source="#meshId0-bitangents" />
					<input offset="0" semantic="TEXCOORD" source="#meshId0-tex0" set="0" />
					<input offset="0" semantic="COLOR" source="#meshId0-color0" set="0" />
					<vcount>
						3 3 3 3 3 3 3 3 3 3 3 3 3 3 3 3 3 3 3 3 3 3 3 3 3 3 3 3 3 3 3 3 3 3 3 3 3 3 3 3 3 3 3 3 3 3 3 3 3 3 3 3 3 3 3 3 3 3 3 3 3 3 3 3 
						3 3 3 3 3 3 3 3 3 3 3 3 3 3 3 3 3 3 3 3 3 3 3 3 3 3 3 3 3 3 3 3 3 3 3 3 3 3 3 3 3 3 3 3 3 3 3 3 3 3 3 3 3 3 3 3 3 3 3 3 3 3 3 3 
						3 3 3 3 3 3 3 3 3 3 3 3 3 3 3 3 3 3 3 3 3 3 3 3 3 3 3 3 3 3 3 3 3 3 3 3 3 3 3 3 3 3 3 3 3 3 3 3 3 3 3 3 3 3 3 3 3 3 3 3 3 3 3 3 
						3 3 3 3 3 3 3 3 3 3 3 3 3 3 3 3 3 3 3 3 3 3 3 3 3 3 3 3 3 3 3 3 3 3 3 3 3 3 3 3 3 3 3 3 3 3 3 3 3 3 3 3 3 3 3 3 3 3 3 3 3 3 3 3 
						3 3 3 3 3 3 3 3 3 3 3 3 3 3 3 3 3 3 3 3 3 3 3 3 3 3 3 3 3 3 3 3 3 3 3 3 3 3 3 3 3 3 3 3 3 3 3 3 3 3 3 3 3 3 3 3 3 3 3 3 3 3 3 3 
						3 3 3 3 3 3 3 3 3 3 3 3 3 3 3 3 3 3 3 3 3 3 3 3 3 3 3 3 3 3 3 3 3 3 3 3 3 3 3 3 3 3 3 3 3 3 3 3 3 3 3 3 3 3 3 3 3 3 3 3 3 3 3 3 
						3 3 3 3 3 3 3 3 3 3 3 3 3 3 3 3 3 3 3 3 3 3 3 3 3 3 3 3 3 3 3 3 3 3 3 3 3 3 3 3 3 3 3 3 3 3 3 3 3 3 3 3 3 3 3 3 3 3 3 3 3 3 3 3 
						3 3 3 3 3 3 3 3 3 3 3 3 3 3 3 3 3 3 3 3 3 3 3 3 3 3 3 3 3 3 3 3 3 3 3 3 3 3 3 3 3 3 3 3 3 3 3 3 3 3 3 3 3 3 3 3 3 3 3 3 3 3 3 3 
						3 3 3 3 3 3 3 3 3 3 3 3 3 3 3 3 3 3 3 3 3 3 3 3 3 3 3 3 3 3 3 3 3 3 3 3 3 3 3 3 3 3 3 3 3 3 3 3 3 3 3 3 3 3 3 3 3 3 3 3 3 3 3 3 
						3 3 3 3 3 3 3 3 3 3 3 3 3 3 3 3 3 3 3 3 3 3 3 3 3 3 3 3 3 3 3 3 3 3 3 3 3 3 3 3 3 3 3 3 3 3 3 3 3 3 3 3 3 3 3 3 3 3 3 3 3 3 3 3 
						3 3 3 3 3 3 3 3 3 3 3 3 3 3 3 3 3 3 3 3 3 3 3 3 3 3 3 3 3 3 3 3 3 3 3 3 3 3 3 3 3 3 3 3 3 3 3 3 3 3 3 3 3 3 3 3 3 3 3 3 3 3 3 3 
						3 3 3 3 3 3 3 3 3 3 3 3 3 3 3 3 3 3 3 3 3 3 3 3 3 3 3 3 3 3 3 3 3 3 3 3 3 3 3 3 3 3 3 3 3 3 3 3 3 3 3 3 3 3 3 3 3 3 3 3 3 3 3 3 
						3 3 3 3 3 3 3 3 3 3 3 3 3 3 3 3 3 3 3 3 3 3 3 3 3 3 3 3 3 3 3 3 3 3 3 3 3 3 3 3 3 3 3 3 3 3 3 3 3 3 3 3 3 3 3 3 3 3 3 3 3 3 3 3 
						3 3 3 3 3 3 3 3 3 3 3 3 3 3 3 3 3 3 3 3 3 3 3 3 3 3 3 3 3 3 3 3 3 3 3 3 3 3 3 3 3 3 3 3 3 3 3 3 3 3 3 3 3 3 3 3 3 3 3 3 3 3 3 3 
						3 3 3 3 3 3 3 3 3 3 3 3 3 3 3 3 3 3 3 3 3 3 3 3 3 3 3 3 3 3 3 3 3 3 3 3 3 3 3 3 3 3 3 3 3 3 3 3 3 3 3 3 3 3 3 3 3 3 3 3 3 3 3 3 
						3 3 3 3 3 3 3 3 3 3 3 3 3 3 3 3 3 3 3 3 3 3 3 3 3 3 3 3 3 3 3 3 3 3 3 3 3 3 3 3 3 3 3 3 3 3 3 3 3 3 3 3 3 3 3 3 3 3 3 3 3 3 3 3 
						3 3 3 3 3 3 3 3 3 3 3 3 3 3 3 3 3 3 3 3 3 3 3 3 3 3 3 3 3 3 3 3 3 3 3 3 3 3 3 3 3 3 3 3 3 3 3 3 3 3 3 3 3 3 3 3 3 3 3 3 3 3 3 3 
						3 3 3 3 3 3 3 3 3 3 3 3 3 3 3 3 3 3 3 3 3 3 3 3 3 3 3 3 3 3 3 3 3 3 3 3 3 3 3 3 3 3 3 3 3 3 3 3 3 3 3 3 3 3 3 3 3 3 3 3 3 3 3 3 
						3 3 3 3 3 3 3 3 3 3 3 3 3 3 3 3 3 3 3 3 3 3 3 3 3 3 3 3 3 3 3 3 3 3 3 3 3 3 3 3 3 3 3 3 3 3 3 3 3 3 3 3 3 3 3 3 3 3 3 3 3 3 3 3 
						3 3 3 3 3 3 3 3 3 3 3 3 3 3 3 3 3 3 3 3 3 3 3 3 3 3 3 3 3 3 3 3 3 3 3 3 3 3 3 3 3 3 3 3 3 3 3 3 3 3 3 3 3 3 3 3 3 3 3 3 3 3 3 3 
						3 3 3 3 3 3 3 3 3 3 3 3 3 3 3 3 3 3 3 3 3 3 3 3 3 3 3 3 3 3 3 3 3 3 3 3 3 3 3 3 3 3 3 3 3 3 3 3 3 3 3 3 3 3 3 3 3 3 3 3 3 3 3 3 
						3 3 3 3 3 3 3 3 3 3 3 3 3 3 3 3 3 3 3 3 3 3 3 3 3 3 3 3 3 3 3 3 3 3 3 3 3 3 3 3 3 3 3 3 3 3 3 3 3 3 3 3 3 3 3 3 3 3 3 3 3 3 3 3 
						3 3 3 3 3 3 3 3 3 3 3 3 3 3 3 3 3 3 3 3 3 3 3 3 3 3 3 3 3 3 3 3 3 3 3 3 3 3 3 3 3 3 3 3 3 3 3 3 3 3 3 3 3 3 3 3 3 3 3 3 3 3 3 3 
						3 3 3 3 3 3 3 3 3 3 3 3 3 3 3 3 3 3 3 3 3 3 3 3 3 3 3 3 3 3 3 3 3 3 3 3 3 3 3 3 3 3 3 3 3 3 3 3 3 3 3 3 3 3 3 3 3 3 3 3 3 3 3 3 
						3 3 3 3 3 3 3 3 3 3 3 3 3 3 3 3 3 3 3 3 3 3 3 3 3 3 3 3 3 3 3 3 3 3 3 3 3 3 3 3 3 3 3 3 3 3 3 3 3 3 3 3 3 3 3 3 3 3 3 3 3 3 3 3 
						3 3 3 3 3 3 3 3 3 3 3 3 3 3 3 3 3 3 3 3 3 3 3 3 3 3 3 3 3 3 3 3 3 3 3 3 3 3 3 3 3 3 3 3 3 3 3 3 3 3 3 3 3 3 3 3 3 3 3 3 3 3 3 3 
						3 3 3 3 3 3 3 3 3 3 3 3 3 3 3 3 3 3 3 3 3 3 3 3 3 3 3 3 3 3 3 3 3 3 3 3 3 3 3 3 3 3 3 3 3 3 3 3 3 3 3 3 3 3 3 3 3 3 3 3 3 3 3 3 
						3 3 3 3 3 3 3 3 3 3 3 3 3 3 3 3 3 3 3 3 3 3 3 3 3 3 3 3 3 3 3 3 3 3 3 3 3 3 3 3 3 3 3 3 3 3 3 3 3 3 3 3 3 3 3 3 3 3 3 3 3 3 3 3 
						3 3 3 3 3 3 3 3 3 3 3 3 3 3 3 3 3 3 3 3 3 3 3 3 3 3 3 3 3 3 3 3 3 3 3 3 3 3 3 3 3 3 3 3 3 3 3 3 3 3 3 3 3 3 3 3 3 3 3 3 3 3 3 3 
						3 3 3 3 3 3 3 3 3 3 3 3 3 3 3 3 3 3 3 3 3 3 3 3 3 3 3 3 3 3 3 3 3 3 3 3 3 3 3 3 3 3 3 3 3 3 3 3 3 3 3 3 3 3 3 3 3 3 3 3 3 3 3 3 
						3 3 3 3 3 3 3 3 3 3 3 3 3 3 3 3 3 3 3 3 3 3 3 3 3 3 3 3 3 3 3 3 3 3 3 3 3 3 3 3 3 3 3 3 3 3 3 3 3 3 3 3 3 3 3 3 3 3 3 3 3 3 3 3 
						3 3 3 3 3 3 3 3 3 3 3 3 3 3 3 3 3 3 3 3 3 3 3 3 3 3 3 3 3 3 3 3 3 3 3 3 3 3 3 3 3 3 3 3 3 3 3 3 3 3 3 3 3 3 3 3 3 3 3 3 3 3 3 3 
						3 3 3 3 3 3 3 3 3 3 3 3 3 3 3 3 3 3 3 3 3 3 3 3 3 3 3 3 3 3 3 3 3 3 3 3 3 3 3 3 3 3 3 3 3 3 3 3 3 3 3 3 3 3 3 3 3 3 3 3 3 3 3 3 
						3 3 3 3 3 3 3 3 3 3 3 3 3 3 3 3 3 3 3 3 3 3 3 3 3 3 3 3 3 3 3 3 3 3 3 3 3 3 3 3 3 3 3 3 3 3 3 3 3 3 3 3 3 3 3 3 3 3 3 3 3 3 3 3 
						3 3 3 3 3 3 3 3 3 3 3 3 3 3 3 3 3 3 3 3 3 3 3 3 3 3 3 3 3 3 3 3 3 3 3 3 3 3 3 3 3 3 3 3 3 3 3 3 3 3 3 3 3 3 3 3 3 3 3 3 3 3 3 3 
						3 3 3 3 3 3 3 3 3 3 3 3 3 3 3 3 3 3 3 3 3 3 3 3 3 3 3 3 3 3 3 3 3 3 3 3 3 3 3 3 3 3 3 3 3 3 3 3 3 3 3 3 3 3 3 3 3 3 3 3 3 3 3 3 
						3 3 3 3 3 3 3 3 3 3 3 3 3 3 3 3 3 3 3 3 3 3 3 3 3 3 3 3 3 3 3 3 3 3 3 3 3 3 3 3 3 3 3 3 3 3 3 3 3 3 3 3 3 3 3 3 3 3 3 3 3 3 3 3 
						3 3 3 3 3 3 3 3 3 3 3 3 3 3 3 3 3 3 3 3 3 3 3 3 3 3 3 3 3 3 3 3 3 3 3 3 3 3 3 3 3 3 3 3 3 3 3 3 3 3 3 3 3 3 3 3 3 3 3 3 3 3 3 3 
						3 3 3 3 3 3 3 3 3 3 3 3 3 3 3 3 3 3 3 3 3 3 3 3 3 3 3 3 3 3 3 3 3 3 3 3 3 3 3 3 3 3 3 3 3 3 3 3 3 3 3 3 3 3 3 3 3 3 3 3 3 3 3 3 
						3 3 3 3 3 3 3 3 3 3 3 3 3 3 3 3 3 3 3 3 3 3 3 3 3 3 3 3 3 3 3 3 3 3 3 3 3 3 3 3 3 3 3 3 3 3 3 3 3 3 3 3 3 3 3 3 3 3 3 3 3 3 3 3 
						3 3 3 3 3 3 3 3 3 3 3 3 3 3 3 3 3 3 3 3 3 3 3 3 3 3 3 3 3 3 3 3 3 3 3 3 3 3 3 3 3 3 3 3 3 3 3 3 3 3 3 3 3 3 3 3 3 3 3 3 3 3 3 3 
						3 3 3 3 3 3 3 3 3 3 3 3 3 3 3 3 3 3 3 3 3 3 3 3 3 3 3 3 3 3 3 3 3 3 3 3 3 3 3 3 3 3 3 3 3 3 3 3 3 3 3 3 3 3 3 3 3 3 3 3 3 3 3 3 
						3 3 3 3 3 3 3 3 3 3 3 3 3 3 3 3 3 3 3 3 3 3 3 3 3 3 3 3 3 3 3 3 3 3 3 3 3 3 3 3 3 3 3 3 3 3 3 3 3 3 3 3 3 3 3 3 3 3 3 3 3 3 3 3 
						3 3 3 3 3 3 3 3 3 3 3 3 3 3 3 3 3 3 3 3 3 3 3 3 3 3 3 3 3 3 3 3 3 3 3 3 3 3 3 3 3 3 3 3 3 3 3 3 3 3 3 3 3 3 3 3 3 3 3 3 3 3 3 3 
						3 3 3 3 3 3 3 3 3 3 3 3 3 3 3 3 3 3 3 3 3 3 3 3 3 3 3 3 3 3 3 3 3 3 3 3 3 3 3 3 3 3 3 3 3 3 3 3 3 3 3 3 3 3 3 3 3 3 3 3 3 3 3 3 
						3 3 3 3 3 3 3 3 3 3 3 3 3 3 3 3 3 3 3 3 3 3 3 3 3 3 3 3 3 3 3 3 3 3 3 3 3 3 3 3 3 3 3 3 3 3 3 3 3 3 3 3 3 3 3 3 3 3 3 3 3 3 3 3 
						3 3 3 3 3 3 3 3 3 3 3 3 3 3 3 3 3 3 3 3 3 3 3 3 3 3 3 3 3 3 3 3 3 3 3 3 3 3 3 3 3 3 3 3 3 3 3 3 3 3 3 3 3 3 3 3 3 3 3 3 3 3 3 3 
						3 3 3 3 3 3 3 3 3 3 3 3 3 3 3 3 3 3 3 3 3 3 3 3 3 3 3 3 3 3 3 3 3 3 3 3 3 3 3 3 3 3 3 3 3 3 3 3 3 3 3 3 3 3 3 3 3 3 3 3 3 3 3 3 
						3 3 3 3 3 3 3 3 3 3 3 3 3 3 3 3 3 3 3 3 3 3 3 3 3 3 3 3 3 3 3 3 3 3 3 3 3 3 3 3 3 3 3 3 3 3 3 3 3 3 3 3 3 3 3 3 3 3 3 3 3 3 3 3 
						3 3 3 3 3 3 3 3 3 3 3 3 3 3 3 3 3 3 3 3 3 3 3 3 3 3 3 3 3 3 3 3 3 3 3 3 3 3 3 3 3 3 3 3 3 3 3 3 3 3 3 3 3 3 3 3 3 3 3 3 3 3 3 3 
						3 3 3 3 3 3 3 3 3 3 3 3 3 3 3 3 3 3 3 3 3 3 3 3 3 3 3 3 3 3 3 3 3 3 3 3 3 3 3 3 3 3 3 3 3 3 3 3 3 3 3 3 3 3 3 3 3 3 3 3 3 3 3 3 
						3 3 3 3 3 3 3 3 3 3 3 3 3 3 3 3 3 3 3 3 3 3 3 3 3 3 3 3 3 3 3 3 3 3 3 3 3 3 3 3 3 3 3 3 3 3 3 3 3 3 3 3 3 3 3 3 3 3 3 3 3 3 3 3 
						3 3 3 3 3 3 3 3 3 3 3 3 3 3 3 3 3 3 3 3 3 3 3 3 3 3 3 3 3 3 3 3 3 3 3 3 3 3 3 3 3 3 3 3 3 3 3 3 3 3 3 3 3 3 3 3 3 3 3 3 3 3 3 3 
						3 3 3 3 3 3 3 3 3 3 3 3 3 3 3 3 3 3 3 3 3 3 3 3 3 3 3 3 3 3 3 3 3 3 3 3 3 3 3 3 3 3 3 3 3 3 3 3 3 3 3 3 3 3 3 3 3 3 3 3 3 3 3 3 
						3 3 3 3 3 3 3 3 3 3 3 3 3 3 3 3 3 3 3 3 3 3 3 3 3 3 3 3 3 3 3 3 3 3 3 3 3 3 3 3 3 3 3 3 3 3 3 3 3 3 3 3 3 3 3 3 3 3 3 3 3 3 3 3 
						3 3 3 3 3 3 3 3 3 3 3 3 3 3 3 3 3 3 3 3 3 3 3 3 3 3 3 3 3 3 3 3 3 3 3 3 3 3 3 3 3 3 3 3 3 3 3 3 3 3 3 3 3 3 3 3 3 3 3 3 3 3 3 3 
						3 3 3 3 3 3 3 3 3 3 3 3 3 3 3 3 3 3 3 3 3 3 3 3 3 3 3 3 3 3 3 3 3 3 3 3 3 3 3 3 3 3 3 3 3 3 3 3 3 3 3 3 3 3 3 3 3 3 3 3 3 3 3 3 
						3 3 3 3 3 3 3 3 3 3 3 3 3 3 3 3 3 3 3 3 3 3 3 3 3 3 3 3 3 3 3 3 3 3 3 3 3 3 3 3 3 3 3 3 3 3 3 3 3 3 3 3 3 3 3 3 3 3 3 3 3 3 3 3 
						3 3 3 3 3 3 3 3 3 3 3 3 3 3 3 3 3 3 3 3 3 3 3 3 3 3 3 3 3 3 3 3 3 3 3 3 3 3 3 3 3 3 3 3 3 3 3 3 3 3 3 3 3 3 3 3 3 3 3 3 3 3 3 3 
						3 3 3 3 3 3 3 3 3 3 3 3 3 3 3 3 3 3 3 3 3 3 3 3 3 3 3 3 3 3 3 3 3 3 3 3 3 3 3 3 3 3 3 3 3 3 3 3 3 3 3 3 3 3 3 3 3 3 3 3 3 3 3 3 
						3 3 3 3 3 3 3 3 3 3 3 3 3 3 3 3 3 3 3 3 3 3 3 3 3 3 3 3 3 3 3 3 3 3 3 3 3 3 3 3 3 3 3 3 3 3 3 3 3 3 3 3 3 3 3 3 3 3 3 3 3 3 3 3 
						3 3 3 3 3 3 3 3 3 3 3 3 3 3 3 3 3 3 3 3 3 3 3 3 3 3 3 3 3 3 3 3 3 3 3 3 3 3 3 3 3 3 3 3 3 3 3 3 3 3 3 3 3 3 3 3 3 3 3 3 3 3 3 3 
						3 3 3 3 3 3 3 3 3 3 3 3 3 3 3 3 3 3 3 3 3 3 3 3 3 3 3 3 3 3 3 3 3 3 3 3 3 3 3 3 3 3 3 3 3 3 3 3 3 3 3 3 3 3 3 3 3 3 3 3 3 3 3 3 
						3 3 3 3 3 3 3 3 3 3 3 3 3 3 3 3 3 3 3 3 3 3 3 3 3 3 3 3 3 3 3 3 3 3 3 3 3 3 3 3 3 3 3 3 3 3 3 3 3 3 3 3 3 3 3 3 3 3 3 3 3 3 3 3 
						3 3 3 3 3 3 3 3 3 3 3 3 3 3 3 3 3 3 3 3 3 3 3 3 3 3 3 3 3 3 3 3 3 3 3 3 3 3 3 3 3 3 3 3 3 3 3 3 3 3 3 3 3 3 3 3 3 3 3 3 3 3 3 3 
						3 3 3 3 3 3 3 3 3 3 3 3 3 3 3 3 3 3 3 3 3 3 3 3 3 3 3 3 3 3 3 3 3 3 3 3 3 3 3 3 3 3 3 3 3 3 3 3 3 3 3 3 3 3 3 3 3 3 3 3 3 3 3 3 
						3 3 3 3 3 3 3 3 3 3 3 3 3 3 3 3 3 3 3 3 3 3 3 3 3 3 3 3 3 3 3 3 3 3 3 3 3 3 3 3 3 3 3 3 3 3 3 3 3 3 3 3 3 3 3 3 3 3 3 3 3 3 3 3 
						3 3 3 3 3 3 3 3 3 3 3 3 3 3 3 3 3 3 3 3 3 3 3 3 3 3 3 3 3 3 3 3 3 3 3 3 3 3 3 3 3 3 3 3 3 3 3 3 3 3 3 3 3 3 3 3 3 3 3 3 3 3 3 3 
						3 3 3 3 3 3 3 3 3 3 3 3 3 3 3 3 3 3 3 3 3 3 3 3 3 3 3 3 3 3 3 3 3 3 3 3 3 3 3 3 3 3 3 3 3 3 3 3 3 3 3 3 3 3 3 3 3 3 3 3 3 3 3 3 
						3 3 3 3 3 3 3 3 3 3 3 3 3 3 3 3 3 3 3 3 3 3 3 3 3 3 3 3 3 3 3 3 3 3 3 3 3 3 3 3 3 3 3 3 3 3 3 3 3 3 3 3 3 3 3 3 3 3 3 3 3 3 3 3 
						3 3 3 3 3 3 3 3 3 3 3 3 3 3 3 3 3 3 3 3 3 3 3 3 3 3 3 3 3 3 3 3 3 3 3 3 3 3 3 3 3 3 3 3 3 3 3 3 3 3 3 3 3 3 3 3 3 3 3 3 3 3 3 3 
						3 3 3 3 3 3 3 3 3 3 3 3 3 3 3 3 3 3 3 3 3 3 3 3 3 3 3 3 3 3 3 3 3 3 3 3 3 3 3 3 3 3 3 3 3 3 3 3 3 3 3 3 3 3 3 3 3 3 3 3 3 3 3 3 
						3 3 3 3 3 3 3 3 3 3 3 3 3 3 3 3 3 3 3 3 3 3 3 3 3 3 3 3 3 3 3 3 3 3 3 3 3 3 3 3 3 3 3 3 3 3 3 3 3 3 3 3 3 3 3 3 3 3 3 3 3 3 3 3 
						3 3 3 3 3 3 3 3 3 3 3 3 3 3 3 3 3 3 3 3 3 3 3 3 3 3 3 3 3 3 3 3 3 3 3 3 3 3 3 3 3 3 3 3 3 3 3 3 3 3 3 3 3 3 3 3 3 3 3 3 3 3 3 3 
						3 3 3 3 3 3 3 3 3 3 3 3 3 3 3 3 3 3 3 3 3 3 3 3 3 3 3 3 3 3 3 3 3 3 3 3 3 3 3 3 3 3 3 3 3 3 3 3 3 3 3 3 3 3 3 3 3 3 3 3 3 3 3 3 
						3 3 3 3 3 3 3 3 3 3 3 3 3 3 3 3 3 3 3 3 3 3 3 3 3 3 3 3 3 3 3 3 3 3 3 3 3 3 3 3 3 3 3 3 3 3 3 3 3 3 3 3 3 3 3 3 3 3 3 3 3 3 3 3 
						3 3 3 3 3 3 3 3 3 3 3 3 3 3 3 3 3 3 3 3 3 3 3 3 3 3 3 3 3 3 3 3 3 3 3 3 3 3 3 3 3 3 3 3 3 3 3 3 3 3 3 3 3 3 3 3 3 3 3 3 3 3 3 3 
						3 3 3 3 3 3 3 3 3 3 3 3 3 3 3 3 3 3 3 3 3 3 3 3 3 3 3 3 3 3 3 3 3 3 3 3 3 3 3 3 3 3 3 3 3 3 3 3 3 3 3 3 3 3 3 3 3 3 3 3 3 3 3 3 
						3 3 3 3 3 3 3 3 3 3 3 3 3 3 3 3 3 3 3 3 3 3 3 3 3 3 3 3 3 3 3 3 3 3 3 3 3 3 3 3 3 3 3 3 3 3 3 3 3 3 3 3 3 3 3 3 3 3 3 3 3 3 3 3 
						3 3 3 3 3 3 3 3 3 3 3 3 3 3 3 3 3 3 3 3 3 3 3 3 3 3 3 3 3 3 3 3 3 3 3 3 3 3 3 3 3 3 3 3 3 3 3 3 3 3 3 3 3 3 3 3 3 3 3 3 3 3 3 3 
						3 3 3 3 3 3 3 3 3 3 3 3 3 3 3 3 3 3 3 3 3 3 3 3 3 3 3 3 3 3 3 3 3 3 3 3 3 3 3 3 3 3 3 3 3 3 3 3 3 3 3 3 3 3 3 3 3 3 3 3 3 3 3 3 
						3 3 3 3 3 3 3 3 3 3 3 3 3 3 3 3 3 3 3 3 3 3 3 3 3 3 3 3 3 3 3 3 3 3 3 3 3 3 3 3 3 3 3 3 3 3 3 3 3 3 3 3 3 3 3 3 3 3 3 3 3 3 3 3 
						3 3 3 3 3 3 3 3 3 3 3 3 3 3 3 3 3 3 3 3 3 3 3 3 3 3 3 3 3 3 3 3 3 3 3 3 3 3 3 3 3 3 3 3 3 3 3 3 3 3 3 3 3 3 3 3 3 3 3 3 3 3 3 3 
						3 3 3 3 3 3 3 3 3 3 3 3 3 3 3 3 3 3 3 3 3 3 3 3 3 3 3 3 3 3 3 3 3 3 3 3 3 3 3 3 3 3 3 3 3 3 3 3 3 3 3 3 3 3 3 3 3 3 3 3 3 3 3 3 
						3 3 3 3 3 3 3 3 3 3 3 3 3 3 3 3 3 3 3 3 3 3 3 3 3 3 3 3 3 3 3 3 3 3 3 3 3 3 3 3 3 3 3 3 3 3 3 3 3 3 3 3 3 3 3 3 3 3 3 3 3 3 3 3 
						3 3 3 3 3 3 3 3 3 3 3 3 3 3 3 3 3 3 3 3 3 3 3 3 3 3 3 3 3 3 3 3 3 3 3 3 3 3 3 3 3 3 3 3 3 3 3 3 3 3 3 3 3 3 3 3 3 3 3 3 3 3 3 3 
						3 3 3 3 3 3 3 3 3 3 3 3 3 3 3 3 3 3 3 3 3 3 3 3 3 3 3 3 3 3 3 3 3 3 3 3 3 3 3 3 3 3 3 3 3 3 3 3 3 3 3 3 3 3 3 3 3 3 3 3 3 3 3 3 
						3 3 3 3 
					</vcount>
					<p>
						0 1 2 2 3 0 4 5 6 6 7 4 0 3 8 7 9 4 0 8 10 11 12 13 13 14 11 0 15 16 16 1 0 1 17 18 18 2 1 19 5 4 4 20 19 21 15 0 0 10 21 12 22 23 23 13 12 16 24 17 17 1 16 25 26 19 19 27 25 28 29 12 12 11 28 4 9 30 31 32 33 33 34 31 15 35 36 36 16 15 17 37 38 38 18 17 39 40 25 25 27 39 29 28 41 29 41 42 29 42 43 29 44 22 22 12 29 45 4 46 4 47 39 39 27 4 4 30 46 48 49 50 50 51 48 24 16 52 53 54 55 56 26 25 25 57 58 58 59 60 25 58 60 56 25 60 44 29 43 43 61 44 62 63 33 33 64 62 65 47 4 4 45 65 66 67 68 68 69 66 38 37 70 70 71 38 72 73 48 48 51 72 
						74 75 76 76 77 74 78 79 80 80 81 78 53 55 82 79 83 84 84 80 79 15 85 86 87 88 89 89 90 35 87 89 35 91 87 35 86 91 35 15 86 35 35 92 93 93 36 35 94 95 96 96 97 94 98 66 69 69 99 100 98 69 100 25 40 101 25 101 102 102 103 104 25 102 104 25 104 57 105 106 107 107 108 105 109 110 111 111 112 109 64 113 114 114 115 116 114 116 117 64 114 117 62 64 117 71 70 118 118 119 71 119 118 120 120 121 119 122 68 67 67 123 122 69 68 124 124 125 69 126 127 128 128 129 126 130 63 62 131 132 133 133 134 131 135 136 137 135 137 138 138 139 140 135 138 140 141 135 140 142 143 144 144 145 142 128 127 146 146 147 128 81 148 149 149 78 81 83 150 151 151 84 83 36 152 153 154 155 36 36 93 154 
						156 82 157 158 159 95 95 94 158 160 161 162 162 163 160 164 109 112 112 165 164 166 167 168 168 169 166 170 171 172 172 173 170 173 172 174 174 175 173 176 177 178 178 179 176 179 178 167 167 166 179 120 180 121 181 124 68 68 122 181 99 69 125 125 182 99 183 184 185 185 186 183 70 187 188 188 118 70 189 130 62 190 191 132 132 131 190 192 193 194 194 195 192 196 197 78 78 149 196 197 198 79 79 78 197 198 199 83 83 79 198 36 155 152 200 149 148 148 201 200 202 203 204 204 205 202 206 207 208 208 209 206 210 211 212 212 213 210 214 215 216 216 217 214 218 219 220 220 221 218 222 223 224 224 225 222 35 90 226 226 227 228 35 226 228 35 228 229 35 229 92 93 230 231 231 154 93 92 232 230 230 93 92 156 157 233 151 150 234 234 235 151 
						236 237 238 236 238 239 239 240 241 239 241 242 236 239 242 243 244 245 245 246 243 161 247 248 248 162 161 249 242 241 241 250 249 251 252 253 253 254 251 255 256 257 258 255 257 258 257 259 188 260 120 120 118 188 120 261 180 262 263 264 264 265 262 266 267 268 266 268 186 269 266 186 270 269 186 185 270 186 271 189 62 190 272 273 273 191 190 149 200 274 274 196 149 83 199 275 275 150 83 276 277 278 279 280 281 281 282 279 202 283 284 284 203 202 285 286 287 287 288 285 289 290 291 291 292 289 293 294 295 295 296 293 297 298 299 299 300 297 301 302 303 303 304 301 305 306 307 307 308 305 309 310 311 311 312 309 313 314 315 315 316 313 317 318 319 319 320 317 321 322 323 323 324 321 325 326 327 327 328 325 329 330 331 331 332 329 333 334 335 335 336 337 
						333 335 337 333 337 338 339 340 155 155 154 339 341 339 154 154 231 341 342 232 92 92 229 342 235 234 343 343 344 235 345 346 347 347 348 345 348 347 349 349 350 348 351 352 159 159 158 351 265 264 353 353 354 265 355 356 357 358 355 357 358 357 359 358 359 360 358 360 361 362 250 241 241 363 362 364 365 366 366 367 368 364 366 368 62 364 368 251 369 370 370 252 251 258 371 255 372 258 259 259 373 372 374 259 257 257 375 374 258 376 371 376 377 370 370 369 376 120 260 378 378 261 120 379 380 381 381 382 379 383 384 385 385 386 383 384 387 388 388 385 384 389 185 184 390 391 392 392 393 390 187 394 188 395 194 193 193 396 395 397 398 271 399 397 271 62 399 271 272 400 401 401 273 272 402 403 404 404 405 402 406 407 197 197 196 406 408 406 196 196 274 408 
						197 407 409 409 198 197 275 410 234 234 150 275 409 411 199 199 198 409 412 413 282 282 281 412 414 415 285 285 288 414 416 211 210 210 417 416 418 220 219 219 419 418 312 420 421 421 309 312 422 322 321 321 423 422 424 425 426 426 427 424 428 429 430 430 431 428 432 433 434 333 338 435 435 436 333 333 437 334 438 439 440 440 441 438 442 337 336 336 443 442 444 445 446 446 447 444 231 448 449 449 341 231 230 450 448 448 231 230 451 452 453 453 454 451 455 450 230 230 232 455 456 457 344 344 343 456 234 410 458 458 343 234 459 346 345 345 460 459 461 240 462 461 462 463 464 461 463 240 465 462 460 466 467 467 459 460 247 468 469 469 248 247 363 241 240 240 461 363 363 470 471 471 362 363 472 473 253 253 252 472 368 474 62 475 365 364 476 477 478 478 479 476 
						366 480 481 481 367 366 482 483 484 484 485 482 252 370 486 487 488 489 489 490 487 377 376 258 258 372 377 259 374 491 491 373 259 375 492 493 493 374 375 494 495 496 496 497 494 498 499 260 260 188 498 391 379 382 382 392 391 500 501 502 500 502 503 504 500 503 360 359 505 505 506 360 507 508 509 509 510 507 511 512 513 513 514 511 515 516 517 517 518 515 519 185 389 520 521 522 522 523 520 474 399 62 524 525 526 526 527 524 397 528 529 529 398 397 412 530 531 531 413 412 407 532 533 533 409 407 199 411 534 534 275 199 339 535 536 536 340 339 537 538 539 539 540 537 538 541 542 542 539 538 543 291 290 290 544 543 545 295 294 294 546 545 547 548 303 303 302 547 299 298 549 549 550 299 305 551 552 552 306 305 553 554 318 318 317 553 315 314 555 555 556 315 
						427 557 558 558 424 427 559 560 561 561 562 559 563 564 565 565 566 563 567 568 569 569 570 567 571 572 573 573 574 571 575 576 577 577 578 575 579 580 581 581 582 579 583 584 585 585 586 583 341 587 535 535 339 341 449 588 587 587 341 449 342 589 232 589 455 232 343 458 590 590 456 343 591 361 592 463 591 592 464 463 592 464 593 594 594 461 464 240 239 465 361 591 595 461 594 470 470 363 461 596 597 472 472 252 596 598 482 485 485 599 598 600 475 364 601 602 477 477 476 601 603 604 605 605 606 603 607 608 609 607 609 610 611 607 610 610 612 613 611 610 613 614 615 616 616 617 614 252 486 596 618 619 620 620 621 618 494 487 490 490 495 494 622 623 624 624 625 622 626 627 628 628 629 626 491 374 493 630 631 632 632 633 630 634 635 507 507 510 634 636 637 638 
						638 639 636 504 640 638 504 503 640 641 642 500 500 504 641 501 500 643 643 644 501 360 506 645 645 646 360 647 648 649 649 650 647 651 652 653 654 655 656 657 654 656 653 657 656 651 653 656 516 658 659 659 517 516 660 185 519 636 639 522 522 521 636 661 662 663 661 663 664 661 664 665 185 661 665 666 667 457 457 456 666 524 598 599 599 525 524 668 669 670 670 671 668 672 532 407 407 406 672 406 408 673 673 674 672 406 673 672 533 675 411 411 409 533 534 676 410 410 275 534 677 678 679 432 680 681 681 433 432 682 683 684 684 685 682 686 687 688 688 689 686 690 691 692 691 693 692 694 695 696 696 697 694 696 695 698 698 699 696 699 698 692 692 693 699 700 666 456 456 590 700 410 676 701 701 458 410 701 702 590 590 458 701 592 703 593 593 464 592 361 360 646 
						646 592 361 361 595 358 704 705 706 706 707 708 704 706 708 364 704 708 709 710 711 711 712 709 713 714 597 597 596 713 715 716 600 717 715 600 364 717 600 601 718 719 719 602 601 718 720 721 721 719 718 722 723 724 722 724 725 722 725 726 726 727 728 722 726 728 618 621 729 729 730 618 629 628 631 631 630 629 624 731 732 732 625 624 733 628 627 627 734 733 735 491 493 736 632 631 631 737 736 738 739 499 499 498 738 499 740 741 741 742 743 499 741 743 743 744 745 499 743 745 499 745 746 260 499 746 260 746 747 748 749 750 750 751 748 637 641 504 504 638 637 752 753 754 754 755 752 756 643 500 500 642 756 643 757 758 758 644 643 645 759 760 760 646 645 659 658 761 761 762 659 763 764 765 660 763 765 185 660 765 521 766 636 661 185 767 768 769 770 770 771 768 
						662 772 773 773 663 662 774 775 776 776 777 774 778 665 664 520 779 780 780 521 520 498 781 782 531 530 783 783 784 531 542 541 785 785 786 542 787 788 533 533 532 787 411 675 789 789 534 411 535 738 498 498 536 535 498 782 536 667 666 790 790 791 667 666 700 792 792 790 666 793 794 795 795 796 793 587 797 738 738 535 587 690 692 798 588 799 797 797 587 588 453 800 801 802 453 801 704 802 801 803 804 805 805 806 803 590 702 807 807 700 590 808 809 702 702 701 808 646 760 703 703 592 646 364 708 810 704 811 705 812 813 814 814 815 812 706 816 817 817 707 706 818 819 820 820 821 818 822 823 824 824 825 826 822 824 826 704 822 826 704 826 802 827 828 829 829 830 827 831 832 714 714 713 831 833 711 710 710 834 833 364 835 717 836 837 838 838 839 836 715 840 841 
						841 716 715 842 843 844 844 845 842 737 631 628 628 733 737 735 493 846 846 847 735 848 732 731 731 849 848 850 851 852 852 853 850 854 855 856 856 857 854 858 649 648 648 859 858 860 861 862 862 863 860 864 865 866 866 867 864 750 749 753 753 752 750 868 869 870 870 871 868 872 873 874 874 875 872 756 876 757 757 643 756 762 761 877 877 878 762 767 185 765 879 764 763 763 880 879 881 882 883 883 884 881 521 885 766 886 887 769 769 768 886 888 889 890 888 890 891 892 893 894 891 892 894 888 891 894 895 896 897 897 898 895 899 900 901 901 902 899 903 904 905 903 905 906 907 903 906 906 908 909 907 906 909 775 910 911 911 776 775 912 665 778 780 913 885 885 521 780 532 672 914 784 783 915 915 916 784 917 914 672 672 674 917 785 918 919 919 786 785 533 788 920 
						920 675 533 914 921 787 787 532 914 789 922 676 676 534 789 700 807 923 923 792 700 924 798 692 704 801 925 926 695 694 694 927 926 928 929 930 930 931 928 932 698 695 695 926 932 932 933 692 692 698 932 676 922 808 808 701 676 702 809 934 934 807 702 810 935 364 821 820 936 936 937 821 704 938 811 812 939 940 940 813 812 941 942 943 943 944 941 945 946 947 945 947 948 949 945 948 949 948 950 949 950 951 952 953 954 954 955 952 956 957 958 956 958 959 960 956 959 960 959 961 960 961 962 834 963 964 964 833 834 965 966 967 967 968 965 966 969 970 970 967 966 971 926 927 927 972 971 827 830 851 851 850 827 364 973 835 974 975 837 837 836 974 976 977 978 978 979 976 847 846 980 980 981 847 982 983 848 848 849 982 831 984 985 985 832 831 797 986 739 739 738 797 
						499 739 987 499 987 988 988 989 990 499 988 990 499 990 740 991 992 993 993 994 991 995 996 997 997 998 995 999 1000 1001 1001 1002 999 1003 1004 1005 1005 1006 1003 1007 1008 1009 1009 1010 1007 1011 1012 1013 1014 1015 1016 1016 1017 1014 1018 1019 1020 1020 1021 1018 1022 861 860 860 1023 1022 865 864 1024 1024 1025 865 865 868 871 871 866 865 869 868 1026 1026 1027 869 1028 1029 872 872 875 1028 756 1030 876 1019 1018 1031 1031 1032 1019 1033 1034 1035 1035 1036 1033 883 882 887 887 886 883 1037 1038 1039 1039 1040 1037 1041 1042 1043 1043 1044 1041 911 910 1042 1042 1041 911 1045 1046 1047 912 1045 1047 665 912 1047 1048 1049 1050 1048 1050 1051 1048 1051 1052 665 1048 1052 1053 1054 1055 1055 1056 1053 913 1057 1058 1058 885 913 1059 1060 917 917 674 1059 918 1061 1062 1062 919 918 1063 920 788 675 920 1064 1064 789 675 1063 788 787 787 1065 1063 1066 986 797 
						797 799 1066 704 925 1067 1068 928 931 931 1069 1068 1070 1071 1072 1072 1073 1074 1070 1072 1074 1070 1074 1075 1070 1075 1076 1077 1078 933 1079 1077 933 1080 1079 933 1080 933 932 932 1081 1082 1083 1084 1085 1082 1083 1085 932 1082 1085 1080 932 1085 1085 1086 1087 1080 1085 1087 934 1088 1089 807 934 1089 807 1089 923 808 1090 1091 1091 809 808 937 936 1092 1092 1093 937 1094 1095 1096 1094 1096 364 935 1094 364 1097 1098 938 1067 1097 938 704 1067 938 939 1099 1100 1100 940 939 1099 1101 1102 1102 1100 1099 1093 1092 1103 1103 1104 1093 985 1105 1106 985 1106 1107 832 985 1107 1108 1109 1110 1110 1111 1108 1081 932 926 1112 1081 926 971 1112 926 832 1113 714 364 1114 973 974 1115 1116 1116 975 974 1117 1118 1119 1120 1117 1119 1121 1120 1119 1121 1119 1122 1121 1122 1123 1124 981 980 1124 1125 985 985 984 1124 739 986 1126 1126 987 739 1127 1128 1129 1129 1130 1127 1131 993 992 
						992 1132 1131 1133 1134 1135 1135 1136 1137 1133 1135 1137 1133 1137 1138 1139 1140 1141 1141 1142 1139 1143 1144 1145 1145 1146 1143 1147 1148 1149 1149 1150 1147 1151 1152 1153 1153 1154 1151 1155 1156 1157 1157 1158 1155 1159 1160 1161 1161 1162 1159 1163 1164 1165 1165 1166 1163 1167 1168 1169 1169 1170 1167 1171 1172 1173 1173 1174 1171 1175 1176 1012 1012 1011 1175 1177 1178 1179 1179 1180 1177 1181 1182 1183 1183 1184 1181 868 865 1025 1025 1026 868 1185 1186 1187 1187 1188 1185 1029 1028 1189 1189 1190 1029 1191 1192 876 876 1030 1191 1193 1194 1195 1195 1196 1193 665 1047 1197 1045 1198 1199 1199 1046 1045 1200 1201 1202 1202 1203 1200 665 1204 1048 1205 1206 1207 1207 1208 1205 1049 1209 1210 1210 1050 1049 1211 1212 1213 1213 1214 1211 1052 1051 1215 1216 1217 1218 1219 1216 1218 1220 1219 1218 1220 1218 1221 1052 1220 1221 1222 1223 1054 1054 1053 1222 1057 1224 1225 1225 1058 1057 917 1226 914 1063 1227 1228 1228 920 1063 
						920 1228 1229 1229 1064 920 922 789 1064 1064 1230 922 787 921 1231 1231 1065 787 1232 1227 1063 1063 1065 1232 914 1226 1233 1233 921 914 692 1234 1235 1235 924 692 1236 1234 692 692 1237 1236 1068 1069 1238 1238 1239 1068 808 922 1230 1230 1090 808 1091 1240 1241 1241 809 1091 809 1241 934 934 1241 1242 1242 1088 934 1094 1243 1244 1244 1095 1094 1245 1246 1247 1247 1248 1245 1096 1249 364 1239 1238 1250 1250 1251 1239 1097 1252 1253 1253 1098 1097 1254 1255 1256 1256 1257 1254 1258 1259 1260 1260 1261 1258 832 1107 1113 1105 985 1125 1125 1262 1105 1263 1264 1265 1265 1266 1263 1267 1268 1269 1269 1270 1267 1271 1272 1114 1114 364 1271 1115 1273 1274 1274 1116 1115 1124 980 1275 1275 1125 1124 1276 1277 1278 1129 1279 1280 1280 1130 1129 1133 1138 1276 1281 1134 1133 1133 1282 1281 1283 1284 1285 1285 1286 1283 1287 1136 1135 1135 1288 1287 1289 1290 1291 1291 1292 1289 1293 1294 1295 1295 1296 1293 1297 1298 1299 
						1300 1301 1302 1302 1303 1300 1304 1149 1148 1148 1305 1304 1306 1000 999 999 1307 1306 1160 1159 1308 1308 1309 1160 1310 1009 1008 1008 1311 1310 1186 1182 1181 1181 1187 1186 1225 1224 1312 1312 1313 1225 1314 1190 1189 1189 1315 1314 1316 1317 1192 1192 1191 1316 665 1197 1318 1201 1319 1320 1320 1202 1201 1321 1322 1323 1323 1324 1321 1204 665 1325 1326 1205 1208 1208 1327 1326 1328 1329 1330 1328 1330 1331 1332 1328 1331 1332 1331 1333 1332 1333 1334 1335 1336 1337 1337 1338 1335 1339 1340 1341 1341 1342 1339 1343 1344 1345 1343 1345 1346 1347 1343 1346 1347 1346 1348 1347 1348 1349 1213 1212 1350 1350 1351 1213 1052 1215 1352 1353 1354 1355 1353 1355 1220 1052 1353 1220 1356 1357 1223 1223 1222 1356 1060 1358 1226 1226 917 1060 1359 1088 1242 1242 1360 1359 1229 1361 1230 1230 1064 1229 1231 1362 1232 1232 1065 1231 1363 1231 921 921 1233 1363 1364 986 1066 933 1078 1365 933 1365 1366 933 1366 1367 1236 933 1367 1368 1369 1370 
						1367 1368 1370 1236 1367 1370 1370 1371 1372 1370 1372 1373 1236 1370 1373 1236 1373 1374 1375 1234 1236 1236 1376 1375 1377 1378 1379 1379 1380 1377 1267 1381 1382 1382 1268 1267 1383 1384 1385 1385 1386 1383 1387 1388 1389 1389 1390 1387 1391 1090 1230 1091 1090 1391 1391 1392 1091 1245 1248 1393 1393 1394 1245 1395 1396 1397 1397 1398 1395 1249 1271 364 1125 1275 1399 1399 1262 1125 1263 1266 1400 1400 1401 1263 1263 1402 1403 1404 1405 1406 1404 1406 1264 1403 1404 1264 1263 1403 1264 1407 1408 1409 1409 1410 1407 1272 1411 1412 1412 1114 1272 1413 1414 1415 1415 1416 1413 1126 986 1364 1417 1178 1177 1177 1418 1417 1419 1420 1421 1421 1422 1419 1423 1424 1425 1425 1426 1423 1427 1428 1429 1429 1430 1427 1431 1432 1433 1433 1434 1431 1435 1436 1437 1437 1438 1435 1439 1440 1441 1441 1442 1439 1443 1444 1445 1445 1446 1443 1299 1447 1448 1448 1297 1299 1301 1300 1449 1449 1450 1301 1451 1152 1151 1151 1452 1451 1164 1163 1453 1453 1454 1164 
						1168 1455 1456 1456 1169 1168 1171 1457 1458 1458 1172 1171 1176 1175 1459 1459 1460 1176 1461 1462 1463 1224 1461 1463 1224 1463 1312 1312 1464 1465 1465 1313 1312 1316 1465 1317 665 1318 1466 1320 1319 1467 1467 1468 1320 1469 1470 1471 1471 1472 1473 1471 1473 1474 1469 1471 1474 1469 1474 1475 1476 1326 1327 1327 1477 1476 1478 1479 1480 665 1478 1480 1325 665 1480 1481 1476 1477 1477 1482 1481 1483 1484 1485 1485 1486 1483 1351 1350 1484 1484 1483 1351 1487 1488 1489 1352 1487 1489 1052 1352 1489 1052 1490 1353 1491 1492 1493 1493 1494 1491 1495 1375 1376 1376 1496 1495 1224 1057 1497 1226 1498 1233 1499 1500 1360 1360 1242 1499 1501 1229 1228 1228 1227 1501 1502 1501 1227 1227 1232 1502 1233 1498 1503 1503 1363 1233 1363 1504 1362 1362 1231 1363 1234 1375 1505 1505 1235 1234 1376 1236 1374 1376 1374 1506 1376 1506 1507 1508 1509 1510 1510 1511 1508 1511 1510 1512 1512 1513 1511 1513 1512 1388 1388 1387 1513 1514 1515 1390 1390 1389 1514 
						1514 1516 1517 1517 1515 1514 1361 1518 1391 1391 1230 1361 1391 1518 1519 1519 1392 1391 1520 1240 1091 1091 1392 1520 1521 1499 1241 1241 1240 1521 1242 1241 1499 1394 1393 1408 1408 1407 1394 1522 1523 1524 1524 1525 1526 1524 1526 1527 1522 1524 1527 1522 1527 1528 1400 1529 1530 1530 1401 1400 1402 1263 1401 1401 1531 1402 1532 1385 1384 1384 1533 1532 1534 1535 1536 1536 1537 1534 1505 1375 1495 1495 1538 1505 1539 1540 1541 1541 1542 1539 1543 1544 1545 1545 1546 1543 1547 1548 1549 1549 1550 1547 1156 1551 1552 1552 1157 1156 1224 1497 1461 1553 1554 1555 1555 1556 1553 1557 1558 1559 1559 1560 1557 1464 1312 1463 1463 1561 1464 1464 1562 1317 1317 1465 1464 1466 1563 1564 1564 665 1466 1468 1467 1565 1565 1566 1468 1478 665 1567 1568 1569 1570 1570 1571 1568 1572 1480 1479 1479 1573 1572 1574 1575 1576 1576 1577 1574 1578 1579 1580 1580 1581 1578 1052 1489 1490 1582 1488 1487 1487 1583 1582 1584 1585 1586 1586 1587 1584 1588 1589 1492 
						1492 1491 1588 1590 1591 1592 1592 1593 1594 1590 1592 1594 1590 1594 1595 1590 1595 1596 1597 1598 1599 1599 1600 1597 1496 1376 1507 1507 1601 1496 1556 1555 1602 1602 1603 1556 1358 1604 1498 1498 1226 1358 1501 1518 1361 1361 1229 1501 1605 1502 1232 1232 1362 1605 1363 1503 1504 1606 1607 1608 1608 1609 1606 1517 1516 1610 1610 1611 1517 1610 1606 1609 1609 1611 1610 1519 1612 1520 1520 1392 1519 1613 1521 1240 1240 1520 1613 1401 1530 1614 1614 1531 1401 1615 1616 1402 1617 1615 1402 1617 1402 1531 1617 1531 1618 1402 1619 1403 1533 1620 1621 1621 1532 1533 1622 1623 1624 1624 1625 1622 1626 1560 1559 1559 1627 1626 1628 1629 1630 1628 1630 1631 1558 1628 1631 1559 1558 1631 1559 1631 1632 1561 1633 1562 1562 1464 1561 1567 665 1564 1466 1634 1635 1635 1563 1466 1636 1637 1638 1638 1639 1636 1640 1641 1642 1642 1643 1640 1644 1569 1568 1568 1645 1644 1646 1647 1648 1648 1649 1646 1585 1589 1588 1588 1586 1585 1650 1651 1652 1652 1653 1650 
						1654 1655 1500 1500 1499 1654 1498 1604 1656 1656 1503 1498 1657 1519 1518 1518 1501 1657 1504 1658 1605 1605 1362 1504 1659 1612 1519 1519 1657 1659 1503 1656 1658 1658 1504 1503 1660 1661 1662 1662 1663 1660 1607 1664 1665 1665 1608 1607 1664 1660 1663 1663 1665 1664 1666 1667 1668 1668 1669 1666 1670 1671 1672 1672 1673 1670 1674 1675 1508 1508 1676 1674 1508 1675 1509 1677 1615 1617 1617 1678 1679 1679 1680 1681 1617 1679 1681 1617 1681 1682 1677 1617 1682 1612 1683 1613 1613 1520 1612 1499 1521 1654 1684 1654 1521 1521 1613 1684 1531 1614 1685 1685 1618 1531 1618 1686 1632 1632 1687 1688 1618 1632 1688 1617 1618 1688 1402 1616 1619 1627 1559 1632 1632 1686 1627 1627 1689 1690 1690 1626 1627 1637 1644 1645 1645 1638 1637 1691 1692 1693 1693 1694 1691 1695 1696 1697 1698 1695 1697 1698 1697 1699 1698 1699 1700 1698 1700 1701 1702 1669 1668 1668 1703 1702 1704 1705 1684 1684 1683 1704 1706 1707 1671 1671 1670 1706 1613 1683 1684 1618 1685 1708 
						1708 1686 1618 1709 1710 1711 1711 1678 1617 1709 1711 1617 1712 1709 1617 1713 1712 1617 1713 1617 1688 1632 1714 1687 1662 1661 1715 1686 1708 1689 1689 1627 1686 1632 1631 1714 1654 1684 1705 1705 1655 1654 1683 1612 1659 1659 1704 1683 1662 1715 1716 1716 1717 1662 1718 1719 1707 1707 1706 1718 283 529 528 528 284 283 417 481 480 480 416 417 419 841 840 840 418 419 423 1412 1411 1411 422 423 331 1244 1243 1243 332 331 443 817 816 816 442 443 435 1253 1252 1252 436 435 1252 452 451 451 436 1252 1720 1721 1722 1722 1723 1720 1724 1725 1726 1726 1727 1724 1728 1729 1730 1730 1731 1728 1732 1733 1734 1734 1735 1732 816 1253 435 435 442 816 1736 1737 1738 1738 1739 1736 1740 1741 1742 1742 1743 1740 1243 817 443 443 332 1243 1744 1745 1746 1746 1747 1744 1748 1749 1750 1750 1751 1748 1411 1244 331 331 422 1411 1752 1753 1754 1754 1755 1752 1756 1757 1758 1758 1759 1756 840 1412 423 423 418 840 
						1760 1761 1762 1762 1763 1760 1764 1765 1766 1766 1767 1764 480 841 419 419 416 480 1768 1769 1770 1770 1771 1768 1772 1773 1774 1774 1775 1772 528 481 417 417 284 528 1776 1777 1778 1778 1779 1776 1780 1781 1782 1782 1783 1780 1784 529 283 283 34 1784 454 334 437 437 451 454 452 800 453 33 1784 34 33 63 1784 1583 1281 1282 1282 1582 1583 1209 1287 1288 1288 1210 1209 1573 1139 1142 1142 1572 1573 1634 1304 1305 1305 1635 1634 1198 1306 1307 1307 1199 1198 772 1310 1311 1311 773 772 880 1131 1132 1132 879 880 1785 183 1786 1786 1787 1785 1788 1789 1790 1790 1791 1788 1792 1793 1794 1794 1795 1792 1785 1131 880 880 1796 1785 1797 1798 1799 1799 1800 1797 1801 1802 1803 1803 1804 1801 1132 1310 772 772 879 1132 1805 1806 1807 1807 1808 1805 1311 1306 1198 1198 773 1311 1809 1810 1811 1811 1812 1809 1813 1814 1815 1815 1816 1813 1817 1818 1819 1819 1820 1817 1199 1307 1304 1304 1634 1199 1821 1822 1823 
						1823 1824 1821 1825 1826 1827 1827 1828 1825 1305 1139 1573 1573 1635 1305 1829 1830 1831 1831 1832 1829 1833 1834 1835 1835 1836 1833 1142 1287 1209 1209 1572 1142 1837 1838 1839 1839 1840 1837 1841 1842 1843 1843 1844 1841 1288 1281 1583 1583 1210 1288 1845 1846 1847 1847 1848 1845 1849 1850 1851 1851 1852 1849 1282 1278 1853 1853 1582 1282 1276 1138 1277 1355 1853 1278 1278 1277 1355 1355 1354 1853 1796 184 183 1785 1796 183 394 781 498 498 188 394 36 153 52 52 16 36 1854 1855 1856 1857 1858 1859 1859 1860 1857 1861 1862 1863 1863 1864 1861 1865 1861 1864 1862 1866 1867 1867 1863 1862 1868 1869 1870 1871 1872 1873 1866 1874 1867 1875 1857 1860 1860 1876 1875 1869 1877 1878 1878 1870 1869 1879 1875 1876 1876 1880 1879 1877 1881 1882 1882 1878 1877 1883 1879 1880 1880 1884 1883 1881 1885 1886 1886 1882 1881 1887 1883 1884 1888 1889 1890 1885 1891 1892 1892 1886 1885 1893 1894 1895 1891 1896 1892 1897 1893 1895 1895 1898 1897 
						1899 1900 1901 1902 1897 1898 1898 1903 1902 1904 1902 1903 1905 1906 1907 1907 1908 1905 1905 1909 1906 1910 1911 1912 1912 1913 1910 1907 1914 1908 1915 1916 1909 1909 1905 1915 1917 1918 1911 1911 1910 1917 1913 1912 1919 1919 1920 1913 1921 1922 1923 1923 1924 1921 1914 1925 1908 1926 1927 1928 1928 1929 1926 1929 1928 1930 1930 1931 1929 1932 1933 1918 1918 1917 1932 1921 1924 1934 1920 1919 1935 1935 1936 1920 1923 1922 1937 1925 1938 1908 1934 1939 1940 1940 1921 1934 1936 1935 1941 1941 1942 1936 1937 1922 1943 1938 1944 1945 1945 1908 1938 1942 1941 1946 1946 1947 1942 1943 1922 1948 1944 1949 1945 1947 1946 1950 1950 1951 1947 1948 1922 1952 1952 1953 1948 1949 1954 1945 1955 1956 1957 1957 1958 1955 1953 1952 1959 1954 1960 1945 1958 1957 1961 1961 1962 1958 1959 1952 1963 1960 1964 1945 1962 1961 1965 1965 1966 1962 1963 1952 1967 1964 1968 1945 1969 1970 1971 1971 1972 1969 1967 1952 1973 1968 1974 1975 1975 1945 1968 1972 1971 1976 
						1976 1977 1972 1973 1952 1978 1979 1980 1981 1981 1982 1979 1978 1952 1983 1983 1984 1978 1985 1986 1987 1987 1988 1985 1987 1989 1990 1990 1988 1987 1991 1992 1985 1985 1988 1991 1993 1991 1988 1988 1990 1993 1994 1995 1986 1986 1985 1994 1996 1997 1998 1998 1999 1996 1997 2000 2001 2001 1998 1997 1989 2002 2003 2003 1990 1989 1990 2003 2004 2004 1993 1990 1992 1991 1993 1992 1993 2004 2004 2005 2006 1992 2004 2006 1992 2007 1994 1994 1985 1992 1999 2008 2009 2009 1996 1999 2010 2011 1995 1995 1994 2010 1996 2012 2013 2013 1997 1996 1996 2009 2014 2014 2012 1996 2013 2015 2000 2000 1997 2013 2000 2016 2017 2017 2001 2000 2018 2019 2003 2003 2002 2018 2019 2005 2004 2004 2003 2019 2020 2007 1992 1992 2006 2020 2007 2021 2010 2010 1994 2007 2008 2022 2023 2023 2009 2008 2024 2025 2026 2026 2027 2024 2009 2023 2028 2028 2014 2009 2017 2016 2029 2029 2030 2017 2006 2031 2032 2032 2020 2006 2005 2033 2031 2031 2006 2005 2020 2034 2021 2021 2007 2020 
						2010 2035 2036 2036 2011 2010 2037 2027 2026 2026 2038 2037 2039 2040 2025 2025 2024 2039 2041 2042 2043 2043 2044 2041 2037 2038 2045 2045 2046 2037 2047 2016 2000 2000 2015 2047 2018 2048 2049 2049 2019 2018 2029 2050 2051 2051 2030 2029 2019 2049 2033 2033 2005 2019 2052 2034 2020 2020 2032 2052 2021 2053 2035 2035 2010 2021 2044 2043 2054 2054 2055 2044 2056 2057 2058 2058 2059 2060 2056 2058 2060 2060 2061 2062 2056 2060 2062 2063 2056 2062 2025 2064 2065 2065 2026 2025 2066 2041 2044 2044 2067 2066 2068 2069 2070 2070 2071 2068 2072 2073 2046 2046 2045 2072 2074 2029 2016 2016 2047 2074 2031 2075 2076 2076 2032 2031 2032 2076 2077 2077 2052 2032 2033 2078 2075 2075 2031 2033 2079 2053 2021 2021 2034 2079 2035 2080 2081 2081 2036 2035 2055 2082 2067 2067 2044 2055 2083 2084 2085 2085 2086 2083 2085 2087 2088 2088 2086 2085 2089 2090 2091 2091 2092 2089 2089 2092 2093 2093 2094 2089 2095 2096 2073 2073 2072 2095 2040 2097 2064 2064 2025 2040 
						2098 2099 2100 2098 2100 2101 2098 2101 2102 2103 2104 2066 2066 2067 2103 2105 2068 2071 2071 2106 2105 2074 2107 2050 2050 2029 2074 2048 2108 2109 2109 2049 2048 2049 2109 2078 2078 2033 2049 2050 2110 2111 2111 2051 2050 2112 2079 2034 2034 2052 2112 2113 2114 2077 2077 2076 2113 2052 2077 2112 2053 2115 2080 2080 2035 2053 2116 2117 2118 2116 2118 2099 2116 2099 2119 2095 2120 2121 2121 2122 2095 2123 2124 2069 2069 2068 2123 2125 2098 2102 2102 2126 2125 2099 2098 2127 2082 2128 2103 2103 2067 2082 2129 2130 2105 2105 2106 2129 2131 2123 2068 2068 2105 2131 2122 2132 2096 2096 2095 2122 2075 2133 2113 2113 2076 2075 2077 2134 2112 2078 2135 2133 2133 2075 2078 2112 2134 2136 2136 2079 2112 2079 2137 2115 2115 2053 2079 2080 2138 2139 2139 2081 2080 2116 2119 2140 2140 2141 2116 2119 2099 2127 2122 2121 2142 2142 2143 2122 2144 2145 2125 2125 2126 2144 2146 2147 2148 2148 2149 2146 2149 2148 2150 2150 2151 2149 2103 2152 2153 2153 2104 2103 
						2129 2154 2155 2155 2130 2129 2156 2157 2158 2158 2159 2160 2160 2161 2162 2158 2160 2162 2156 2158 2162 2163 2156 2162 2164 2165 2166 2166 2167 2164 2145 2144 2168 2145 2168 2169 2145 2169 2170 2107 2171 2110 2110 2050 2107 2172 2173 2109 2109 2108 2172 2109 2173 2135 2135 2078 2109 2174 2175 2111 2111 2110 2174 2176 2177 2178 2178 2179 2176 2077 2114 2180 2077 2181 2134 2182 2137 2079 2079 2136 2182 2115 2183 2138 2138 2080 2115 2184 2185 2186 2186 2187 2184 2188 2141 2140 2140 2189 2188 2151 2150 2185 2185 2184 2151 2142 2190 2191 2191 2143 2142 2143 2192 2132 2132 2122 2143 2193 2147 2146 2146 2194 2193 2195 2196 2197 2197 2198 2195 2198 2197 2199 2199 2200 2198 2128 2201 2152 2152 2103 2128 2202 2203 2164 2164 2167 2202 2154 2204 2205 2205 2155 2154 2204 2206 2207 2207 2205 2204 2208 2209 2210 2210 2211 2208 2212 2213 2210 2210 2209 2212 2170 2214 2145 2171 2215 2174 2174 2110 2171 2216 2217 2177 2177 2176 2216 2218 2219 2220 2220 2221 2218 
						2222 2223 2224 2224 2225 2222 2077 2180 2226 2227 2228 2180 2180 2114 2227 2077 2229 2181 2230 2136 2134 2134 2181 2230 2135 2231 2232 2232 2133 2135 2136 2233 2234 2234 2182 2136 2183 2115 2137 2183 2137 2235 2183 2235 2236 2138 2237 2238 2238 2139 2138 2186 2239 2240 2240 2187 2186 2241 2242 2243 2243 2244 2241 2188 2189 2245 2188 2245 2246 2188 2246 2247 2200 2199 2242 2242 2241 2200 2248 2192 2143 2143 2191 2248 2190 2249 2250 2250 2191 2190 2251 2193 2194 2194 2252 2251 2253 2196 2195 2195 2254 2253 2255 2256 2257 2257 2258 2255 2258 2257 2259 2259 2260 2258 2152 2261 2262 2262 2153 2152 2263 2264 2207 2207 2265 2263 2266 2267 2170 2266 2170 2268 2266 2268 2269 2267 2214 2170 2270 2175 2174 2173 2172 2271 2271 2272 2173 2231 2135 2173 2173 2272 2231 2273 2274 2275 2275 2276 2273 2223 2277 2278 2278 2224 2223 2279 2280 2281 2281 2282 2279 2283 2284 2077 2077 2226 2283 2285 2226 2180 2180 2228 2285 2286 2287 2228 2228 2227 2286 2077 2284 2229 
						2288 2230 2181 2181 2229 2288 2136 2230 2289 2290 2235 2137 2137 2182 2290 2291 2290 2182 2182 2234 2291 2183 2236 2237 2237 2138 2183 2243 2292 2293 2293 2244 2243 2239 2294 2295 2295 2240 2239 2296 2297 2298 2298 2299 2296 2189 2300 2245 2301 2302 2303 2303 2304 2301 2305 2304 2303 2303 2306 2305 2260 2259 2297 2297 2296 2260 2191 2250 2307 2307 2248 2191 2308 2251 2252 2252 2309 2308 2310 2253 2254 2254 2311 2310 2312 2256 2255 2255 2313 2312 2314 2315 2316 2316 2317 2314 2314 2318 2319 2319 2315 2314 2201 2320 2261 2261 2152 2201 2321 2322 2262 2262 2261 2321 2206 2323 2265 2265 2207 2206 2324 2263 2265 2265 2325 2324 2266 2326 2327 2327 2267 2266 2328 2270 2174 2272 2271 2329 2329 2330 2272 2272 2330 2331 2331 2231 2272 2332 2333 2334 2335 2336 2174 2174 2215 2335 2337 2279 2282 2282 2338 2337 2286 2227 2339 2339 2340 2286 2341 2342 2343 2343 2344 2341 2345 2285 2228 2228 2287 2345 2346 2347 2348 2348 2349 2346 2350 2351 2287 2287 2286 2350 
						2352 2288 2229 2229 2284 2352 2288 2353 2289 2289 2230 2288 2289 2233 2136 2231 2331 2354 2354 2232 2231 2355 2356 2234 2234 2233 2355 2234 2356 2357 2357 2291 2234 2237 2358 2359 2359 2238 2237 2298 2360 2361 2361 2299 2298 2292 2362 2363 2363 2293 2292 2294 2364 2365 2365 2295 2294 2366 2367 2368 2368 2369 2366 2245 2300 2370 2371 2372 2373 2373 2374 2371 2375 2376 2377 2377 2378 2379 2379 2380 2381 2377 2379 2381 2375 2377 2381 2382 2375 2381 2318 2366 2369 2369 2319 2318 2332 2334 2383 2250 2384 2385 2385 2307 2250 2386 2308 2309 2309 2387 2386 2388 2310 2311 2311 2389 2388 2390 2312 2313 2313 2391 2390 2316 2392 2393 2393 2317 2316 2394 2395 2396 2320 2397 2321 2321 2261 2320 2321 2398 2399 2399 2322 2321 2323 2400 2325 2325 2265 2323 2401 2402 2324 2324 2325 2401 2403 2404 2327 2327 2326 2403 2405 2328 2174 2174 2336 2406 2405 2174 2406 2407 2408 2330 2330 2329 2407 2215 2409 2335 2340 2339 2232 2232 2354 2340 2410 2411 2412 2412 2413 2410 
						2283 2414 2284 2415 2341 2344 2344 2416 2415 2417 2418 2419 2419 2420 2417 2421 2345 2287 2287 2351 2421 2422 2285 2345 2345 2423 2422 2424 2425 2426 2426 2427 2424 2428 2429 2430 2430 2431 2428 2432 2351 2350 2284 2414 2433 2433 2352 2284 2288 2352 2434 2353 2355 2233 2233 2289 2353 2435 2436 2235 2235 2290 2435 2290 2291 2437 2357 2438 2437 2437 2291 2357 2356 2439 2440 2440 2357 2356 2358 2237 2236 2236 2235 2358 2441 2442 2368 2368 2367 2441 2360 2443 2444 2444 2361 2360 2362 2445 2446 2446 2363 2362 2364 2447 2448 2448 2365 2364 2370 2449 2450 2370 2450 2451 2370 2451 2245 2373 2452 2453 2453 2374 2373 2454 2455 2456 2456 2457 2454 2458 2459 2456 2456 2455 2458 2460 2461 2385 2385 2384 2460 2332 2383 2462 2463 2464 2386 2386 2387 2463 2465 2388 2389 2389 2466 2465 2467 2390 2391 2391 2468 2467 2393 2392 2469 2469 2470 2393 2471 2396 2472 2394 2396 2473 2325 2400 2474 2474 2401 2325 2475 2476 2402 2402 2401 2475 2403 2477 2478 2403 2478 2479 
						2403 2479 2404 2480 2481 2331 2331 2330 2480 2331 2481 2482 2482 2354 2331 2483 2484 2485 2485 2486 2483 2487 2488 2409 2409 2215 2487 2489 2490 2485 2485 2484 2489 2491 2492 2411 2411 2410 2491 2493 2494 2495 2495 2496 2493 2283 2497 2498 2498 2414 2283 2499 2500 2501 2501 2502 2499 2503 2417 2420 2420 2504 2503 2432 2421 2351 2505 2506 2507 2507 2508 2505 2509 2422 2423 2423 2510 2509 2511 2512 2513 2513 2514 2511 2515 2516 2425 2425 2424 2515 2350 2517 2518 2518 2432 2350 2352 2433 2519 2519 2434 2352 2288 2434 2353 2290 2520 2521 2521 2435 2290 2437 2520 2290 2355 2519 2439 2439 2356 2355 2434 2519 2355 2355 2353 2434 2357 2440 2522 2523 2358 2235 2358 2523 2524 2524 2359 2358 2525 2526 2442 2442 2441 2525 2443 2527 2528 2528 2444 2443 2445 2529 2530 2530 2446 2445 2449 2370 2531 2531 2532 2449 2533 2534 2535 2535 2536 2533 2537 2538 2539 2539 2457 2537 2454 2457 2539 2539 2540 2454 2541 2542 2543 2462 2542 2541 2541 2332 2462 2544 2545 2464 
						2464 2463 2544 2546 2547 2465 2465 2466 2546 2548 2467 2468 2468 2549 2548 2470 2469 2550 2550 2551 2470 2551 2550 2552 2552 2553 2551 2471 2554 2396 2555 2556 2557 2557 2558 2555 2557 2556 2526 2526 2525 2557 2397 2559 2398 2398 2321 2397 2398 2560 2561 2561 2399 2398 2562 2475 2401 2401 2474 2562 2563 2564 2565 2565 2566 2563 2563 2567 2568 2568 2564 2563 2404 2479 2569 2405 2406 2570 2571 2408 2407 2480 2330 2408 2572 2573 2574 2574 2575 2572 2483 2486 2576 2576 2577 2483 2578 2579 2490 2490 2489 2578 2580 2581 2495 2495 2494 2580 2582 2583 2584 2584 2585 2582 2586 2433 2414 2414 2498 2586 2509 2587 2588 2588 2497 2509 2497 2589 2498 2590 2591 2421 2421 2432 2590 2592 2593 2594 2594 2595 2592 2596 2511 2514 2514 2597 2596 2510 2598 2587 2587 2509 2510 2599 2600 2601 2601 2602 2599 2586 2439 2519 2519 2433 2586 2436 2435 2603 2604 2523 2235 2235 2436 2604 2435 2521 2603 2438 2605 2520 2520 2437 2438 2357 2522 2438 2439 2586 2606 2606 2440 2439 
						2440 2606 2607 2607 2522 2440 2527 2608 2609 2609 2528 2527 2610 2611 2612 2612 2613 2610 2531 2614 2615 2615 2532 2531 2538 2616 2617 2617 2539 2538 2536 2535 2545 2545 2544 2536 2543 2618 2541 2619 2620 2618 2618 2621 2619 2539 2617 2622 2622 2540 2539 2623 2624 2547 2547 2546 2623 2625 2626 2548 2548 2549 2625 2627 2553 2552 2552 2628 2627 2629 2627 2628 2628 2630 2629 2631 2629 2630 2630 2632 2631 2631 2632 2633 2633 2634 2631 2635 2636 2637 2637 2638 2635 2639 2640 2475 2475 2562 2639 2641 2642 2643 2643 2644 2645 2641 2643 2645 2645 2646 2647 2641 2645 2647 2648 2641 2647 2649 2650 2651 2651 2652 2649 2479 2614 2569 2653 2654 2655 2577 2576 2656 2656 2655 2577 2657 2658 2659 2659 2660 2657 2657 2661 2662 2662 2658 2657 2482 2481 2663 2663 2664 2665 2482 2663 2665 2666 2582 2585 2585 2667 2666 2578 2668 2669 2669 2579 2578 2589 2606 2586 2586 2498 2589 2588 2670 2589 2589 2497 2588 2671 2672 2593 2593 2592 2671 2673 2674 2675 2675 2676 2673 
						2602 2677 2678 2678 2599 2602 2482 2665 2518 2518 2517 2482 2436 2603 2604 2605 2679 2521 2521 2520 2605 2521 2679 2603 2522 2607 2605 2605 2438 2522 2680 2524 2523 2523 2604 2680 2681 2682 2683 2683 2684 2681 2613 2612 2624 2624 2623 2613 2685 2686 2687 2687 2688 2685 2614 2479 2689 2614 2689 2690 2614 2690 2615 2620 2541 2618 2621 2691 2692 2692 2619 2621 2693 2685 2688 2688 2694 2693 2695 2696 2626 2626 2625 2695 2684 2683 2696 2696 2695 2684 2559 2697 2560 2560 2398 2559 2560 2698 2699 2699 2561 2560 2700 2636 2635 2701 2702 2649 2649 2652 2701 2639 2703 2704 2704 2640 2639 2705 2706 2707 2707 2708 2705 2709 2710 2705 2705 2708 2709 2655 2656 2711 2711 2653 2655 2712 2713 2714 2660 2715 2716 2716 2657 2660 2661 2717 2718 2718 2662 2661 2486 2485 2719 2719 2720 2486 2721 2576 2486 2486 2720 2721 2668 2722 2723 2723 2669 2668 2490 2579 2724 2724 2725 2490 2490 2725 2719 2719 2485 2490 2726 2588 2587 2587 2727 2726 2590 2728 2729 2729 2591 2590 
						2729 2730 2598 2598 2510 2729 2598 2731 2727 2727 2587 2598 2732 2733 2734 2734 2735 2732 2736 2680 2604 2604 2603 2736 2679 2670 2603 2589 2670 2607 2607 2606 2589 2670 2679 2605 2605 2607 2670 2688 2687 2737 2737 2710 2688 2738 2739 2541 2541 2620 2738 2740 2741 2619 2619 2692 2740 2741 2738 2620 2620 2619 2741 2742 2743 2692 2692 2691 2742 2694 2688 2710 2710 2709 2694 2700 2635 2744 2744 2745 2700 2744 2746 2745 2747 2746 2744 2748 2653 2711 2711 2749 2748 2716 2750 2661 2661 2657 2716 2751 2752 2753 2753 2754 2751 2576 2721 2755 2755 2656 2576 2756 2757 2723 2723 2722 2756 2579 2669 2758 2758 2724 2579 2759 2760 2726 2726 2727 2759 2603 2670 2588 2588 2726 2603 2761 2735 2734 2734 2762 2761 2763 2764 2765 2765 2766 2763 2765 2767 2733 2733 2732 2765 2768 2769 2770 2770 2771 2768 2603 2726 2760 2760 2736 2603 2743 2772 2740 2740 2692 2743 2747 2773 2743 2743 2742 2747 2697 2774 2698 2698 2560 2697 2775 2776 2699 2699 2698 2775 2777 2778 2779 
						2779 2699 2777 2744 2773 2747 2748 2749 2780 2780 2781 2748 2711 2656 2755 2755 2782 2711 2783 2784 2785 2785 2786 2783 2787 2788 2752 2752 2751 2787 2717 2789 2718 2750 2790 2717 2717 2661 2750 2781 2780 2757 2757 2756 2781 2723 2791 2758 2758 2669 2723 2792 2759 2727 2727 2731 2792 2698 2774 2793 2768 2771 2794 2794 2795 2768 2796 2761 2762 2762 2797 2796 2796 2798 2799 2799 2800 2796 2728 2801 2802 2802 2730 2729 2728 2802 2729 2803 2731 2598 2598 2730 2803 2764 2804 2767 2767 2765 2764 2769 2805 2806 2806 2770 2769 2807 2808 2809 2809 2810 2807 2811 2812 2739 2739 2738 2811 2738 2741 2813 2813 2811 2738 2814 2813 2741 2741 2740 2814 2815 2816 2817 2698 2815 2817 2775 2698 2817 2699 2776 2777 2744 2818 2819 2819 2773 2744 2749 2711 2782 2782 2820 2749 2804 2764 2821 2821 2822 2804 2823 2789 2717 2717 2790 2823 2731 2824 2825 2825 2792 2731 2698 2793 2815 2795 2794 2826 2826 2827 2795 2810 2809 2828 2828 2829 2810 2797 2830 2798 2798 2796 2797 
						2831 2832 2833 2833 2834 2831 2832 2835 2836 2836 2833 2832 2824 2731 2803 2805 2837 2838 2838 2806 2805 2839 2840 2808 2808 2807 2839 2841 2809 2808 2808 2842 2841 2813 2843 2844 2844 2811 2813 2740 2772 2845 2845 2814 2740 2773 2819 2772 2772 2743 2773 2846 2847 2848 2848 2849 2846 2846 2850 2851 2851 2847 2846 2849 2848 2852 2852 2853 2849 2853 2852 2854 2854 2855 2853 2856 2780 2749 2749 2820 2856 2857 2712 2714 2858 2857 2714 2859 2858 2714 2785 2784 2860 2861 2838 2837 2837 2862 2861 2723 2757 2863 2863 2791 2723 2826 2864 2865 2865 2827 2826 2866 2829 2828 2828 2867 2866 2868 2828 2809 2809 2841 2868 2869 2870 2831 2831 2871 2869 2834 2871 2831 2872 2836 2835 2835 2873 2872 2874 2875 2840 2840 2839 2874 2842 2808 2840 2840 2876 2842 2877 2878 2879 2879 2880 2877 2881 2882 2812 2881 2812 2811 2881 2811 2844 2843 2813 2814 2814 2883 2843 2883 2814 2845 2845 2884 2883 2772 2819 2885 2885 2845 2772 2850 2886 2887 2887 2851 2850 2888 2855 2854 
						2854 2889 2888 2890 2885 2819 2819 2818 2890 2757 2780 2856 2856 2863 2757 2891 2892 2785 2785 2860 2891 2893 2860 2784 2824 2894 2825 2816 2895 2817 2866 2867 2896 2896 2897 2866 2868 2898 2867 2867 2828 2868 2877 2899 2900 2900 2878 2877 2830 2901 2902 2902 2798 2830 2870 2903 2832 2832 2831 2870 2903 2904 2835 2835 2832 2903 2873 2835 2904 2904 2905 2873 2874 2906 2907 2907 2875 2874 2876 2840 2875 2875 2908 2876 2880 2879 2909 2909 2910 2880 2911 2912 2913 2914 2915 2843 2843 2883 2914 2843 2915 2916 2843 2916 2917 2843 2917 2844 2918 2919 2920 2920 2921 2918 2845 2885 2922 2922 2884 2845 2884 2923 2914 2914 2883 2884 2886 2924 2925 2925 2887 2886 2888 2889 2926 2926 2927 2888 2928 2929 2930 2930 2931 2928 2860 2893 2932 2932 2891 2860 2784 2933 2934 2934 2893 2784 2816 2935 2936 2936 2895 2816 2864 2937 2938 2938 2865 2864 2939 2897 2896 2896 2940 2939 2898 2941 2896 2896 2867 2898 2899 2942 2943 2943 2900 2899 2944 2913 2912 2945 2946 2947 
						2947 2948 2945 2949 2945 2948 2948 2950 2949 2951 2952 2953 2953 2954 2955 2953 2955 2956 2951 2953 2956 2957 2908 2875 2875 2907 2957 2910 2909 2958 2958 2959 2910 2960 2961 2912 2912 2911 2960 2962 2919 2918 2918 2963 2962 2964 2965 2966 2966 2967 2964 2965 2968 2969 2969 2966 2965 2970 2971 2972 2972 2973 2970 2973 2972 2974 2974 2975 2973 2976 2977 2978 2978 2979 2980 2976 2978 2980 2981 2976 2980 2982 2983 2923 2922 2982 2923 2922 2923 2884 2984 2985 2964 2964 2967 2984 2986 2922 2885 2986 2885 2890 2986 2890 2987 2847 2988 2989 2989 2848 2847 2848 2989 2990 2990 2852 2848 2991 2992 2925 2925 2924 2991 2847 2851 2993 2993 2988 2847 2854 2852 2990 2990 2994 2854 2927 2926 2995 2995 2996 2927 2889 2854 2994 2994 2997 2889 2998 2999 2931 2931 2930 2998 2961 3000 3001 3001 3002 2961 2959 2958 3003 3003 3004 2959 3005 3006 3007 3007 3008 3005 3009 2940 2896 2896 2941 3009 2942 3010 3011 3011 2943 2942 2912 3012 3013 3013 2944 2912 3006 3014 3015 
						3015 3016 3006 2960 3000 2961 2968 3017 3018 3018 3019 2968 3020 3021 3022 3022 3023 3020 3024 3020 3023 3023 3025 3024 3026 3027 2985 2985 2984 3026 3028 3029 3030 3030 3031 3028 3032 3033 2992 2992 2991 3032 2887 2925 3034 3034 3035 2887 2887 3035 2993 2993 2851 2887 3036 3037 3038 3038 3039 3036 3040 3041 3042 3042 3043 3040 2996 2995 3033 3033 3032 2996 3044 3041 3040 3040 3045 3044 3046 2926 2889 2889 2997 3046 3008 3047 3048 3048 3005 3008 3010 3049 3050 3050 3011 3010 3012 3051 3013 2965 2964 3052 2965 3052 3017 3017 2968 2965 3053 3054 3055 3053 3055 3056 3053 3056 3057 3058 3053 3057 3052 2964 2985 3028 3031 3059 3059 3060 3028 3061 3062 3036 3036 3039 3061 3043 3042 3062 3062 3061 3043 2925 2992 3063 3063 3034 2925 3064 3065 3066 3066 3067 3064 3068 3069 3070 3070 3071 3068 3037 3064 3067 3067 3038 3037 3072 3073 3074 3074 3075 3072 2995 2926 3046 3046 3076 2995 3075 3074 3077 3077 3078 3075 3079 3044 3045 3045 3080 3079 3006 3005 3014 
						3048 3014 3005 3012 3081 3082 3082 3051 3012 2953 3083 3084 3084 2954 2953 3085 3086 3087 3087 3088 3085 3089 3027 3090 3090 3091 3089 3052 2985 3027 3027 3089 3052 3071 3070 3092 3092 3093 3071 3093 3092 3073 3073 3072 3093 3066 3065 3094 3094 3095 3066 3033 3096 3063 3063 2992 3033 3097 3098 3099 3099 3100 3097 3100 3099 3069 3069 3068 3100 3101 3102 3103 3104 3105 3103 3096 3033 2995 2995 3076 3096 3106 3079 3080 3080 3107 3106 3078 3077 3108 3108 3109 3078 3110 3104 3103 3111 3112 3085 3085 3088 3111 3113 3114 3014 3014 3048 3113 3115 3101 3103 3105 3115 3103 3116 3117 3098 3098 3097 3116 3095 3094 3118 3118 3119 3095 3120 3121 3103 3102 3120 3103 3119 3118 3106 3106 3107 3119 3109 3108 3122 3122 3123 3109 3124 3110 3103 3125 3126 3117 3117 3116 3125 3121 3127 3103 3125 3128 3129 3129 3126 3125 3130 3124 3103 3127 3131 3103 3131 3130 3103 2924 3132 3133 3133 3134 2924 3134 3133 3135 3136 2955 2954 3137 3136 2954 3137 2954 3138 3139 3137 3138 
						3138 2954 3084 3084 3140 3138 3141 3142 3143 3143 2855 3141 2936 2935 3144 3144 3145 2936 3145 3144 3146 3145 3146 3147 3145 3147 3148 3132 2924 2886 3142 3141 3149 3111 3088 3150 3111 3150 3151 3111 3151 3152 3111 3152 2779 3111 2779 2778 2853 2855 3143 2653 3153 3154 3154 2654 2653 3154 3153 3155 3156 3157 3158 3156 3158 3159 3156 3159 3160 3156 3160 3161 3162 3163 3157 3157 3156 3162 3164 3158 3157 3165 3164 3157 3165 3157 3166 3167 3165 3166 3157 3163 3168 3168 3166 3157 2713 3169 2405 2405 2570 2713 2488 2487 3170 3171 3172 2930 3170 3171 2930 2488 3170 2930 2488 2930 2929 3173 3174 3175 3173 2578 3176 3176 3174 3173 3176 2578 2489 3177 3178 3179 3179 3180 3177 3178 3181 3179 3179 3182 3183 3181 3178 3184 3181 3185 3179 3182 3186 3187 3187 3183 3182 3188 2735 2761 2761 3189 3188 2766 2765 2732 2766 2732 3182 2766 3182 3185 2732 2735 3190 3190 3186 2732 3190 2735 3191 3191 3192 3190 3193 3184 3194 3192 3187 3186 3186 3190 3192 3195 3196 3197 
						3197 3191 3195 2800 3198 3193 2800 3193 2761 2800 2761 2796 3194 3199 3189 3189 3193 3194 2735 3188 3195 3195 3191 2735 3199 3195 3188 3188 3189 3199 3200 3201 3202 3202 3203 3204 3183 3205 3180 3180 3179 3183 3206 3207 3184 3184 3178 3206 3194 3184 3207 3207 3208 3194 3187 3209 3205 3205 3183 3187 3199 3194 3208 3208 3210 3199 3187 3192 3211 3211 3209 3187 3199 3210 3196 3196 3195 3199 3177 3212 3178 3178 3212 3206 3204 3213 3202 3202 3214 3200 3215 3216 3217 3217 3218 3215 3219 3220 3221 3221 3222 3219 3220 3223 3224 3224 3221 3220 3223 3225 3226 3226 3224 3223 3225 3227 3228 3228 3226 3225 3227 3229 3230 3230 3228 3227 3229 3231 3232 3232 3230 3229 3231 3233 3234 3234 3232 3231 3233 3235 3236 3236 3234 3233 3235 3237 3238 3238 3236 3235 3237 3239 3240 3240 3238 3237 3239 3215 3218 3218 3240 3239 2732 3186 3182 3192 3191 3197 3197 3211 3192 3201 3241 3202 3202 3242 3243 3202 3243 3203 3213 3244 3202 3202 3245 3246 3202 3246 3214 3241 3242 3202 
						3244 3245 3202 2761 3193 3189 3185 3182 3179 3198 3181 3184 3193 3198 3184 2988 2993 3247 3247 3248 2988 3249 2994 2990 2990 3250 3249 2997 2994 3249 3249 3251 2997 3252 2989 2988 2988 3248 3252 3250 2990 2989 2989 3252 3250 3035 3034 3253 3253 3254 3035 2993 3035 3254 3254 3247 2993 3046 2997 3251 3251 3255 3046 3253 3034 3063 3063 3256 3253 3076 3046 3255 3255 3257 3076 3256 3063 3096 3096 3258 3256 3258 3096 3076 3076 3257 3258 3259 3260 3261 3261 3262 3259 3260 3263 3264 3264 3261 3260 3263 3265 3266 3266 3264 3263 3265 3267 3268 3268 3266 3265 3267 3269 3270 3270 3268 3267 3269 3271 3272 3272 3270 3269 3271 3273 3274 3274 3272 3271 3273 3275 3276 3276 3274 3273 3275 3277 3278 3278 3276 3275 3277 3279 3280 3280 3278 3277 3279 3281 3282 3282 3280 3279 3281 3259 3262 3262 3282 3281 3283 3284 3285 3285 3286 3283 3287 3288 3289 3289 3290 3287 3291 3292 3287 3287 3290 3291 3293 3284 3283 3283 3294 3293 3288 3293 3294 3294 3289 3288 3295 3296 3297 
						3297 3298 3295 3299 3300 3301 3301 3302 3299 3286 3285 3296 3296 3295 3286 3303 3304 3305 3305 3306 3303 3304 3307 3308 3308 3305 3304 3309 3310 3292 3292 3291 3309 3311 3312 3313 3313 3314 3311 3312 3303 3306 3306 3313 3312 3297 3315 3316 3316 3298 3297 3317 3318 3319 3319 3320 3317 3318 3299 3302 3302 3319 3318 3321 3322 3323 3324 3322 3325 3326 3327 3310 3310 3309 3326 3307 3328 3329 3329 3308 3307 3330 3322 3324 3331 3322 3321 3325 3322 3331 3332 3317 3320 3320 3333 3332 3315 3334 3335 3335 3316 3315 3336 3322 3337 3323 3322 3336 3334 3327 3326 3326 3335 3334 3328 3338 3339 3339 3329 3328 3340 3322 3330 3341 3332 3333 3333 3342 3341 3337 3322 3343 3341 3342 3339 3339 3338 3341 3344 3322 3340 3343 3322 3345 3345 3322 3344 2720 3346 3347 3347 2721 2720 3348 3349 2725 2725 2724 3348 2758 3350 3348 3348 2724 2758 3351 3346 2720 2720 2719 3351 3349 3351 2719 2719 2725 3349 2755 3352 3353 3353 2782 2755 2721 3347 3352 3352 2755 2721 2791 3354 3350 
						3350 2758 2791 3353 3355 2820 2820 2782 3353 2863 3356 3354 3354 2791 2863 3355 3357 2856 2856 2820 3355 3357 3356 2863 2863 2856 3357 3358 3359 3360 3360 3361 3358 3361 3360 3362 3362 3363 3361 3363 3362 3364 3364 3365 3363 3365 3364 3366 3366 3367 3365 3367 3366 3368 3368 3369 3367 3369 3368 3370 3370 3371 3369 3371 3370 3372 3372 3373 3371 3373 3372 3374 3374 3375 3373 3375 3374 3376 3376 3377 3375 3377 3376 3378 3378 3379 3377 3379 3378 3380 3380 3381 3379 3381 3380 3359 3359 3358 3381 2395 3382 2396 2396 3383 2472 2396 3384 2473 3385 3386 2396 3387 3385 2396 3382 3388 2396 2396 3389 3383 2396 3390 3384 2554 3387 2396 3388 3391 2396 2396 3391 3389 2396 3386 3390 2712 3169 2713 3392 3393 3394 3394 3395 3392 3393 3396 3397 3397 3394 3393 3396 3398 3399 3399 3397 3396 3398 3400 3401 3401 3399 3398 3400 3402 3403 3403 3401 3400 3402 3404 3405 3405 3403 3402 3404 3406 3407 3407 3405 3404 3406 3408 3409 3409 3407 3406 3408 3410 3411 3411 3409 3408 
						3410 3412 3413 3413 3411 3410 3412 3414 3415 3415 3413 3412 3414 3416 3417 3417 3415 3414 3416 3418 3419 3419 3417 3416 3418 3420 3421 3421 3419 3418 3420 3422 3423 3423 3421 3420 3422 3424 3425 3425 3423 3422 3424 3426 3427 3427 3425 3424 3426 3428 3429 3429 3427 3426 3428 3430 3431 3431 3429 3428 3430 3432 3433 3433 3431 3430 3432 3434 3435 3435 3433 3432 3434 3436 3437 3437 3435 3434 3436 3438 3439 3439 3437 3436 3438 3392 3395 3395 3439 3438 3440 3441 3442 3442 3443 3440 3441 3444 3445 3445 3442 3441 3444 3446 3447 3447 3445 3444 3446 3448 3449 3449 3447 3446 3448 3450 3451 3451 3449 3448 3450 3452 3453 3453 3451 3450 3452 3454 3455 3455 3453 3452 3454 3456 3457 3457 3455 3454 3456 3458 3459 3459 3457 3456 3458 3460 3461 3461 3459 3458 3460 3462 3463 3463 3461 3460 3462 3464 3465 3465 3463 3462 3466 3467 3468 3468 3469 3466 3467 3470 3471 3471 3468 3467 3470 3472 3473 3473 3471 3470 3472 3474 3475 3475 3473 3472 3474 3476 3477 3477 3475 3474 
						3476 3478 3479 3479 3477 3476 3478 3480 3481 3481 3479 3478 3480 3482 3483 3483 3481 3480 3482 3484 3485 3485 3483 3482 3484 3486 3487 3487 3485 3484 3486 3488 3489 3489 3487 3486 3488 3490 3491 3491 3489 3488 3492 3493 3494 3494 3495 3492 3493 3496 3497 3497 3494 3493 3496 3498 3499 3499 3497 3496 3498 3500 3501 3501 3499 3498 3500 3502 3503 3503 3501 3500 3502 3504 3505 3505 3503 3502 3504 3506 3507 3507 3505 3504 3506 3508 3509 3509 3507 3506 3508 3510 3511 3511 3509 3508 3510 3512 3513 3513 3511 3510 3512 3514 3515 3515 3513 3512 3514 3516 3517 3517 3515 3514 3516 3518 3519 3519 3517 3516 3518 3520 3521 3521 3519 3518 3520 3522 3523 3523 3521 3520 3522 3524 3525 3525 3523 3522 3524 3526 3527 3527 3525 3524 3526 3528 3529 3529 3527 3526 3528 3530 3531 3531 3529 3528 3530 3532 3533 3533 3531 3530 3532 3534 3535 3535 3533 3532 3534 3536 3537 3537 3535 3534 3536 3538 3539 3539 3537 3536 3538 3492 3495 3495 3539 3538 3540 3541 3542 3543 3544 3545 
						3546 3547 3548 3549 3550 3551 3505 3552 3503 3517 3553 3515 3529 3554 3527 3495 3555 3539 3556 3557 3558 3558 3559 3556 3559 3558 3560 3560 3561 3559 3561 3560 3562 3562 3563 3561 3563 3562 3564 3564 3565 3563 3565 3564 3566 3566 3567 3565 3567 3566 3568 3568 3569 3567 3569 3568 3570 3570 3571 3569 3572 3573 3574 3574 3575 3572 3575 3574 3576 3576 3577 3575 3577 3576 3578 3578 3579 3577 3580 3581 3557 3557 3556 3580 3579 3578 3581 3581 3580 3579 3582 3583 3542 3542 3541 3582 3541 3540 3584 3555 3495 3494 3585 3537 3539 3539 3555 3585 3586 3587 3545 3545 3544 3586 3588 3499 3501 3552 3505 3507 3544 3543 3589 3590 3591 3548 3548 3547 3590 3592 3513 3515 3515 3553 3592 3553 3517 3519 3547 3546 3593 3594 3595 3596 3597 3525 3527 3527 3554 3597 3554 3529 3531 3550 3549 3598 3599 3550 3598 3598 3600 3599 3599 3600 3601 3602 3521 3523 3523 3597 3602 3597 3523 3525 3603 3604 3605 3605 3586 3603 3586 3605 3587 3606 3552 3507 3507 3509 3606 3606 3509 3511 
						3592 3606 3511 3511 3513 3592 3603 3547 3593 3593 3604 3603 3590 3599 3601 3601 3591 3590 3602 3553 3519 3519 3521 3602 3607 3608 3609 3610 3533 3535 3611 3555 3494 3494 3497 3611 3612 3541 3584 3584 3613 3612 3501 3503 3552 3552 3588 3501 3611 3497 3499 3499 3588 3611 3596 3551 3550 3550 3594 3596 3612 3613 3595 3595 3594 3612 3609 3583 3582 3582 3607 3609 3607 3544 3589 3589 3608 3607 3535 3537 3585 3585 3610 3535 3610 3554 3531 3531 3533 3610 3541 3614 3615 3615 3582 3541 3615 3616 3607 3607 3582 3615 3616 3617 3544 3544 3607 3616 3617 3618 3586 3586 3544 3617 3586 3618 3619 3619 3603 3586 3619 3620 3547 3547 3603 3619 3547 3620 3621 3621 3590 3547 3621 3622 3599 3599 3590 3621 3622 3623 3550 3550 3599 3622 3623 3624 3594 3594 3550 3623 3594 3624 3625 3625 3612 3594 3625 3614 3541 3541 3612 3625 3626 3627 3628 3628 3629 3626 3630 3631 3627 3627 3626 3630 3632 3633 3631 3631 3630 3632 3634 3635 3633 3633 3632 3634 3636 3637 3635 3635 3634 3636 
						3638 3639 3637 3637 3636 3638 3640 3641 3639 3639 3638 3640 3642 3643 3641 3641 3640 3642 3644 3645 3643 3643 3642 3644 3646 3647 3645 3645 3644 3646 3648 3649 3647 3647 3646 3648 3629 3628 3649 3649 3648 3629 3611 3650 3651 3651 3555 3611 3588 3652 3650 3650 3611 3588 3552 3653 3652 3652 3588 3552 3606 3654 3653 3653 3552 3606 3592 3655 3654 3654 3606 3592 3553 3656 3655 3655 3592 3553 3602 3657 3656 3656 3553 3602 3597 3658 3657 3657 3602 3597 3554 3659 3658 3658 3597 3554 3610 3660 3659 3659 3554 3610 3585 3661 3660 3660 3610 3585 3555 3651 3661 3661 3585 3555 3662 3663 3664 3664 3665 3662 3663 3666 3667 3667 3664 3663 3668 3669 3670 3671 3672 3673 3673 3674 3671 3667 3666 3672 3672 3671 3667 3675 3676 3677 3677 3678 3675 3679 3680 3676 3676 3675 3679 3681 3682 3680 3680 3679 3681 3683 3684 3682 3682 3681 3683 3685 3686 3684 3684 3683 3685 3687 3688 3689 3690 3687 3689 3691 3690 3689 3691 3689 3692 3693 3694 3695 3695 3696 3693 3694 3697 3698 
						3698 3695 3694 3697 3699 3698 3699 3700 3701 3701 3698 3699 3700 3702 3703 3703 3701 3700 3704 3705 3706 3706 3707 3704 3708 3704 3707 3707 3709 3708 3709 3710 3711 3711 3708 3709 3710 3712 3713 3713 3711 3710 3714 3715 3716 3716 3717 3714 3717 3716 3718 3718 3719 3717 3719 3718 3720 3720 3721 3719 3722 3723 3724 3724 3725 3722 3724 3726 3727 3727 3725 3724 3721 3720 3723 3723 3722 3721 3728 3729 3692 3692 3689 3728 3730 3731 3732 3732 3733 3730 3731 3734 3735 3735 3732 3731 3734 3736 3737 3737 3735 3734 3736 3738 3739 3739 3737 3736 3738 3740 3741 3741 3739 3738 3677 3676 3742 3742 3743 3677 3676 3680 3744 3744 3742 3676 3680 3682 3745 3745 3744 3680 3682 3684 3746 3746 3745 3682 3684 3686 3747 3747 3746 3684 3748 3749 3743 3743 3693 3748 3694 3693 3743 3743 3742 3694 3697 3694 3742 3742 3744 3697 3699 3697 3744 3744 3745 3699 3700 3699 3745 3745 3746 3700 3702 3700 3746 3746 3747 3702 3750 3751 3752 3752 3753 3750 3753 3752 3668 3668 3670 3753 
						3754 3755 3698 3698 3701 3754 3703 3756 3754 3754 3701 3703 3757 3758 3729 3729 3728 3757 3759 3760 3761 3761 3762 3759 3670 3669 3760 3760 3759 3670 3755 3763 3695 3695 3698 3755 3762 3761 3764 3750 3753 3663 3663 3662 3750 3753 3670 3666 3666 3663 3753 3672 3759 3762 3762 3673 3672 3666 3670 3759 3759 3672 3666 3704 3708 3755 3755 3754 3704 3756 3705 3704 3704 3754 3756 3757 3765 3766 3766 3758 3757 3763 3711 3713 3713 3767 3763 3708 3711 3763 3763 3755 3708 3678 3677 3768 3768 3769 3678 3748 3693 3696 3730 3733 3770 3770 3771 3730 3677 3743 3749 3749 3768 3677 3696 3695 3763 3763 3767 3696 3772 3773 3774 3774 3775 3772 3775 3774 3776 3776 3777 3775 3778 3779 3780 3781 3674 3673 3673 3782 3781 3776 3781 3782 3782 3777 3776 3783 3784 3785 3785 3786 3783 3787 3783 3786 3786 3788 3787 3789 3787 3788 3788 3790 3789 3791 3789 3790 3790 3792 3791 3793 3791 3792 3792 3794 3793 3795 3796 3797 3797 3798 3799 3797 3799 3800 3795 3797 3800 3801 3696 3802 
						3802 3803 3801 3803 3802 3804 3804 3805 3803 3805 3804 3806 3806 3804 3807 3807 3808 3806 3808 3807 3809 3809 3810 3808 3811 3812 3813 3813 3814 3811 3815 3816 3812 3812 3811 3815 3816 3815 3817 3817 3818 3816 3818 3817 3713 3713 3712 3818 3819 3820 3821 3821 3822 3819 3820 3823 3824 3824 3821 3820 3823 3825 3826 3826 3824 3823 3827 3828 3829 3829 3830 3827 3829 3828 3727 3727 3726 3829 3825 3827 3830 3830 3826 3825 3831 3797 3796 3796 3832 3831 3833 3834 3835 3835 3836 3833 3836 3835 3837 3837 3838 3836 3838 3837 3839 3839 3840 3838 3840 3839 3841 3841 3842 3840 3842 3841 3843 3843 3844 3842 3785 3845 3846 3846 3786 3785 3786 3846 3847 3847 3788 3786 3788 3847 3848 3848 3790 3788 3790 3848 3849 3849 3792 3790 3792 3849 3850 3850 3794 3792 3748 3801 3845 3845 3749 3748 3803 3846 3845 3845 3801 3803 3805 3847 3846 3846 3803 3805 3806 3848 3847 3847 3805 3806 3808 3849 3848 3848 3806 3808 3810 3850 3849 3849 3808 3810 3851 3852 3853 3853 3854 3851 
						3852 3779 3778 3778 3853 3852 3855 3807 3804 3804 3856 3855 3809 3807 3855 3855 3857 3809 3858 3831 3832 3832 3859 3858 3860 3762 3861 3861 3862 3860 3779 3860 3862 3862 3780 3779 3856 3804 3802 3802 3863 3856 3762 3764 3861 3851 3772 3775 3775 3852 3851 3852 3775 3777 3777 3779 3852 3782 3673 3762 3762 3860 3782 3777 3782 3860 3860 3779 3777 3811 3855 3856 3856 3815 3811 3857 3855 3811 3811 3814 3857 3858 3859 3864 3864 3865 3858 3863 3767 3713 3713 3817 3863 3815 3856 3863 3863 3817 3815 3784 3769 3768 3768 3785 3784 3748 3696 3801 3833 3771 3770 3770 3834 3833 3785 3768 3749 3749 3845 3785 3696 3767 3863 3863 3802 3696 3866 3867 3868 3868 3869 3866 3870 3871 3872 3872 3873 3870 3874 3875 3876 3876 3877 3874 3878 3879 3880 3880 3881 3878 3882 3883 3884 3884 3885 3882 3886 3887 3888 3888 3889 3886 3890 3891 3892 3892 3893 3890 3894 3895 3896 3896 3897 3894 3898 3899 3900 3901 3898 3900 3902 3901 3900 3903 3902 3900 3904 3903 3900 3905 3904 3900 
						3906 3905 3900 3899 3906 3900 3907 3908 3909 3909 3910 3907 3911 3912 3913 3913 3914 3911 3915 3916 3917 3917 3918 3915 3919 3920 3921 3921 3922 3919 3923 3924 3925 3925 3926 3923 3927 3928 3929 3929 3930 3927 3931 3932 3933 3933 3934 3931 3935 3936 3937 3937 3938 3935 3939 3940 3941 3941 3940 3942 3942 3940 3943 3943 3940 3944 3944 3940 3945 3945 3940 3946 3946 3940 3947 3947 3940 3939 3948 3949 3950 3950 3951 3948 3952 3953 3954 3954 3955 3952 3956 3957 3958 3958 3959 3956 3960 3961 3962 3962 3963 3960 3964 3965 3966 3966 3967 3964 3968 3969 3970 3970 3971 3968 3972 3973 3974 3974 3975 3972 3976 3977 3978 3978 3979 3976 3980 3981 3982 3983 3980 3982 3984 3983 3982 3985 3984 3982 3986 3985 3982 3987 3986 3982 3988 3987 3982 3981 3988 3982 3989 3990 3991 3991 3992 3989 3992 3991 3993 3993 3994 3992 3995 3996 3990 3990 3989 3995 3997 3998 3999 3999 4000 3997 3994 3993 4001 4001 4002 3994 3997 4000 4003 4003 4004 3997 4005 4006 3996 3996 3995 4005 
						3998 4007 4008 4008 3999 3998 4009 4010 4011 4011 4012 4013 4013 4014 4015 4011 4013 4015 4015 4016 4017 4017 4018 4019 4015 4017 4019 4011 4015 4019 4009 4011 4019 4020 4009 4019 4002 4001 4021 4021 4022 4002 4004 4003 4023 4023 4024 4004 4025 4026 4006 4006 4005 4025 4007 4027 4028 4028 4008 4007 4029 4030 4028 4028 4027 4029 4031 4032 4030 4030 4029 4031 4033 4034 4032 4032 4031 4033 4035 4036 4034 4034 4033 4035 4035 4037 4038 4038 4036 4035 4039 4040 4041 4041 4042 4039 4024 4023 4040 4040 4039 4024 4022 4021 4043 4043 4044 4022 4045 4046 4026 4026 4025 4045 4047 4048 4046 4046 4045 4047 4049 4050 4048 4048 4047 4049 4051 4052 4050 4050 4049 4051 4053 4054 4055 4055 4056 4053 4057 4058 4059 4059 4060 4057 4061 4062 4063 4063 4064 4061 4065 4066 4067 4067 4068 4065 4069 4070 4071 4071 4072 4069 4073 4074 4075 4075 4076 4073 4077 4078 4079 4079 4080 4077 4081 4082 4083 4083 4084 4081 4085 4086 4087 4087 4086 4088 4088 4086 4089 4089 4086 4090 
						4090 4086 4091 4091 4086 4092 4092 4086 4093 4093 4086 4085 4094 4095 4096 4096 4097 4094 4098 4099 4100 4100 4101 4098 4102 4103 4104 4104 4105 4102 4106 4107 4108 4108 4109 4106 4110 4111 4112 4112 4113 4110 4114 4115 4116 4116 4117 4114 4118 4119 4120 4120 4121 4118 4122 4123 4124 4124 4125 4122 4126 4127 4128 4128 4127 4129 4129 4127 4130 4130 4127 4131 4131 4127 4132 4132 4127 4133 4133 4127 4134 4134 4127 4126 4135 4136 4137 4137 4138 4135 4139 4140 4141 4141 4142 4139 4143 4144 4145 4145 4146 4143 4147 4148 4149 4149 4150 4147 4151 4152 4153 4153 4154 4151 4155 4156 4157 4157 4158 4155 4159 4160 4161 4161 4162 4159 4163 4164 4165 4165 4166 4163 4167 4168 4169 4169 4168 4170 4170 4168 4171 4171 4168 4172 4172 4168 4173 4173 4168 4174 4174 4168 4175 4175 4168 4167 4176 4177 4178 4178 4179 4176 4180 4181 4182 4182 4183 4180 4184 4185 4186 4186 4187 4184 4188 4189 4190 4190 4191 4188 4192 4193 4194 4194 4195 4192 4196 4197 4198 4198 4199 4196 
						4200 4201 4202 4202 4203 4200 4204 4205 4206 4206 4207 4204 4208 4209 4210 4210 4209 4211 4211 4209 4212 4212 4209 4213 4213 4209 4214 4214 4209 4215 4215 4209 4216 4216 4209 4208 4217 4218 4219 4219 4220 4217 4221 4222 4223 4223 4224 4221 4225 4226 4227 4227 4228 4225 4229 4230 4231 4231 4232 4229 4233 4234 4235 4235 4236 4233 4237 4238 4239 4239 4240 4237 4241 4242 4243 4243 4244 4241 4245 4246 4247 4247 4248 4245 4249 4250 4251 4251 4250 4252 4252 4250 4253 4253 4250 4254 4254 4250 4255 4255 4250 4256 4256 4250 4257 4257 4250 4249 4258 4259 4260 4260 4261 4258 4261 4260 4262 4262 4263 4261 4264 4265 4266 4266 4267 4264 4263 4262 4265 4265 4264 4263 4268 4259 4258 4258 4269 4268 4266 4270 4271 4271 4267 4266 4272 4268 4269 4269 4273 4272 4270 4274 4275 4275 4271 4270 4276 4272 4273 4273 4277 4276 4274 4278 4279 4279 4275 4274 4280 4276 4277 4277 4281 4280 4278 4282 4283 4283 4279 4278 4284 4285 4280 4280 4281 4284 4283 4282 4286 4286 4287 4283 
						4288 4289 4285 4285 4284 4288 4287 4286 4289 4289 4288 4287 4290 4291 4292 4292 4293 4290 4294 4290 4293 4293 4295 4294 4296 4294 4295 4295 4297 4296 4298 4299 4300 4300 4301 4298 4302 4301 4300 4300 4303 4302 4304 4305 4306 4306 4307 4304 4308 4307 4306 4306 4309 4308 4310 4308 4309 4309 4311 4310 4312 4310 4311 4311 4313 4312 4314 4312 4313 4313 4315 4314 4316 4317 4318 4318 4319 4316 4320 4321 4322 4322 4323 4320 4324 4325 4326 4326 4327 4324 4328 4329 4330 4330 4331 4328 4329 4332 4333 4333 4330 4329 4334 4335 4336 4336 4337 4334 4332 4334 4337 4337 4333 4332 4338 4339 4328 4328 4331 4338 4336 4335 4340 4340 4341 4336 4342 4343 4339 4339 4338 4342 4341 4340 4344 4344 4345 4341 4346 4347 4343 4343 4342 4346 4345 4344 4348 4348 4349 4345 4350 4351 4347 4347 4346 4350 4349 4348 4352 4352 4353 4349 4354 4351 4350 4350 4355 4354 4352 4356 4357 4357 4353 4352 4358 4354 4355 4355 4359 4358 4356 4358 4359 4359 4357 4356 4360 4361 4292 4292 4291 4360 
						4298 4296 4297 4297 4299 4298 4362 4302 4303 4303 4363 4362 4362 4363 4364 4364 4365 4362 4314 4315 4366 4366 4367 4314 4367 4366 4361 4361 4360 4367 4368 4369 4370 4370 4371 4368 4372 4373 4374 4374 4375 4372 4375 4374 4376 4376 4377 4375 4377 4376 4378 4378 4379 4377 4379 4378 4317 4317 4316 4379 4380 4319 4318 4318 4381 4380 4380 4381 4382 4382 4383 4380 4383 4382 4384 4384 4385 4383 4320 4323 4326 4326 4325 4320 4324 4327 4386 4386 4387 4324 4387 4386 4388 4388 4389 4387 4389 4388 4390 4390 4391 4389 4391 4390 4369 4369 4368 4391 4392 4393 4394 4394 4395 4392 4393 4396 4397 4397 4394 4393 4396 4398 4399 4399 4397 4396 4398 4400 4401 4401 4399 4398 4400 4402 4403 4403 4401 4400 4402 4404 4405 4405 4403 4402 4406 4407 4408 4408 4409 4406 4407 4410 4411 4411 4408 4407 4410 4412 4413 4413 4411 4410 4412 4414 4415 4415 4413 4412 4414 4416 4417 4417 4415 4414 4416 4418 4419 4419 4417 4416 4418 4420 4421 4421 4419 4418 4420 4422 4423 4423 4421 4420 
						4422 4424 4425 4425 4423 4422 4424 4426 4427 4427 4425 4424 4426 4428 4429 4429 4427 4426 4428 4430 4431 4431 4429 4428 4430 4432 4433 4433 4431 4430 4432 4434 4435 4435 4433 4432 4434 4436 4437 4437 4435 4434 4436 4438 4439 4439 4437 4436 4438 4440 4441 4441 4439 4438 4440 4392 4395 4395 4441 4440 4442 4443 4444 4444 4445 4446 4446 4447 4448 4444 4446 4448 4442 4444 4448 4449 4442 4448 4395 4394 4450 4450 4451 4395 4394 4397 4452 4452 4450 4394 4397 4399 4453 4453 4452 4397 4399 4401 4454 4454 4453 4399 4401 4403 4455 4455 4454 4401 4403 4405 4456 4456 4455 4403 4409 4408 4457 4457 4458 4409 4408 4411 4459 4459 4457 4408 4411 4413 4460 4460 4459 4411 4413 4415 4461 4461 4460 4413 4415 4417 4462 4462 4461 4415 4417 4419 4463 4463 4462 4417 4419 4421 4464 4464 4463 4419 4421 4423 4465 4465 4464 4421 4423 4425 4466 4466 4465 4423 4425 4427 4467 4467 4466 4425 4427 4429 4468 4468 4467 4427 4429 4431 4469 4469 4468 4429 4431 4433 4470 4470 4469 4431 
						4433 4435 4471 4471 4470 4433 4435 4437 4472 4472 4471 4435 4437 4439 4473 4473 4472 4437 4439 4441 4474 4474 4473 4439 4441 4395 4451 4451 4474 4441 4451 4450 4475 4475 4476 4451 4450 4452 4477 4477 4475 4450 4452 4453 4478 4478 4477 4452 4453 4454 4479 4479 4478 4453 4454 4455 4480 4480 4479 4454 4455 4456 4481 4481 4480 4455 4458 4457 4482 4482 4483 4458 4457 4459 4484 4484 4482 4457 4459 4460 4485 4485 4484 4459 4460 4461 4486 4486 4485 4460 4461 4462 4487 4487 4486 4461 4462 4463 4488 4488 4487 4462 4463 4464 4489 4489 4488 4463 4464 4465 4490 4490 4489 4464 4465 4466 4491 4491 4490 4465 4466 4467 4492 4492 4491 4466 4467 4468 4493 4493 4492 4467 4468 4469 4494 4494 4493 4468 4469 4470 4495 4495 4494 4469 4470 4471 4496 4496 4495 4470 4471 4472 4497 4497 4496 4471 4472 4473 4498 4498 4497 4472 4473 4474 4499 4499 4498 4473 4474 4451 4476 4476 4499 4474 4393 4392 4500 4500 4501 4393 4392 4440 4502 4502 4500 4392 4440 4438 4503 4503 4502 4440 
						4438 4436 4504 4504 4503 4438 4436 4434 4505 4505 4504 4436 4434 4432 4506 4506 4505 4434 4432 4430 4507 4507 4506 4432 4430 4428 4508 4508 4507 4430 4428 4426 4509 4509 4508 4428 4426 4424 4510 4510 4509 4426 4424 4422 4511 4511 4510 4424 4422 4420 4512 4512 4511 4422 4420 4418 4513 4513 4512 4420 4418 4416 4514 4514 4513 4418 4416 4414 4515 4515 4514 4416 4414 4412 4516 4516 4515 4414 4412 4410 4517 4517 4516 4412 4410 4407 4518 4518 4517 4410 4407 4406 4519 4519 4518 4407 4404 4402 4520 4520 4521 4404 4402 4400 4522 4522 4520 4402 4400 4398 4523 4523 4522 4400 4398 4396 4524 4524 4523 4398 4396 4393 4501 4501 4524 4396 4501 4500 4525 4525 4526 4501 4500 4502 4527 4527 4525 4500 4502 4503 4528 4528 4527 4502 4503 4504 4529 4529 4528 4503 4504 4505 4530 4530 4529 4504 4505 4506 4531 4531 4530 4505 4506 4507 4532 4532 4531 4506 4507 4508 4533 4533 4532 4507 4508 4509 4534 4534 4533 4508 4509 4510 4535 4535 4534 4509 4510 4511 4536 4536 4535 4510 
						4511 4512 4537 4537 4536 4511 4512 4513 4538 4538 4537 4512 4513 4514 4539 4539 4538 4513 4514 4515 4540 4540 4539 4514 4515 4516 4541 4541 4540 4515 4516 4517 4542 4542 4541 4516 4517 4518 4543 4543 4542 4517 4518 4519 4544 4544 4543 4518 4521 4520 4545 4545 4546 4521 4520 4522 4547 4547 4545 4520 4522 4523 4548 4548 4547 4522 4523 4524 4549 4549 4548 4523 4524 4501 4526 4526 4549 4524 4526 4525 4550 4550 4551 4526 4525 4527 4552 4552 4550 4525 4527 4528 4553 4553 4552 4527 4528 4529 4554 4554 4553 4528 4529 4530 4555 4555 4554 4529 4530 4531 4556 4556 4555 4530 4531 4532 4557 4557 4556 4531 4532 4533 4558 4558 4557 4532 4533 4534 4559 4559 4558 4533 4534 4535 4560 4560 4559 4534 4535 4536 4561 4561 4560 4535 4536 4537 4562 4562 4561 4536 4537 4538 4563 4563 4562 4537 4538 4539 4564 4564 4563 4538 4539 4540 4565 4565 4564 4539 4540 4541 4566 4566 4565 4540 4541 4542 4567 4567 4566 4541 4542 4543 4568 4568 4567 4542 4543 4544 4569 4569 4568 4543 
						4546 4545 4570 4570 4571 4546 4545 4547 4572 4572 4570 4545 4547 4548 4573 4573 4572 4547 4548 4549 4574 4574 4573 4548 4549 4526 4551 4551 4574 4549 4551 4550 4575 4575 4576 4551 4550 4552 4577 4577 4575 4550 4552 4553 4578 4578 4577 4552 4553 4554 4579 4579 4578 4553 4554 4555 4580 4580 4579 4554 4555 4556 4581 4581 4580 4555 4556 4557 4582 4582 4581 4556 4557 4558 4583 4583 4582 4557 4558 4559 4584 4584 4583 4558 4559 4560 4585 4585 4584 4559 4560 4561 4586 4586 4585 4560 4561 4562 4587 4587 4586 4561 4562 4563 4588 4588 4587 4562 4563 4564 4589 4589 4588 4563 4564 4565 4590 4590 4589 4564 4565 4566 4591 4591 4590 4565 4566 4567 4592 4592 4591 4566 4567 4568 4593 4593 4592 4567 4568 4569 4594 4594 4593 4568 4571 4570 4595 4595 4596 4571 4570 4572 4597 4597 4595 4570 4572 4573 4598 4598 4597 4572 4573 4574 4599 4599 4598 4573 4574 4551 4576 4576 4599 4574 4576 4575 4600 4600 4601 4576 4575 4577 4602 4602 4600 4575 4577 4578 4603 4603 4602 4577 
						4578 4579 4604 4604 4603 4578 4579 4580 4605 4605 4604 4579 4580 4581 4606 4606 4605 4580 4581 4582 4607 4607 4606 4581 4582 4583 4608 4608 4607 4582 4583 4584 4609 4609 4608 4583 4584 4585 4610 4610 4609 4584 4585 4586 4611 4611 4610 4585 4586 4587 4612 4612 4611 4586 4587 4588 4613 4613 4612 4587 4588 4589 4614 4614 4613 4588 4589 4590 4615 4615 4614 4589 4590 4591 4616 4616 4615 4590 4591 4592 4617 4617 4616 4591 4592 4593 4618 4618 4617 4592 4593 4594 4619 4619 4618 4593 4596 4595 4620 4620 4621 4596 4595 4597 4622 4622 4620 4595 4597 4598 4623 4623 4622 4597 4598 4599 4624 4624 4623 4598 4599 4576 4601 4601 4624 4599 4601 4600 4625 4625 4626 4601 4600 4602 4627 4627 4625 4600 4602 4603 4628 4628 4627 4602 4603 4604 4629 4629 4628 4603 4604 4605 4630 4630 4629 4604 4605 4606 4631 4631 4630 4605 4606 4607 4632 4632 4631 4606 4607 4608 4633 4633 4632 4607 4608 4609 4634 4634 4633 4608 4609 4610 4635 4635 4634 4609 4610 4611 4636 4636 4635 4610 
						4611 4612 4637 4637 4636 4611 4612 4613 4638 4638 4637 4612 4613 4614 4639 4639 4638 4613 4614 4615 4640 4640 4639 4614 4615 4616 4641 4641 4640 4615 4616 4617 4642 4642 4641 4616 4617 4618 4643 4643 4642 4617 4618 4619 4644 4644 4643 4618 4621 4620 4645 4645 4646 4621 4620 4622 4647 4647 4645 4620 4622 4623 4648 4648 4647 4622 4623 4624 4649 4649 4648 4623 4624 4601 4626 4626 4649 4624 4650 4651 4652 4652 4653 4650 4651 4654 4655 4655 4652 4651 4654 4656 4657 4657 4655 4654 4656 4658 4659 4659 4657 4656 4658 4660 4661 4661 4659 4658 4660 4662 4663 4663 4661 4660 4662 4664 4665 4665 4663 4662 4664 4666 4667 4667 4665 4664 4666 4668 4669 4669 4667 4666 4668 4670 4671 4671 4669 4668 4670 4672 4673 4673 4671 4670 4672 4674 4675 4675 4673 4672 4674 4676 4677 4677 4675 4674 4676 4678 4679 4679 4677 4676 4678 4680 4681 4681 4679 4678 4680 4682 4683 4683 4681 4680 4682 4684 4685 4685 4683 4682 4684 4686 4687 4687 4685 4684 4686 4688 4689 4689 4687 4686 
						4690 4691 4692 4692 4693 4690 4691 4694 4695 4695 4692 4691 4694 4696 4697 4697 4695 4694 4696 4698 4699 4699 4697 4696 4698 4650 4653 4653 4699 4698 4476 4475 4700 4700 4701 4476 4475 4477 4702 4702 4700 4475 4477 4478 4703 4703 4702 4477 4478 4479 4704 4704 4703 4478 4479 4480 4705 4705 4704 4479 4480 4481 4706 4706 4705 4480 4483 4482 4707 4707 4708 4483 4482 4484 4709 4709 4707 4482 4484 4485 4710 4710 4709 4484 4485 4486 4711 4711 4710 4485 4486 4487 4712 4712 4711 4486 4487 4488 4713 4713 4712 4487 4488 4489 4714 4714 4713 4488 4489 4490 4715 4715 4714 4489 4490 4491 4716 4716 4715 4490 4491 4492 4717 4717 4716 4491 4492 4493 4718 4718 4717 4492 4493 4494 4719 4719 4718 4493 4494 4495 4720 4720 4719 4494 4495 4496 4721 4721 4720 4495 4496 4497 4722 4722 4721 4496 4497 4498 4723 4723 4722 4497 4498 4499 4724 4724 4723 4498 4499 4476 4701 4701 4724 4499 4701 4700 4725 4725 4726 4701 4700 4702 4727 4727 4725 4700 4702 4703 4728 4728 4727 4702 
						4703 4704 4729 4729 4728 4703 4704 4705 4730 4730 4729 4704 4705 4706 4731 4731 4730 4705 4708 4707 4732 4732 4733 4708 4707 4709 4734 4734 4732 4707 4709 4710 4735 4735 4734 4709 4710 4711 4736 4736 4735 4710 4711 4712 4737 4737 4736 4711 4712 4713 4738 4738 4737 4712 4713 4714 4739 4739 4738 4713 4714 4715 4740 4740 4739 4714 4715 4716 4741 4741 4740 4715 4716 4717 4742 4742 4741 4716 4717 4718 4743 4743 4742 4717 4718 4719 4744 4744 4743 4718 4719 4720 4745 4745 4744 4719 4720 4721 4746 4746 4745 4720 4721 4722 4747 4747 4746 4721 4722 4723 4748 4748 4747 4722 4723 4724 4749 4749 4748 4723 4724 4701 4726 4726 4749 4724 4726 4725 4750 4750 4751 4726 4725 4727 4752 4752 4750 4725 4727 4728 4753 4753 4752 4727 4728 4729 4754 4754 4753 4728 4729 4730 4755 4755 4754 4729 4730 4731 4756 4756 4755 4730 4733 4732 4757 4757 4758 4733 4732 4734 4759 4759 4757 4732 4734 4735 4760 4760 4759 4734 4735 4736 4761 4761 4760 4735 4736 4737 4762 4762 4761 4736 
						4737 4738 4763 4763 4762 4737 4738 4739 4764 4764 4763 4738 4739 4740 4765 4765 4764 4739 4740 4741 4766 4766 4765 4740 4741 4742 4767 4767 4766 4741 4742 4743 4768 4768 4767 4742 4743 4744 4769 4769 4768 4743 4744 4745 4770 4770 4769 4744 4745 4746 4771 4771 4770 4745 4746 4747 4772 4772 4771 4746 4747 4748 4773 4773 4772 4747 4748 4749 4774 4774 4773 4748 4749 4726 4751 4751 4774 4749 4751 4750 4775 4775 4776 4751 4750 4752 4777 4777 4775 4750 4752 4753 4778 4778 4777 4752 4753 4754 4779 4779 4778 4753 4754 4755 4780 4780 4779 4754 4755 4756 4781 4781 4780 4755 4758 4757 4782 4782 4783 4758 4757 4759 4784 4784 4782 4757 4759 4760 4785 4785 4784 4759 4760 4761 4786 4786 4785 4760 4761 4762 4787 4787 4786 4761 4762 4763 4788 4788 4787 4762 4763 4764 4789 4789 4788 4763 4764 4765 4790 4790 4789 4764 4765 4766 4791 4791 4790 4765 4766 4767 4792 4792 4791 4766 4767 4768 4793 4793 4792 4767 4768 4769 4794 4794 4793 4768 4769 4770 4795 4795 4794 4769 
						4770 4771 4796 4796 4795 4770 4771 4772 4797 4797 4796 4771 4772 4773 4798 4798 4797 4772 4773 4774 4799 4799 4798 4773 4774 4751 4776 4776 4799 4774 4800 4801 4802 4802 4803 4804 4804 4442 4449 4802 4804 4449 4800 4802 4449 4805 4800 4449 4806 4807 4808 4808 4809 4810 4810 4811 4449 4808 4810 4449 4806 4808 4449 4448 4806 4449 4811 4812 4813 4813 4814 4815 4815 4816 4805 4813 4815 4805 4811 4813 4805 4449 4811 4805 4817 4818 4819 4819 4820 4817 4821 4817 4820 4820 4822 4821 4823 4821 4822 4822 4824 4823 4825 4823 4824 4824 4826 4825 4827 4825 4826 4826 4828 4827 4829 4827 4828 4828 4830 4829 4776 4775 4831 4831 4832 4776 4775 4777 4833 4833 4831 4775 4777 4778 4834 4834 4833 4777 4778 4779 4835 4835 4834 4778 4779 4780 4836 4836 4835 4779 4780 4781 4837 4837 4836 4780 4783 4782 4838 4838 4839 4783 4782 4784 4840 4840 4838 4782 4784 4785 4841 4841 4840 4784 4785 4786 4842 4842 4841 4785 4786 4787 4843 4843 4842 4786 4787 4788 4819 4819 4843 4787 
						4788 4789 4820 4820 4819 4788 4789 4790 4822 4822 4820 4789 4790 4791 4824 4824 4822 4790 4791 4792 4826 4826 4824 4791 4792 4793 4828 4828 4826 4792 4793 4794 4830 4830 4828 4793 4794 4795 4844 4844 4830 4794 4795 4796 4845 4845 4844 4795 4796 4797 4846 4846 4845 4796 4797 4798 4847 4847 4846 4797 4798 4799 4848 4848 4847 4798 4799 4776 4832 4832 4848 4799 4849 4850 4839 4839 4838 4849 4851 4849 4838 4838 4840 4851 4852 4851 4840 4840 4841 4852 4853 4852 4841 4841 4842 4853 4854 4853 4842 4842 4843 4854 4818 4854 4843 4843 4819 4818 4855 4829 4830 4830 4844 4855 4856 4855 4844 4844 4845 4856 4857 4856 4845 4845 4846 4857 4858 4857 4846 4846 4847 4858 4859 4858 4847 4847 4848 4859 4860 4859 4848 4848 4832 4860 4861 4860 4832 4832 4831 4861 4862 4861 4831 4831 4833 4862 4863 4862 4833 4833 4834 4863 4864 4863 4834 4834 4835 4864 4865 4864 4835 4835 4836 4865 4866 4865 4836 4836 4837 4866 4867 4868 4869 4869 4870 4867 4871 4872 4868 4868 4867 4871 
						4873 4874 4872 4872 4871 4873 4875 4876 4874 4874 4873 4875 4877 4878 4876 4876 4875 4877 4879 4880 4878 4878 4877 4879 4881 4882 4880 4880 4879 4881 4883 4884 4882 4882 4881 4883 4885 4886 4884 4884 4883 4885 4887 4888 4886 4886 4885 4887 4889 4890 4888 4888 4887 4889 4891 4892 4890 4890 4889 4891 4893 4894 4892 4892 4891 4893 4895 4896 4894 4894 4893 4895 4897 4898 4896 4896 4895 4897 4899 4900 4898 4898 4897 4899 4901 4902 4900 4900 4899 4901 4903 4904 4902 4902 4901 4903 4905 4906 4904 4904 4903 4905 4907 4908 4906 4906 4905 4907 4909 4910 4908 4908 4907 4909 4911 4912 4910 4910 4909 4911 4913 4914 4912 4912 4911 4913 4870 4869 4914 4914 4913 4870 4915 4916 4917 4916 4918 4917 4918 4919 4917 4919 4920 4917 4920 4921 4917 4921 4922 4917 4922 4923 4917 4923 4924 4917 4924 4925 4917 4925 4926 4917 4926 4927 4917 4927 4928 4917 4928 4929 4917 4929 4930 4917 4930 4931 4917 4931 4932 4917 4932 4933 4917 4933 4934 4917 4934 4935 4917 4935 4936 4917 
						4936 4937 4917 4937 4938 4917 4938 4939 4917 4939 4915 4917 4940 4941 4942 4942 4943 4940 4941 4944 4945 4945 4942 4941 4944 4946 4947 4947 4945 4944 4946 4948 4949 4949 4947 4946 4948 4950 4951 4951 4949 4948 4950 4952 4953 4953 4951 4950 4952 4954 4955 4955 4953 4952 4954 4956 4957 4957 4955 4954 4956 4958 4959 4959 4957 4956 4958 4960 4961 4961 4959 4958 4960 4962 4963 4963 4961 4960 4962 4964 4965 4965 4963 4962 4964 4966 4967 4967 4965 4964 4966 4968 4969 4969 4967 4966 4968 4970 4971 4971 4969 4968 4970 4972 4973 4973 4971 4970 4972 4974 4975 4975 4973 4972 4974 4976 4977 4977 4975 4974 4976 4978 4979 4979 4977 4976 4978 4980 4981 4981 4979 4978 4980 4982 4983 4983 4981 4980 4982 4984 4985 4985 4983 4982 4984 4986 4987 4987 4985 4984 4986 4940 4943 4943 4987 4986 4988 4989 4990 4990 4991 4988 4992 4988 4991 4991 4993 4992 4994 4992 4993 4993 4995 4994 4996 4994 4995 4995 4997 4996 4998 4996 4997 4997 4999 4998 5000 4998 4999 4999 5001 5000 
						5002 5000 5001 5001 5003 5002 5004 5002 5003 5003 5005 5004 5006 5004 5005 5005 5007 5006 5008 5006 5007 5007 5009 5008 5010 5008 5009 5009 5011 5010 5012 5010 5011 5011 5013 5012 5014 5012 5013 5013 5015 5014 5016 5014 5015 5015 5017 5016 5018 5016 5017 5017 5019 5018 5020 5018 5019 5019 5021 5020 5022 5020 5021 5021 5023 5022 5024 5022 5023 5023 5025 5024 5026 5024 5025 5025 5027 5026 5028 5026 5027 5027 5029 5028 5030 5028 5029 5029 5031 5030 5032 5030 5031 5031 5033 5032 5034 5032 5033 5033 5035 5034 4989 5034 5035 5035 4990 4989 5036 5037 5038 5038 5039 5036 5040 5036 5039 5039 5041 5040 5042 5040 5041 5041 5043 5042 5044 5042 5043 5043 5045 5044 5046 5044 5045 5045 5047 5046 5048 5046 5047 5047 5049 5048 5050 5048 5049 5049 5051 5050 5052 5050 5051 5051 5053 5052 5054 5052 5053 5053 5055 5054 5056 5054 5055 5055 5057 5056 5058 5056 5057 5057 5059 5058 5060 5058 5059 5059 5061 5060 5062 5060 5061 5061 5063 5062 5064 5062 5063 5063 5065 5064 
						5066 5064 5065 5065 5067 5066 5068 5066 5067 5067 5069 5068 5070 5068 5069 5069 5071 5070 5072 5070 5071 5071 5073 5072 5074 5072 5073 5073 5075 5074 5076 5074 5075 5075 5077 5076 5078 5076 5077 5077 5079 5078 5080 5078 5079 5079 5081 5080 5082 5080 5081 5081 5083 5082 5037 5082 5083 5083 5038 5037 5084 5085 5086 5086 5087 5084 5085 5088 5089 5089 5086 5085 5088 5090 5091 5091 5089 5088 5090 5092 5093 5093 5091 5090 5092 5094 5095 5095 5093 5092 5094 5096 5097 5097 5095 5094 5096 5098 5099 5099 5097 5096 5098 5100 5101 5101 5099 5098 5100 5102 5103 5103 5101 5100 5102 5104 5105 5105 5103 5102 5104 5106 5107 5107 5105 5104 5106 5084 5087 5087 5107 5106 5108 5109 5110 5111 5112 5109 5113 5114 5109 5109 5115 5116 5109 5116 5110 5108 5111 5109 5117 5113 5109 5112 5117 5109 5118 5119 5109 5114 5118 5109 5109 5119 5120 5109 5120 5115 5121 5122 5123 5123 5124 5121 5122 5125 5126 5126 5123 5122 5125 5127 5128 5128 5126 5125 5127 5129 5130 5130 5128 5127 
						5129 5131 5132 5132 5130 5129 5131 5133 5134 5134 5132 5131 5133 5135 5136 5136 5134 5133 5135 5137 5138 5138 5136 5135 5137 5139 5140 5140 5138 5137 5139 5141 5142 5142 5140 5139 5141 5143 5144 5144 5142 5141 5143 5121 5124 5124 5144 5143 5145 5146 5147 5147 5148 5145 5146 5149 5150 5150 5147 5146 5149 5151 5152 5152 5150 5149 5151 5153 5154 5154 5152 5151 5153 5155 5156 5156 5154 5153 5155 5157 5158 5158 5156 5155 5157 5159 5160 5160 5158 5157 5159 5161 5162 5162 5160 5159 5161 5163 5164 5164 5162 5161 5163 5165 5166 5166 5164 5163 5165 5167 5168 5168 5166 5165 5167 5145 5148 5148 5168 5167 5169 5170 5112 5112 5111 5169 5170 5171 5117 5117 5112 5170 5171 5172 5113 5113 5117 5171 5172 5173 5114 5114 5113 5172 5173 5174 5118 5118 5114 5173 5174 5175 5119 5119 5118 5174 5175 5176 5120 5120 5119 5175 5176 5177 5115 5115 5120 5176 5177 5178 5116 5116 5115 5177 5178 5179 5110 5110 5116 5178 5179 5180 5108 5108 5110 5179 5180 5169 5111 5111 5108 5180 
						5181 5182 5183 5183 5184 5181 5182 5185 5186 5186 5183 5182 5185 5187 5188 5188 5186 5185 5187 5189 5190 5190 5188 5187 5189 5191 5192 5192 5190 5189 5191 5193 5194 5194 5192 5191 5193 5195 5196 5196 5194 5193 5195 5197 5198 5198 5196 5195 5197 5199 5200 5200 5198 5197 5199 5201 5202 5202 5200 5199 5201 5203 5204 5204 5202 5201 5205 5181 5184 5184 5206 5205 5207 5208 5209 5210 5207 5209 5211 5210 5209 5212 5211 5209 5213 5212 5209 5214 5213 5209 5215 5214 5209 5216 5215 5209 5217 5216 5209 5218 5217 5209 5219 5218 5209 5208 5219 5209 5220 5221 5222 5222 5223 5220 5221 5224 5225 5225 5222 5221 5226 5227 5228 5228 5229 5226 5230 5231 5232 5232 5233 5230 5234 5235 5236 5236 5237 5234 5235 5238 5239 5239 5236 5235 5240 5241 5242 5242 5243 5240 5244 5245 5246 5246 5247 5244 5248 5249 5250 5251 5248 5250 5252 5251 5250 5253 5252 5250 5254 5253 5250 5255 5254 5250 5256 5255 5250 5249 5256 5250 5257 5258 5259 5259 5260 5257 5258 5261 5262 5262 5259 5258 
						5261 5263 5264 5261 5264 5265 5261 5265 5262 5263 5266 5267 5263 5267 5268 5263 5268 5264 5266 5269 5270 5270 5267 5266 5269 5271 5272 5272 5270 5269 5271 5273 5274 5271 5274 5275 5271 5275 5272 5273 5257 5260 5273 5260 5276 5273 5276 5274 5277 5278 5279 5279 5280 5277 5281 5282 5278 5278 5277 5281 5283 5284 5282 5282 5281 5283 5285 5286 5284 5284 5283 5285 5287 5288 5286 5286 5285 5287 5289 5290 5288 5288 5287 5289 5291 5292 5290 5290 5289 5291 5293 5294 5292 5292 5291 5293 5295 5296 5294 5294 5293 5295 5297 5298 5296 5296 5295 5297 5299 5300 5298 5298 5297 5299 5280 5279 5300 5300 5299 5280 5301 5302 5303 5303 5304 5301 5302 5305 5306 5306 5303 5302 5305 5307 5308 5308 5306 5305 5307 5309 5310 5310 5308 5307 5309 5311 5312 5312 5310 5309 5311 5313 5314 5314 5312 5311 5313 5315 5316 5316 5314 5313 5315 5317 5318 5318 5316 5315 5317 5319 5320 5320 5318 5317 5319 5321 5322 5322 5320 5319 5321 5323 5324 5324 5322 5321 5323 5301 5304 5304 5324 5323 
						5325 5326 5327 5327 5328 5325 5329 5328 5327 5327 5330 5329 5331 5332 5333 5333 5334 5331 5329 5330 5332 5332 5331 5329 5335 5326 5325 5325 5336 5335 5334 5333 5337 5337 5338 5334 5339 5335 5336 5336 5340 5339 5338 5337 5341 5341 5342 5338 5339 5340 5343 5343 5344 5339 5341 5345 5346 5346 5342 5341 5345 5347 5348 5348 5346 5345 5348 5347 5349 5349 5350 5348 5351 5352 5353 5353 5354 5351 5350 5349 5352 5352 5351 5350 5355 5356 5357 5357 5358 5355 5359 5360 5361 5361 5362 5359 5363 5364 5365 5365 5366 5363 5364 5367 5368 5368 5365 5364 5367 5369 5370 5370 5368 5367 5369 5371 5372 5372 5370 5369 5371 5373 5374 5374 5372 5371 5375 5376 5377 5377 5378 5375 5379 5380 5381 5381 5382 5379 5380 5383 5384 5384 5381 5380 5383 5385 5386 5386 5384 5383 5385 5387 5388 5388 5386 5385 5389 5390 5391 5391 5392 5389 5390 5393 5394 5394 5391 5390 5393 5395 5396 5396 5394 5393 5395 5397 5398 5398 5396 5395 5399 5400 5401 5401 5402 5399 5403 5404 5405 5405 5406 5403 
						5404 5407 5408 5408 5405 5404 5407 5409 5410 5410 5408 5407 5409 5411 5412 5412 5410 5409 5411 5413 5414 5414 5412 5411 5413 5415 5416 5416 5414 5413 5415 5417 5418 5418 5416 5415 5417 5419 5420 5420 5418 5417 5419 5421 5422 5422 5420 5419 5421 5423 5424 5424 5422 5421 5363 5366 5424 5424 5423 5363 5425 5426 5427 5427 5428 5425 5429 5430 5431 5431 5432 5429 5433 5434 5432 5432 5431 5433 5434 5433 5435 5435 5436 5434 5436 5435 5437 5437 5438 5436 5439 5440 5438 5438 5437 5439 5439 5441 5442 5442 5440 5439 5442 5441 5443 5443 5444 5442 5444 5443 5445 5445 5446 5444 5447 5448 5446 5446 5445 5447 5448 5447 5449 5449 5450 5448 5451 5452 5453 5453 5454 5451 5455 5456 5457 5457 5458 5455 5458 5457 5459 5459 5460 5458 5460 5459 5461 5461 5462 5460 5462 5461 5450 5450 5449 5462 5463 5464 5388 5388 5387 5463 5465 5466 5464 5464 5463 5465 5467 5468 5466 5466 5465 5467 5469 5470 5468 5468 5467 5469 5469 5471 5472 5472 5470 5469 5471 5473 5474 5474 5472 5471 
						5475 5389 5392 5392 5476 5475 5473 5475 5476 5476 5474 5473 
					</p>
				</polylist>
			</mesh>
		</geometry>
	</library_geometries>
	<library_visual_scenes>
		<visual_scene id="RootNode" name="RootNode">
			<node id="Angle_Grinder" name="Angle_Grinder">
				<matrix>-0.000000 0.000000 1.067725 -20.820669 0.000000 1.067725 -0.000000 -0.014782 -1.067725 -0.000000 -0.000000 -9.040363 0.000000 0.000000 0.000000 1.000000</matrix>
				<instance_geometry url="#meshId0">
					<bind_material>
						<technique_common>
							<instance_material symbol="defaultMaterial" target="#DefaultMaterial" />
						</technique_common>
					</bind_material>
				</instance_geometry>
			</node>
		</visual_scene>
	</library_visual_scenes>
	<scene>
		<instance_visual_scene url="#RootNode" />
	</scene>
</COLLADA>
